mean_absolute_error,mean_square_error,mean_absolute_percentage_error,log_poisson_loss,r_square
0.567909836769104,0.39157068729400635,94.59758758544922,0.6324862837791443,-14523.8857421875
0.31388184428215027,0.131140798330307,77.90161895751953,0.198043555021286,-5239.0654296875
0.22604653239250183,0.08057098835706711,63.07607650756836,0.05780087038874626,-1677.2384033203125
0.19026808440685272,0.06832672655582428,57.12891387939453,0.01340779010206461,-617.9851684570312
0.17558008432388306,0.06478317081928253,54.80362319946289,-0.00019891337433364242,-358.9497375488281
0.16739332675933838,0.06143729016184807,53.18381881713867,-0.008724012412130833,-262.845458984375
0.15882201492786407,0.05873262509703636,53.69382095336914,-0.012018187902867794,-208.66607666015625
0.15281197428703308,0.05687761306762695,53.29372787475586,-0.013796092942357063,-169.7535858154297
0.15013383328914642,0.05576077476143837,53.255218505859375,-0.016505273059010506,-148.53408813476562
0.14864134788513184,0.05594941973686218,52.6195182800293,-0.02151891589164734,-139.2474822998047
0.1433262825012207,0.05380652844905853,51.722625732421875,-0.024951128289103508,-107.212646484375
0.1426561325788498,0.05358028784394264,52.03982162475586,-0.026105474680662155,-96.73011016845703
0.14092715084552765,0.05347823351621628,52.20779800415039,-0.03178609907627106,-82.39469146728516
0.13793215155601501,0.05240847170352936,51.09367370605469,-0.027128422632813454,-69.30725860595703
0.13575898110866547,0.05224759504199028,51.86680603027344,-0.028737084940075874,-64.6642074584961
0.13973569869995117,0.05356724560260773,52.5443115234375,-0.03637504205107689,-65.79053497314453
0.13468921184539795,0.051396068185567856,50.4610595703125,-0.033931996673345566,-51.31291580200195
0.1324162632226944,0.050876494497060776,51.14754104614258,-0.03687284514307976,-45.52632522583008
0.13469204306602478,0.0519162155687809,51.505096435546875,-0.038561828434467316,-42.25748825073242
0.13435707986354828,0.053453657776117325,51.57049560546875,-0.03900562971830368,-40.28863525390625
0.1329757273197174,0.05198618397116661,50.744773864746094,-0.030913814902305603,-37.06410217285156
0.13081784546375275,0.050636690109968185,50.732940673828125,-0.03752810135483742,-35.48128128051758
0.1303277164697647,0.05002917721867561,51.290550231933594,-0.04237892106175423,-33.1751823425293
0.12876980006694794,0.050067536532878876,50.0858268737793,-0.03809861093759537,-32.157569885253906
0.12836064398288727,0.04979903623461723,50.40236282348633,-0.040792450308799744,-27.68195343017578
0.1272846907377243,0.049488529562950134,49.40304946899414,-0.03536219894886017,-25.96964454650879
0.1270035058259964,0.049271441996097565,49.36329650878906,-0.04191029444336891,-24.836898803710938
0.12633922696113586,0.04964381828904152,49.66651916503906,-0.04282437264919281,-24.562673568725586
0.1263832151889801,0.04940836504101753,49.70669174194336,-0.043394025415182114,-21.891448974609375
0.12645885348320007,0.04884122684597969,49.01374435424805,-0.03955235332250595,-22.14716911315918
0.12598037719726562,0.04953085258603096,51.314964294433594,-0.04554913192987442,-21.690752029418945
0.12661920487880707,0.049288757145404816,48.073951721191406,-0.03841214254498482,-20.03365707397461
0.12364860624074936,0.047966234385967255,48.91926956176758,-0.04213835299015045,-18.44056510925293
0.12374196201562881,0.04759984463453293,49.542877197265625,-0.048116523772478104,-17.157739639282227
0.12224060297012329,0.04748658835887909,49.41925811767578,-0.04430786520242691,-17.625411987304688
0.12192993611097336,0.04730815067887306,48.98874282836914,-0.0445559099316597,-16.296388626098633
0.12191551923751831,0.04702187702059746,47.70958709716797,-0.04133608937263489,-15.802947998046875
0.12130884826183319,0.046302299946546555,49.201942443847656,-0.0448555089533329,-16.957841873168945
0.12092823535203934,0.046539295464754105,47.71342468261719,-0.044336047023534775,-14.690277099609375
0.1208612471818924,0.04695453867316246,48.1674690246582,-0.043304443359375,-15.021404266357422
0.1206284835934639,0.04648552089929581,49.6022834777832,-0.04690055176615715,-13.803478240966797
0.11977506428956985,0.04690151289105415,47.11759948730469,-0.04008975252509117,-13.461833953857422
0.12020666152238846,0.0459078848361969,48.46963882446289,-0.04891326278448105,-13.118751525878906
0.11839581280946732,0.04555780813097954,47.993324279785156,-0.04609162360429764,-13.055182456970215
0.11887259036302567,0.04475761577486992,46.82189178466797,-0.04523016884922981,-14.302642822265625
0.11936859041452408,0.04601842537522316,50.116050720214844,-0.05165509879589081,-11.83488941192627
0.11925826221704483,0.046274129301309586,47.89995574951172,-0.04149693623185158,-11.448028564453125
0.117750383913517,0.04444374144077301,47.739078521728516,-0.0482761450111866,-11.605826377868652
0.1164124608039856,0.04414188861846924,48.36479568481445,-0.04694197326898575,-12.81257152557373
0.11689900606870651,0.044026944786310196,47.48075485229492,-0.044102177023887634,-11.204365730285645
0.11568479984998703,0.043797317892313004,47.80414581298828,-0.04728301241993904,-10.585864067077637
0.11583647131919861,0.0438842847943306,48.0613899230957,-0.04440809041261673,-9.630085945129395
0.11494438350200653,0.042812030762434006,48.32614517211914,-0.051274292171001434,-10.13847827911377
0.11429301649332047,0.04317393898963928,47.776065826416016,-0.04579184576869011,-8.868348121643066
0.1124575063586235,0.04152098670601845,47.05225372314453,-0.04852096736431122,-9.803606033325195
0.11178628355264664,0.041569970548152924,46.75572204589844,-0.044966939836740494,-9.877351760864258
0.11348654329776764,0.04196340590715408,48.157901763916016,-0.05066974461078644,-9.18150520324707
0.11218272894620895,0.04178440570831299,46.8856315612793,-0.04756464436650276,-9.19677734375
0.11261755973100662,0.04189511388540268,46.96440887451172,-0.05053212121129036,-7.765171051025391
0.109995998442173,0.0406794473528862,46.16333770751953,-0.04790947213768959,-7.881753444671631
0.10866326093673706,0.03973584994673729,46.250282287597656,-0.048376526683568954,-7.668837070465088
0.11047011613845825,0.040891382843256,47.54479217529297,-0.04928271844983101,-8.569599151611328
0.1093563437461853,0.040287528187036514,46.28486251831055,-0.0470091737806797,-6.846334457397461
0.1093326210975647,0.03994552418589592,47.627098083496094,-0.05352761223912239,-6.373062610626221
0.1075453832745552,0.039189599454402924,47.53131103515625,-0.05184456333518028,-6.910696029663086
0.10680912435054779,0.038543425500392914,46.37190628051758,-0.05544838309288025,-6.239984035491943
0.10934001207351685,0.04107121378183365,48.22984313964844,-0.04531801864504814,-7.310741424560547
0.11143985390663147,0.04181347414851189,46.960445404052734,-0.049736469984054565,-6.422325611114502
0.10696378350257874,0.03879496827721596,45.46697235107422,-0.05112047493457794,-6.613302230834961
0.10561364889144897,0.03828437998890877,46.12208557128906,-0.05448482185602188,-6.119848251342773
0.10449572652578354,0.03686370328068733,45.08533477783203,-0.056921977549791336,-5.239353179931641
0.10284286737442017,0.03662165254354477,45.804481506347656,-0.04819988086819649,-5.763378143310547
0.10206416994333267,0.03553693741559982,44.54969024658203,-0.05560436099767685,-4.8980841636657715
0.10672523081302643,0.039413683116436005,48.432533264160156,-0.04622936621308327,-4.96243143081665
0.10660077631473541,0.03960508108139038,46.74525833129883,-0.04845953732728958,-5.37536096572876
0.10628438740968704,0.0391964390873909,46.85526657104492,-0.057333920150995255,-4.7769598960876465
0.10149074345827103,0.035237476229667664,44.764892578125,-0.05447328835725784,-4.856534481048584
0.10105184465646744,0.035430826246738434,45.74658966064453,-0.05170850455760956,-4.117069721221924
0.10057175159454346,0.035327453166246414,45.82085418701172,-0.05714787170290947,-4.103679180145264
0.09813585132360458,0.03357839956879616,45.155914306640625,-0.056396596133708954,-3.9493000507354736
0.09731034189462662,0.03355148807168007,43.64862823486328,-0.05577188357710838,-3.8441715240478516
0.09652155637741089,0.033101923763751984,44.89402389526367,-0.05105734243988991,-4.392147541046143
0.09958582371473312,0.034234993159770966,44.89335632324219,-0.05803496018052101,-3.909050703048706
0.09936174005270004,0.034534014761447906,45.39913558959961,-0.05804983153939247,-4.107234954833984
0.09836199879646301,0.03447069972753525,45.31399154663086,-0.054293449968099594,-3.4761850833892822
0.097525455057621,0.0333176925778389,44.04350662231445,-0.05836676061153412,-3.922170639038086
0.0946299135684967,0.03172159940004349,43.96528244018555,-0.054708704352378845,-3.4887077808380127
0.09542085975408554,0.032412588596343994,47.18512725830078,-0.05843263864517212,-3.5907514095306396
0.09484978765249252,0.03135310858488083,44.36151885986328,-0.057842936366796494,-3.7460508346557617
0.09436921775341034,0.0318593755364418,43.96122741699219,-0.05876169353723526,-3.1249911785125732
0.09389365464448929,0.03127340227365494,44.501216888427734,-0.05636756867170334,-3.2593469619750977
0.09285636991262436,0.030764058232307434,44.30034255981445,-0.062226712703704834,-2.994788885116577
0.09283147752285004,0.030540505424141884,43.402732849121094,-0.056234896183013916,-3.300612688064575
0.09211435168981552,0.030771883204579353,43.692989349365234,-0.055341918021440506,-2.868631362915039
0.09042593836784363,0.028815729543566704,43.40810012817383,-0.06195342168211937,-3.1364834308624268
0.08934755623340607,0.028377199545502663,42.04160690307617,-0.05691033974289894,-3.087738037109375
0.08878200501203537,0.027421623468399048,44.50341033935547,-0.06443431973457336,-2.6909866333007812
0.09042637050151825,0.028825215995311737,42.7979621887207,-0.059857919812202454,-2.6533665657043457
0.09163819998502731,0.030583899468183517,45.91353225708008,-0.06171397864818573,-2.987920045852661
0.08740781992673874,0.0267840176820755,43.44178771972656,-0.06404796987771988,-2.819136381149292
0.08755890280008316,0.027099614962935448,43.760581970214844,-0.06077027693390846,-2.968485116958618
0.08668015897274017,0.026564981788396835,42.303043365478516,-0.06015769764780998,-2.5356693267822266
0.08754242956638336,0.02707289345562458,44.61207580566406,-0.06728758662939072,-2.9837381839752197
0.0862036868929863,0.025893209502100945,42.85481643676758,-0.06314453482627869,-2.6215999126434326
0.08361443132162094,0.02408667653799057,41.49346923828125,-0.06292592734098434,-2.5327491760253906
0.08296436071395874,0.024079501628875732,42.0673828125,-0.06516289710998535,-2.699009895324707
0.0818684995174408,0.02342158369719982,41.37160873413086,-0.06652511656284332,-2.4800949096679688
0.08257079124450684,0.024022167548537254,41.74754333496094,-0.06599179655313492,-2.391270160675049
0.08541692793369293,0.026442699134349823,43.40224075317383,-0.061419274657964706,-2.5527122020721436
0.08680147677659988,0.026458147913217545,42.90118408203125,-0.06628870964050293,-3.1121976375579834
0.08524052798748016,0.02542722038924694,44.11759948730469,-0.06758832931518555,-2.968522071838379
0.08364298194646835,0.02507130615413189,42.95917892456055,-0.06609167903661728,-2.354792833328247
0.08090914785861969,0.022662006318569183,40.11805725097656,-0.06545836478471756,-2.2512879371643066
0.07854314893484116,0.021709304302930832,40.9963264465332,-0.06867606192827225,-2.4037117958068848
0.07865589112043381,0.021874304860830307,41.2311897277832,-0.06862571090459824,-2.8471593856811523
0.07825323939323425,0.021363407373428345,39.96292495727539,-0.06791561096906662,-2.7844364643096924
0.07701214402914047,0.0209983941167593,40.63105773925781,-0.06896936893463135,-2.4882426261901855
0.07845843583345413,0.02179708518087864,40.11336135864258,-0.06757772713899612,-2.3017871379852295
0.07722622156143188,0.021361611783504486,38.89320373535156,-0.06547479331493378,-2.6942403316497803
0.08019569516181946,0.023011131212115288,40.32317352294922,-0.0701313242316246,-3.642575979232788
0.08238185942173004,0.024266010150313377,41.81927490234375,-0.06831946969032288,-4.281872749328613
0.08303944766521454,0.024618033319711685,42.309391021728516,-0.06661457568407059,-4.401228427886963
0.07795947790145874,0.02150668203830719,38.956729888916016,-0.06335581094026566,-2.9441795349121094
0.07396534085273743,0.01895427145063877,39.800636291503906,-0.0726461261510849,-2.7301766872406006
0.07395068556070328,0.018840022385120392,37.518428802490234,-0.06691408902406693,-2.5924952030181885
0.072123222053051,0.018460284918546677,37.809391021728516,-0.0693909153342247,-2.8966190814971924
0.07313773781061172,0.01863907277584076,38.107723236083984,-0.07119444757699966,-3.8657729625701904
0.0723830983042717,0.01855149120092392,39.527347564697266,-0.07114746421575546,-3.251108169555664
0.07345782965421677,0.018792880699038506,37.28853225708008,-0.06936225295066833,-4.622349262237549
0.07211317121982574,0.018506204709410667,37.2729377746582,-0.06438852846622467,-5.349884033203125
0.07309606671333313,0.018818559125065804,37.62209701538086,-0.06949575245380402,-2.8530023097991943
0.07363209873437881,0.0193428173661232,38.06965637207031,-0.07203536480665207,-3.614931106567383
0.07531371712684631,0.020313860848546028,38.85972213745117,-0.06739186495542526,-4.22456169128418
0.07426272332668304,0.019317634403705597,38.04145431518555,-0.07383508235216141,-6.462670803070068
0.07039207220077515,0.017192192375659943,36.53042984008789,-0.0715588703751564,-3.219390869140625
0.06868316233158112,0.016663838177919388,36.63939666748047,-0.06996845453977585,-3.937952756881714
0.06945772469043732,0.01659180223941803,35.003623962402344,-0.0702088475227356,-5.306369304656982
0.06904982775449753,0.016724124550819397,35.60979461669922,-0.07019641250371933,-6.606588840484619
0.06941817700862885,0.01678188517689705,36.5697021484375,-0.0716221034526825,-5.169219493865967
0.06811494380235672,0.016008935868740082,35.66108703613281,-0.07072979211807251,-4.122265338897705
0.06785912811756134,0.016167111694812775,36.01295852661133,-0.07101380825042725,-3.326601266860962
0.06765803694725037,0.015833290293812752,36.813846588134766,-0.07399831712245941,-5.139808177947998
0.06662315875291824,0.01553891971707344,34.4029426574707,-0.06932340562343597,-3.782398223876953
0.06494133919477463,0.014975805766880512,34.43689727783203,-0.07142582535743713,-3.6473209857940674
0.06557387858629227,0.014868602156639099,33.549110412597656,-0.07165750861167908,-2.3258955478668213
0.06620210409164429,0.01558028906583786,34.60453796386719,-0.07311505824327469,-2.1271650791168213
0.06481147557497025,0.014866535551846027,33.872535705566406,-0.07172051817178726,-2.0631072521209717
0.06615123897790909,0.015316079370677471,34.5580940246582,-0.07102333009243011,-2.4469759464263916
0.06579750031232834,0.015035498887300491,33.83916091918945,-0.0716090202331543,-2.759575605392456
0.06547574698925018,0.015083338133990765,34.69430923461914,-0.07269179821014404,-2.542010545730591
0.06646042317152023,0.015420163981616497,34.23185729980469,-0.07074172794818878,-2.6955506801605225
0.07623375207185745,0.021912582218647003,39.68648910522461,-0.06775402277708054,-2.5738141536712646
0.0766543596982956,0.020745346322655678,37.72015380859375,-0.06776773184537888,-1.5716992616653442
0.06927825510501862,0.0169939324259758,37.192405700683594,-0.07276260107755661,-1.255064606666565
0.06876133382320404,0.0168796144425869,35.99687576293945,-0.0706571638584137,-1.323164701461792
0.06675758957862854,0.015588019974529743,34.3215446472168,-0.07172666490077972,-2.6007349491119385
0.06654995679855347,0.015358543023467064,35.05481719970703,-0.0727403312921524,-1.8727644681930542
0.06470894813537598,0.014970234595239162,34.433448791503906,-0.07091445475816727,-1.529831886291504
0.06450103223323822,0.0146033875644207,33.06056594848633,-0.0734822079539299,-1.7684354782104492
0.06351464986801147,0.01410148199647665,33.61018371582031,-0.07120224088430405,-1.8350664377212524
0.06277468055486679,0.013774201273918152,33.18995666503906,-0.07261030375957489,-2.155592679977417
0.06171874329447746,0.013484467752277851,32.330387115478516,-0.07157836109399796,-1.864857792854309
0.06281743943691254,0.013873878866434097,32.92959213256836,-0.07227388769388199,-2.2312681674957275
0.0617455430328846,0.013530000112950802,32.65245819091797,-0.07322827726602554,-1.8681001663208008
0.062195319682359695,0.013712403364479542,32.06218719482422,-0.07238194346427917,-1.9638868570327759
0.06192965433001518,0.013616577722132206,32.788055419921875,-0.07403570413589478,-1.7995566129684448
0.06219726428389549,0.013515286147594452,32.373287200927734,-0.07300329208374023,-1.7701305150985718
0.06176682189106941,0.013561172410845757,32.27800750732422,-0.07013904303312302,-2.296414613723755
0.06527584046125412,0.015469767153263092,33.231197357177734,-0.07328533381223679,-3.1218020915985107
0.06793248653411865,0.016571449115872383,35.49916458129883,-0.069705531001091,-2.5749311447143555
0.06604228913784027,0.015472141094505787,34.686683654785156,-0.0750206708908081,-1.6810007095336914
0.06488792598247528,0.014949172735214233,34.02155685424805,-0.07080606371164322,-1.4579967260360718
0.0652645081281662,0.015218370594084263,33.649288177490234,-0.07070433348417282,-1.7781434059143066
0.06463491171598434,0.014855236746370792,33.59619903564453,-0.07423290610313416,-1.5327200889587402
0.062057241797447205,0.01375944446772337,32.51734924316406,-0.07323306798934937,-1.317326545715332
0.061243243515491486,0.013293088413774967,32.76123046875,-0.07105769962072372,-1.5083808898925781
0.061359699815511703,0.013337151147425175,31.72602081298828,-0.07221119850873947,-1.45988130569458
0.06119744852185249,0.013395454734563828,32.708839416503906,-0.07636718451976776,-1.298292875289917
0.06137465313076973,0.013451601378619671,31.601354598999023,-0.07030876725912094,-1.5727144479751587
0.060124412178993225,0.01299482025206089,31.952016830444336,-0.07298433035612106,-1.715764045715332
0.06068526580929756,0.013165603391826153,31.607702255249023,-0.07494372874498367,-1.4951558113098145
0.060644496232271194,0.013077410869300365,31.374605178833008,-0.07043014466762543,-1.2794016599655151
0.05923166498541832,0.012537727132439613,31.771543502807617,-0.07452508807182312,-1.4059205055236816
0.05964677035808563,0.012685267254710197,30.99770164489746,-0.07370314747095108,-1.4654392004013062
0.059365205466747284,0.01258664857596159,31.24995994567871,-0.07261541485786438,-1.2075895071029663
0.058613650500774384,0.012155821546912193,30.425403594970703,-0.07267141342163086,-1.4126652479171753
0.05816010385751724,0.012223482131958008,30.957918167114258,-0.07398808002471924,-1.4132159948349
0.059904471039772034,0.012838360853493214,31.39203453063965,-0.0721624568104744,-1.040920376777649
0.059219907969236374,0.012588090263307095,30.473445892333984,-0.07410930097103119,-1.3043655157089233
0.06052850931882858,0.013162508606910706,32.52914047241211,-0.07336264103651047,-1.246207356452942
0.05917934700846672,0.012639734894037247,31.440574645996094,-0.07438627630472183,-1.0872656106948853
0.05829908326268196,0.012142797000706196,30.1386775970459,-0.07276877760887146,-1.0219589471817017
0.057833123952150345,0.012036288157105446,30.387495040893555,-0.07374607026576996,-1.033086895942688
0.05809757858514786,0.012177516706287861,30.86963653564453,-0.07483601570129395,-0.9912159442901611
0.05792935565114021,0.01201483141630888,30.313018798828125,-0.07230503112077713,-0.9388622641563416
0.05737689509987831,0.011748244054615498,29.704668045043945,-0.07334363460540771,-0.8677595257759094
0.05729684233665466,0.011860644444823265,30.479251861572266,-0.07437323778867722,-0.9348888993263245
0.05723098665475845,0.011636191979050636,29.992679595947266,-0.07260076701641083,-0.8250053524971008
0.05751794949173927,0.011895889416337013,30.201906204223633,-0.07538162916898727,-0.79681795835495
0.05766226351261139,0.01207643561065197,30.67823028564453,-0.07388429343700409,-0.728609561920166
0.05792622268199921,0.012002881616353989,30.691513061523438,-0.07324375957250595,-0.7503886818885803
0.057703159749507904,0.011960786767303944,29.853059768676758,-0.07505185157060623,-0.8170084357261658
0.05765915662050247,0.012031642720103264,30.008432388305664,-0.07218675315380096,-0.7554877400398254
0.056799907237291336,0.011705746874213219,30.170780181884766,-0.07468875497579575,-0.9678542017936707
0.056825749576091766,0.011747969314455986,30.454113006591797,-0.07446690648794174,-0.7348886132240295
0.057160601019859314,0.011842966079711914,30.665367126464844,-0.07441649585962296,-0.9262281060218811
0.05695181339979172,0.011669074185192585,30.11285400390625,-0.07265572994947433,-0.6501076221466064
0.05621881037950516,0.011447647586464882,28.897655487060547,-0.07463859021663666,-0.6157636642456055
0.05655507743358612,0.011508198454976082,29.775182723999023,-0.07430662959814072,-0.7882136702537537
0.0570203959941864,0.011812700890004635,30.363056182861328,-0.07401975244283676,-0.7088730335235596
0.056876130402088165,0.011897427961230278,30.922748565673828,-0.07596640288829803,-0.44858571887016296
0.05743557959794998,0.011985622346401215,29.810752868652344,-0.0743170902132988,-0.44920364022254944
0.05786047503352165,0.012148481793701649,30.61421012878418,-0.07362359017133713,-0.36334168910980225
0.05822932347655296,0.012455077841877937,30.98626708984375,-0.07335272431373596,-0.47173455357551575
0.0575420968234539,0.01187913492321968,30.320240020751953,-0.07335375249385834,-0.364006906747818
0.056883517652750015,0.011715628206729889,29.74284553527832,-0.07527481764554977,-0.4132908284664154
0.05616383999586105,0.011461896821856499,28.759977340698242,-0.07373322546482086,-0.4594443738460541
0.05650895833969116,0.011653779074549675,30.043781280517578,-0.07511039823293686,-0.3456980884075165
0.05723604932427406,0.011815045960247517,30.167633056640625,-0.07466812431812286,-0.4268093407154083
0.05660527944564819,0.011661871336400509,30.321901321411133,-0.07381067425012589,-0.4017488956451416
0.05632024630904198,0.011493896134197712,30.093767166137695,-0.07267067581415176,-0.4989810883998871
0.05570482090115547,0.011291681788861752,29.86815643310547,-0.0757981389760971,-0.5396420955657959
0.05454864352941513,0.010770056396722794,28.19575309753418,-0.07473797351121902,-0.44399842619895935
0.054642610251903534,0.010922468267381191,29.34808921813965,-0.07455570250749588,-0.3522785007953644
0.055627260357141495,0.011215190403163433,29.31521224975586,-0.07500477135181427,-0.46110376715660095
0.054549504071474075,0.011024168692529202,29.177215576171875,-0.07490531355142593,-0.5468730926513672
0.05476794019341469,0.010926266200840473,28.63309669494629,-0.07413119077682495,-0.4136456549167633
0.054265137761831284,0.010698321275413036,28.440189361572266,-0.07492467761039734,-0.5296769738197327
0.054538898169994354,0.010889384895563126,28.568193435668945,-0.07427582889795303,-0.45473095774650574
0.05486055091023445,0.011037732474505901,28.70329475402832,-0.07546825706958771,-0.41340377926826477
0.055509302765131,0.011302104219794273,29.492361068725586,-0.07480698823928833,-0.3380904197692871
0.0548122338950634,0.01097167655825615,28.955564498901367,-0.07433044910430908,-0.3752533495426178
0.05533210188150406,0.011046245694160461,28.23476219177246,-0.07652343809604645,-0.4004899263381958
0.054284945130348206,0.010693267919123173,28.822751998901367,-0.07397104054689407,-0.4077824652194977
0.05411256477236748,0.01069522462785244,28.343046188354492,-0.07512542605400085,-0.36090531945228577
0.053705185651779175,0.010451890528202057,28.37591552734375,-0.0745583102107048,-0.2948906719684601
0.05328640341758728,0.010382217355072498,27.99085807800293,-0.07485473155975342,-0.3569200336933136
0.05290928855538368,0.010287605226039886,27.5771427154541,-0.07580310106277466,-0.3174763321876526
0.05278431251645088,0.010181321762502193,27.015527725219727,-0.0749635323882103,-0.35863232612609863
0.052682336419820786,0.010159475728869438,27.46685791015625,-0.07511894404888153,-0.3057655990123749
0.05255136638879776,0.010175665840506554,27.96710968017578,-0.07626596093177795,-0.28453895449638367
0.052832890301942825,0.010251904837787151,27.95008659362793,-0.07403413206338882,-0.25947263836860657
0.053128376603126526,0.010254462249577045,27.887710571289062,-0.07626248151063919,-0.2438793182373047
0.05287066474556923,0.01032235473394394,27.400657653808594,-0.07618667185306549,-0.1942778378725052
0.05391542986035347,0.010685714893043041,28.402210235595703,-0.07377882301807404,-0.24558597803115845
0.05326792225241661,0.01042430754750967,27.317153930664062,-0.07557087391614914,-0.1958419531583786
0.05370255559682846,0.010627228766679764,27.967790603637695,-0.074116550385952,-0.21986669301986694
0.05351398140192032,0.010577970184385777,28.242807388305664,-0.07526103407144547,-0.170451357960701
0.053723134100437164,0.010401815176010132,27.92918586730957,-0.07551849633455276,-0.17427386343479156
0.05376288667321205,0.01068804133683443,27.934282302856445,-0.07462375611066818,-0.23512868583202362
0.05418027192354202,0.010746113024652004,29.08331871032715,-0.07657435536384583,-0.2951771318912506
0.05308752879500389,0.010379462502896786,27.33203887939453,-0.0744546428322792,-0.33922508358955383
0.05329018458724022,0.010412091389298439,28.36070442199707,-0.07529152184724808,-0.24805158376693726
0.05302128568291664,0.010451137088239193,27.755977630615234,-0.0754409208893776,-0.24124093353748322
0.05349219962954521,0.010656096041202545,28.45412254333496,-0.07521071285009384,-0.18252193927764893
0.05430145189166069,0.01088748686015606,28.585023880004883,-0.07432669401168823,-0.20643353462219238
0.05376803129911423,0.010641040280461311,28.373626708984375,-0.07721574604511261,-0.15477728843688965
0.05398345738649368,0.010782566852867603,28.2178897857666,-0.07285676896572113,-0.1994938999414444
0.05953507125377655,0.01357231568545103,32.51957702636719,-0.07609350234270096,-0.22589285671710968
0.06324928253889084,0.01598110795021057,33.85708236694336,-0.07201646268367767,-0.1320737600326538
0.06747506558895111,0.01776425540447235,33.60292434692383,-0.06934655457735062,-0.1666722297668457
0.06707760691642761,0.01675593852996826,35.03596496582031,-0.07172995060682297,-0.15473394095897675
0.060976509004831314,0.013493891805410385,32.23619842529297,-0.07398524135351181,-0.1568586826324463
0.05820150300860405,0.012375817634165287,31.4826602935791,-0.07575535029172897,-0.10014358907938004
0.05557747557759285,0.011455549858510494,29.705230712890625,-0.07385872304439545,-0.2660585641860962
0.05463569238781929,0.010898714885115623,29.468727111816406,-0.07718639075756073,-0.2678486406803131
0.053659837692976,0.010478855110704899,27.925519943237305,-0.07331188023090363,-0.3448798954486847
0.05270863324403763,0.01012270338833332,27.89470100402832,-0.07705261558294296,-0.5001943707466125
0.05259944498538971,0.010139952413737774,28.186737060546875,-0.07427581399679184,-0.3654603958129883
0.052663687616586685,0.010073109529912472,27.279375076293945,-0.07765275239944458,-0.37177252769470215
0.0514286607503891,0.009715402498841286,27.11935806274414,-0.07483677566051483,-0.4852503836154938
0.0512084923684597,0.009607799351215363,26.960983276367188,-0.0765710398554802,-0.4482708275318146
0.05119916796684265,0.009629582054913044,26.985416412353516,-0.0752035602927208,-0.31556272506713867
0.05155826732516289,0.009696298278868198,27.348796844482422,-0.07617247849702835,-0.3420596122741699
0.05101005733013153,0.009655959904193878,26.259119033813477,-0.07493463158607483,-0.29997363686561584
0.05089825391769409,0.00954529270529747,26.70208740234375,-0.07595039159059525,-0.25864851474761963
0.050724148750305176,0.009439218789339066,26.113313674926758,-0.07518552243709564,-0.19697360694408417
0.05051304027438164,0.00941966287791729,26.487136840820312,-0.07563015073537827,-0.2052590399980545
0.050545357167720795,0.00951777957379818,26.525474548339844,-0.0766219049692154,-0.13810348510742188
0.05072280764579773,0.00952974148094654,26.24843978881836,-0.0754271000623703,-0.14003169536590576
0.05071704089641571,0.009430832229554653,27.07691192626953,-0.07568986713886261,-0.1358361691236496
0.05046260356903076,0.009376001544296741,26.062292098999023,-0.07627714425325394,-0.08567285537719727
0.05067848041653633,0.009532392956316471,26.140583038330078,-0.07641220837831497,-0.04281153157353401
0.05090969055891037,0.009432910941541195,27.019826889038086,-0.07443235069513321,0.011928658001124859
0.05057235807180405,0.009413672611117363,26.412858963012695,-0.07731334120035172,-0.04327167943120003
0.05042041465640068,0.009411294013261795,26.173246383666992,-0.07397545129060745,-0.05893087387084961
0.05091802030801773,0.009576120413839817,26.53012466430664,-0.07740652561187744,-0.038733918219804764
0.05047312378883362,0.009353622794151306,25.6845645904541,-0.07538986951112747,-0.020379463210701942
0.05004727840423584,0.009299386292696,25.87955093383789,-0.07642436772584915,-0.018671592697501183
0.050291575491428375,0.009254254400730133,26.258691787719727,-0.07663366198539734,-0.0715765580534935
0.0501369908452034,0.009251346811652184,26.014270782470703,-0.07681810855865479,-0.08497387170791626
0.049990493804216385,0.009247943758964539,25.67999839782715,-0.07586659491062164,-0.08665581792593002
0.050537656992673874,0.00940651260316372,27.06242561340332,-0.07543573528528214,-0.13136591017246246
0.05070462077856064,0.009525077417492867,26.421777725219727,-0.0763302743434906,-0.190423384308815
0.05098476633429527,0.00960333738476038,25.902189254760742,-0.07506062090396881,-0.13221801817417145
0.05084392800927162,0.009638641960918903,27.494503021240234,-0.07694421708583832,-0.08453800529241562
0.05174725875258446,0.009810378775000572,26.816389083862305,-0.07447599619626999,-0.13048750162124634
0.05108371004462242,0.00956908892840147,26.899076461791992,-0.07575703412294388,-0.050620537251234055
0.050791602581739426,0.00943326111882925,26.58615493774414,-0.07646889239549637,-0.041562218219041824
0.05089600756764412,0.009548459202051163,26.909683227539062,-0.07509006559848785,0.019789716228842735
0.04969441518187523,0.009104795753955841,25.78260040283203,-0.07760877907276154,-0.06836380809545517
0.049147143959999084,0.008979870937764645,25.89609718322754,-0.07509410381317139,-0.02492060326039791
0.049156561493873596,0.009024865925312042,25.544893264770508,-0.07727101445198059,-0.04948610067367554
0.05112066492438316,0.009448491036891937,26.09742546081543,-0.07503250241279602,0.03751121088862419
0.05090617015957832,0.00963001698255539,26.876529693603516,-0.07749255746603012,0.037451207637786865
0.05037838965654373,0.009329178370535374,26.388071060180664,-0.07473454624414444,0.012791355140507221
0.05110230669379234,0.009634964168071747,26.24969482421875,-0.07613924145698547,-0.05509619042277336
0.05112109333276749,0.00964222103357315,26.688343048095703,-0.07619039714336395,-0.010948379524052143
0.05030789598822594,0.009389763697981834,25.886329650878906,-0.07497024536132812,-0.0794815644621849
0.05086629092693329,0.00952123012393713,26.646757125854492,-0.07644739001989365,-0.18372124433517456
0.049809105694293976,0.009226302616298199,26.46192169189453,-0.07778901606798172,-0.02271733619272709
0.050428565591573715,0.009396766312420368,26.509267807006836,-0.07529391348361969,0.03148607537150383
0.04996057227253914,0.009214160963892937,25.9057674407959,-0.07578583806753159,0.024951716884970665
0.04970051348209381,0.009056603536009789,26.130205154418945,-0.07605243474245071,0.0021331708412617445
0.04960969090461731,0.009023413993418217,25.886127471923828,-0.07600382715463638,0.019435405731201172
0.048933710902929306,0.008821397088468075,25.30031394958496,-0.07644672691822052,-0.06315869092941284
0.04847992956638336,0.008659164421260357,24.84883689880371,-0.07685117423534393,0.02882430888712406
0.04876919463276863,0.008704273961484432,25.170310974121094,-0.07685922831296921,-0.04941844940185547
0.04844022914767265,0.008691429160535336,25.273283004760742,-0.07601035386323929,0.006887694355100393
0.0484904907643795,0.008647057227790356,24.819292068481445,-0.07629849761724472,0.0528721809387207
0.049023788422346115,0.008662648499011993,25.067548751831055,-0.07663743197917938,-0.009021580219268799
0.048686765134334564,0.008832489140331745,25.382856369018555,-0.07535717636346817,0.0377950482070446
0.04924303665757179,0.008906819857656956,25.73945426940918,-0.0773884654045105,0.08984418958425522
0.04926479980349541,0.008923806250095367,26.3073787689209,-0.076905257999897,0.1161169782280922
0.05007578060030937,0.009391800500452518,25.891132354736328,-0.074398472905159,0.07600009441375732
0.053039681166410446,0.01033840049058199,28.448928833007812,-0.07731263339519501,0.07462897151708603
0.05334746465086937,0.01045752689242363,28.677370071411133,-0.07417266070842743,0.0964413657784462
0.05167573317885399,0.009749434888362885,26.849550247192383,-0.07530074566602707,-0.04394322633743286
0.050038836896419525,0.00925980880856514,26.77141571044922,-0.07610122114419937,-0.02872212789952755
0.04991105571389198,0.009201551787555218,25.86294174194336,-0.07565522193908691,0.07655242830514908
0.05010588467121124,0.009169718250632286,27.19840431213379,-0.07781923562288284,0.10399314016103745
0.049277327954769135,0.008904560469090939,25.744525909423828,-0.07532975822687149,0.109946109354496
0.0492999404668808,0.008789276704192162,25.35532569885254,-0.0768924355506897,0.0954483151435852
0.047947827726602554,0.0084577277302742,24.688119888305664,-0.07731892168521881,0.11317867040634155
0.04774099960923195,0.008329703472554684,24.661081314086914,-0.07672999799251556,0.1278030127286911
0.0474914126098156,0.008262181654572487,24.799955368041992,-0.07514702528715134,0.1014876589179039
0.04698045924305916,0.008131292648613453,24.229703903198242,-0.07783405482769012,0.10037478059530258
0.04669514670968056,0.00796479918062687,23.955821990966797,-0.07640159130096436,0.10329344123601913
0.047389790415763855,0.00820611696690321,24.68134307861328,-0.07766827940940857,0.07585874944925308
0.04697318375110626,0.008135947398841381,23.99207878112793,-0.07723058760166168,0.12286444753408432
0.04730026423931122,0.008257481269538403,23.893068313598633,-0.07607864588499069,0.12794864177703857
0.04785345867276192,0.008353427052497864,25.62894058227539,-0.07660998404026031,-0.01693195104598999
0.04719717055559158,0.00816617626696825,24.951812744140625,-0.07751619070768356,0.07862023264169693
0.04697009176015854,0.008075663819909096,24.660945892333984,-0.07658835500478745,0.092043437063694
0.04750126600265503,0.00826085265725851,24.764999389648438,-0.0785670280456543,-0.031637173146009445
0.04802744463086128,0.00846016500145197,24.458332061767578,-0.07516928762197495,0.02417045831680298
0.047047536820173264,0.008172835223376751,24.680265426635742,-0.07728712260723114,-0.012169897556304932
0.04733596742153168,0.008207222446799278,24.907268524169922,-0.07695826888084412,0.09146159887313843
0.047712840139865875,0.008328944444656372,24.569786071777344,-0.07620713114738464,0.09046760946512222
0.046972356736660004,0.008122129365801811,24.418790817260742,-0.07662061601877213,0.0736846923828125
0.046821389347314835,0.007993935607373714,23.69626808166504,-0.07681577652692795,0.05961191654205322
0.04658403992652893,0.007957875728607178,23.888092041015625,-0.07719038426876068,0.07147649675607681
0.0467773973941803,0.007998657412827015,24.31435775756836,-0.0769694522023201,0.1456296592950821
0.04683399200439453,0.008032058365643024,24.354711532592773,-0.07712125033140182,0.16470803320407867
0.04608836770057678,0.007766839116811752,23.783010482788086,-0.07808133959770203,0.12830708920955658
0.046953123062849045,0.008114163763821125,24.07884979248047,-0.07556741684675217,0.10431436449289322
0.04763781651854515,0.00829510297626257,24.347652435302734,-0.07759752869606018,0.12432482093572617
0.0468963086605072,0.008194603957235813,24.556541442871094,-0.07545053958892822,0.19757752120494843
0.04804636538028717,0.00847338605672121,25.318925857543945,-0.07867748290300369,0.1777917593717575
0.04831326752901077,0.00854532141238451,25.672992706298828,-0.07637082785367966,0.17991411685943604
0.04699619859457016,0.00814057793468237,24.154205322265625,-0.07553472369909286,0.22396932542324066
0.04620923474431038,0.007830801419913769,24.06700325012207,-0.0778130292892456,0.1876535266637802
0.04580418020486832,0.007727552205324173,23.24129295349121,-0.07683774083852768,0.19753845036029816
0.04536396265029907,0.007488918490707874,23.779077529907227,-0.07756099104881287,0.1910025030374527
0.045892179012298584,0.007755075581371784,23.18404769897461,-0.07798091322183609,0.16540656983852386
0.045673348009586334,0.007602545898407698,23.41517448425293,-0.0770377442240715,0.15415014326572418
0.04571527615189552,0.0075991470366716385,23.610145568847656,-0.07749708741903305,0.12664790451526642
0.0450393371284008,0.007464145310223103,23.3814754486084,-0.07621414214372635,0.18115045130252838
0.04537322372198105,0.007579215802252293,23.388330459594727,-0.07836617529392242,0.1853669285774231
0.04499901831150055,0.007446634583175182,23.395715713500977,-0.07689018547534943,0.12365897744894028
0.045555420219898224,0.007568629924207926,23.259187698364258,-0.07840008288621902,0.12955240905284882
0.048674654215574265,0.008787081576883793,25.45709228515625,-0.07531847059726715,0.15846990048885345
0.051103536039590836,0.009703369811177254,26.858081817626953,-0.0766792818903923,0.19353194534778595
0.054718825966119766,0.011034025810658932,29.851797103881836,-0.07625650614500046,0.17814989387989044
0.054979804903268814,0.011340339668095112,28.842090606689453,-0.07693812251091003,0.19944782555103302
0.05375451222062111,0.010636565275490284,28.14825439453125,-0.07256434112787247,0.218922421336174
0.05176963657140732,0.009970895014703274,28.07889747619629,-0.0766613706946373,0.23144745826721191
0.051481928676366806,0.009871277026832104,26.62862777709961,-0.07603737711906433,0.21634073555469513
0.05111881345510483,0.009852315299212933,27.043598175048828,-0.07525436580181122,0.19065992534160614
0.053169772028923035,0.010772760957479477,27.47307777404785,-0.0787501409649849,0.1538807898759842
0.06295367330312729,0.016211362555623055,34.13536071777344,-0.06910470873117447,-0.9019988179206848
0.06204637512564659,0.014279231429100037,31.958335876464844,-0.07258139550685883,-4.105386257171631
0.057086072862148285,0.012264123186469078,31.538677215576172,-0.07895949482917786,-3.4448928833007812
0.05395076051354408,0.010713230818510056,27.071868896484375,-0.07312071323394775,-5.35484504699707
0.051521025598049164,0.009729242883622646,27.384973526000977,-0.07624828070402145,-2.067030906677246
0.048372529447078705,0.008557155728340149,24.935546875,-0.07774970680475235,-0.8311467170715332
0.04649670049548149,0.007943112403154373,24.24114990234375,-0.07778942584991455,-0.5222013592720032
0.04588658735156059,0.007625696714967489,23.439651489257812,-0.07654689252376556,-0.6221486926078796
0.045021381229162216,0.007400242146104574,23.61939239501953,-0.0778970941901207,-0.4084406793117523
0.04468594491481781,0.007280418183654547,22.995269775390625,-0.07729634642601013,-0.46594783663749695
0.04443586617708206,0.007240900304168463,22.776824951171875,-0.07846695184707642,-0.3860163986682892
0.04441164433956146,0.00720532052218914,22.920076370239258,-0.07666780799627304,-0.24782252311706543
0.044720347970724106,0.007292965427041054,23.042695999145508,-0.07876788824796677,-0.20153509080410004
0.04459361359477043,0.007245533633977175,22.807218551635742,-0.07674027234315872,-0.13494886457920074
0.043876294046640396,0.00704430416226387,22.259817123413086,-0.07748986780643463,-0.10582991689443588
0.04399798437952995,0.0070474105887115,22.569765090942383,-0.07846258580684662,-0.16366182267665863
0.04356170445680618,0.006944389548152685,22.170839309692383,-0.07690363377332687,-0.11766984313726425
0.043216317892074585,0.006838738918304443,22.11788558959961,-0.07804650068283081,-0.12077704817056656
0.04339633136987686,0.006871841847896576,22.23644256591797,-0.07833167165517807,-0.10163602977991104
0.043243661522865295,0.006838685367256403,22.31361198425293,-0.07788152992725372,-0.11259651184082031
0.04310106113553047,0.006796043831855059,22.222763061523438,-0.0773790255188942,-0.05238862708210945
0.04286320507526398,0.0067583899945020676,21.821117401123047,-0.0787196233868599,-0.07513127475976944
0.04292270168662071,0.0067738802172243595,21.907024383544922,-0.07704216986894608,0.02650376223027706
0.04271921515464783,0.006710357964038849,22.037965774536133,-0.0782180204987526,0.0013245344161987305
0.0427500456571579,0.006743469275534153,21.72447395324707,-0.07807260006666183,-0.040261149406433105
0.04298224672675133,0.006718337070196867,21.530160903930664,-0.07841351628303528,0.053776223212480545
0.04264049977064133,0.006646678317338228,21.69506072998047,-0.07692807167768478,0.016679147258400917
0.04273160174489021,0.006664038170129061,21.961105346679688,-0.07795321196317673,0.05851976200938225
0.042321786284446716,0.006589639000594616,21.788955688476562,-0.07868274301290512,0.028208991512656212
0.04226301237940788,0.006560214329510927,21.390140533447266,-0.07800576090812683,0.06469742208719254
0.04235707223415375,0.006544123403728008,21.64690399169922,-0.07694082707166672,0.07115975767374039
0.042489320039749146,0.006624897010624409,21.31217384338379,-0.07875170558691025,0.06383862346410751
0.042172327637672424,0.0065550049766898155,21.58730697631836,-0.07809869945049286,0.07445142418146133
0.04208195209503174,0.00653096754103899,21.588308334350586,-0.07919985800981522,0.1161373034119606
0.04258505627512932,0.006622083950787783,21.301651000976562,-0.07722467184066772,0.07086829096078873
0.04242856800556183,0.006625229958444834,21.726669311523438,-0.07775096595287323,0.1278861165046692
0.042748257517814636,0.006670242641121149,22.187480926513672,-0.07830111682415009,0.0945039615035057
0.04260919615626335,0.0066908374428749084,22.33941078186035,-0.07806109637022018,0.11660196632146835
0.04235263541340828,0.006576804909855127,21.170757293701172,-0.07710065692663193,0.0742129310965538
0.04265071079134941,0.006709023378789425,22.003673553466797,-0.07932928949594498,0.06987545639276505
0.04275121912360191,0.006711979862302542,22.232900619506836,-0.0772559866309166,0.08918982744216919
0.04335053265094757,0.006922075524926186,22.765600204467773,-0.07681579142808914,0.11673983186483383
0.04333239421248436,0.006849187891930342,22.744611740112305,-0.07908625155687332,0.17154568433761597
0.04305962845683098,0.006829507183283567,22.12101936340332,-0.07813938707113266,0.15166650712490082
0.042909588664770126,0.006792708300054073,21.95676612854004,-0.07755202054977417,0.15812046825885773
0.04246872663497925,0.00664551230147481,21.799877166748047,-0.07796204090118408,0.18499596416950226
0.04218842089176178,0.006583560258150101,21.65665054321289,-0.0783737376332283,0.24454240500926971
0.04222423583269119,0.0065198722295463085,22.159191131591797,-0.07845760881900787,0.24985921382904053
0.042372893542051315,0.006549391429871321,21.814273834228516,-0.07728654891252518,0.198347806930542
0.042441364377737045,0.006648179609328508,22.101163864135742,-0.07857061177492142,0.2524937391281128
0.04253566637635231,0.0065870084799826145,21.805612564086914,-0.07834415137767792,0.19450874626636505
0.04191873222589493,0.006493749096989632,22.034263610839844,-0.0780450701713562,0.2634696364402771
0.041829947382211685,0.006419413257390261,20.886127471923828,-0.07762129604816437,0.2613085210323334
0.0415981188416481,0.006312651559710503,21.500137329101562,-0.07853864878416061,0.2383417934179306
0.04162681847810745,0.0063118054531514645,21.344377517700195,-0.07786665856838226,0.25837311148643494
0.04192971810698509,0.006440533325076103,21.30838966369629,-0.07849080115556717,0.23728103935718536
0.04252767935395241,0.006534413434565067,22.338529586791992,-0.07812701910734177,0.24962539970874786
0.04192020371556282,0.006448181811720133,21.949003219604492,-0.07785487920045853,0.20527417957782745
0.04210361838340759,0.006442922167479992,21.448427200317383,-0.07823622971773148,0.2509758472442627
0.04162667319178581,0.006334134843200445,21.703411102294922,-0.07824945449829102,0.26239702105522156
0.04145891219377518,0.0063261110335588455,21.50231170654297,-0.07789430022239685,0.2681540548801422
0.04197344183921814,0.00653940811753273,22.015283584594727,-0.07861940562725067,0.21617703139781952
0.04342325031757355,0.006900034379214048,22.70488929748535,-0.07865001261234283,0.28219857811927795
0.042745865881443024,0.006742329336702824,21.72825050354004,-0.0781613141298294,0.2556998133659363
0.042569782584905624,0.006665398366749287,22.017864227294922,-0.07705634832382202,0.30419138073921204
0.04245179891586304,0.006615626625716686,22.29277229309082,-0.07975690811872482,0.2863748371601105
0.04224800691008568,0.006498631089925766,21.836267471313477,-0.0774596557021141,0.2949512004852295
0.04171973094344139,0.006391572300344706,20.918264389038086,-0.07876293361186981,0.3097626268863678
0.04144248738884926,0.006326038856059313,21.87397575378418,-0.07694122195243835,0.2754882872104645
0.04134705290198326,0.006306687835603952,21.140165328979492,-0.07861758768558502,0.2662067711353302
0.04150116443634033,0.006360673811286688,21.37333106994629,-0.07916959375143051,0.287421852350235
0.04204193502664566,0.006441674195230007,21.47319984436035,-0.07780901342630386,0.31751498579978943
0.04190997779369354,0.006475516594946384,22.36305046081543,-0.07863857597112656,0.3146253824234009
0.042509064078330994,0.006764923222362995,22.403282165527344,-0.07726351171731949,0.3275371789932251
0.04291506111621857,0.006717354524880648,22.56723403930664,-0.07850833237171173,0.30649858713150024
0.0423414409160614,0.0065238457173109055,21.967668533325195,-0.07883209735155106,0.2937905490398407
0.04148340970277786,0.006282414775341749,21.72614860534668,-0.07846691459417343,0.3270081579685211
0.041029684245586395,0.00618682662025094,21.15011978149414,-0.07879017293453217,0.3314889669418335
0.04063427075743675,0.006012472324073315,20.552200317382812,-0.07785775512456894,0.3389180898666382
0.04011543095111847,0.00589471310377121,20.453960418701172,-0.07839358597993851,0.3403104543685913
0.040053874254226685,0.0058454773388803005,20.718093872070312,-0.07841171324253082,0.3310013711452484
0.03994381055235863,0.005831805989146233,20.35054588317871,-0.07865488529205322,0.31661319732666016
0.04023114591836929,0.005916259717196226,20.566377639770508,-0.07880473136901855,0.3236926794052124
0.039935242384672165,0.005832160357385874,20.400917053222656,-0.07895949482917786,0.3317403197288513
0.04035205394029617,0.0059409127570688725,21.616777420043945,-0.07846304029226303,0.3251085579395294
0.041033580899238586,0.006173199508339167,20.843303680419922,-0.07868252694606781,0.3308592140674591
0.04145617038011551,0.0062720938585698605,21.59341812133789,-0.07787935435771942,0.35100969672203064
0.0411546416580677,0.006209793966263533,21.295005798339844,-0.0785965770483017,0.348005086183548
0.04104633256793022,0.006102046929299831,21.507366180419922,-0.07879114896059036,0.35901156067848206
0.04119544476270676,0.006221778690814972,21.24077033996582,-0.07690297067165375,0.3665395677089691
0.041923850774765015,0.006364836823195219,22.17695426940918,-0.07918716222047806,0.3268287479877472
0.04149385914206505,0.0062929741106927395,21.053565979003906,-0.07828330993652344,0.3498169481754303
0.04110320657491684,0.0061125075444579124,21.565322875976562,-0.07856571674346924,0.365322470664978
0.04108767956495285,0.0061885942704975605,20.721555709838867,-0.07888031750917435,0.3621830940246582
0.04089135676622391,0.0061225020326673985,22.132610321044922,-0.07882320880889893,0.3583754599094391
0.04069577530026436,0.0059999399818480015,21.5921688079834,-0.07803088426589966,0.3732262849807739
0.0403764508664608,0.005972420331090689,21.112546920776367,-0.07887641340494156,0.3676387071609497
0.04043537750840187,0.00604475662112236,21.24953269958496,-0.07896345108747482,0.36637747287750244
0.04137593135237694,0.0062702069990336895,21.377973556518555,-0.07712253928184509,0.3694179058074951
0.041494663804769516,0.0063070389442145824,21.614044189453125,-0.07819894701242447,0.3661603033542633
0.0414271205663681,0.006301782093942165,22.269197463989258,-0.07981757819652557,0.34736430644989014
0.04124483838677406,0.006177848670631647,21.594587326049805,-0.07843846827745438,0.36510714888572693
0.041401028633117676,0.006221636198461056,21.925634384155273,-0.07776914536952972,0.3798796236515045
0.04011161997914314,0.005906964186578989,20.820270538330078,-0.078972727060318,0.3747003972530365
0.0397503562271595,0.00571411894634366,19.910024642944336,-0.07895725220441818,0.3722270429134369
0.03942093998193741,0.0056591881439089775,19.980010986328125,-0.07849641889333725,0.37274232506752014
0.03965556621551514,0.0056898812763392925,20.197355270385742,-0.0779668316245079,0.3716573417186737
0.03911609947681427,0.005587674677371979,20.881898880004883,-0.07973369210958481,0.3769069015979767
0.039030108600854874,0.005591015797108412,19.986730575561523,-0.0784696564078331,0.3827730119228363
0.03925439715385437,0.00559901911765337,20.2421817779541,-0.07878167927265167,0.37786373496055603
0.040020547807216644,0.005873781628906727,20.68271827697754,-0.0789124146103859,0.3769557774066925
0.042158156633377075,0.006585288792848587,21.444128036499023,-0.07785920798778534,0.373064249753952
0.041689950972795486,0.00632313871756196,21.77569007873535,-0.07883177697658539,0.38542017340660095
0.04106223210692406,0.00615677097812295,21.45416831970215,-0.07866998016834259,0.3732714354991913
0.04072913900017738,0.005964819807559252,21.541133880615234,-0.07852261513471603,0.36222100257873535
0.04033379256725311,0.005873748101294041,20.7816162109375,-0.07868240028619766,0.3800392150878906
0.04018648713827133,0.005920095834881067,21.457876205444336,-0.07782326638698578,0.36102011799812317
0.04082900285720825,0.006036543752998114,21.52226448059082,-0.07874831557273865,0.3621053695678711
0.040647123008966446,0.005952369421720505,21.169231414794922,-0.0798712745308876,0.35315045714378357
0.040593329817056656,0.006037852726876736,21.079980850219727,-0.07789557427167892,0.36911067366600037
0.04012240096926689,0.005906557664275169,21.075712203979492,-0.07892066240310669,0.372773140668869
0.03959505259990692,0.0056809051893651485,20.67289924621582,-0.07840500771999359,0.3870808780193329
0.0406615287065506,0.0060962350107729435,21.247379302978516,-0.07872630655765533,0.38495317101478577
0.0424666553735733,0.006505108438432217,22.377763748168945,-0.07899398356676102,0.35776248574256897
0.04172405228018761,0.006313581019639969,22.626422882080078,-0.07988809794187546,0.37785589694976807
0.04035242646932602,0.005895309150218964,20.87198829650879,-0.07831770926713943,0.4007118046283722
0.040303926914930344,0.005975767970085144,21.288114547729492,-0.07824717462062836,0.40404173731803894
0.039623335003852844,0.005680195055902004,20.23013687133789,-0.07994556427001953,0.40109822154045105
0.039174884557724,0.005519870202988386,20.22163200378418,-0.07750852406024933,0.4017746150493622
0.03899237886071205,0.005520685110241175,20.359346389770508,-0.08034410327672958,0.40765759348869324
0.03843902423977852,0.005386588629335165,19.610424041748047,-0.07894618809223175,0.4085109531879425
0.03845707327127457,0.005364507436752319,20.15939712524414,-0.07846421748399734,0.403221994638443
0.03820430859923363,0.005377106834203005,19.629253387451172,-0.07920826226472855,0.3974015414714813
0.038347505033016205,0.005391689483076334,19.833986282348633,-0.07899248600006104,0.40714231133461
0.03807133063673973,0.005302507430315018,19.970876693725586,-0.07892248034477234,0.40809229016304016
0.03817339986562729,0.005268462933599949,19.461645126342773,-0.07908838242292404,0.39523088932037354
0.03788725659251213,0.005234014708548784,19.12737464904785,-0.0785752683877945,0.4020240008831024
0.03808989375829697,0.005292593967169523,19.32672691345215,-0.07937894016504288,0.40255793929100037
0.03813481703400612,0.005271477159112692,19.968751907348633,-0.0790213793516159,0.38818809390068054
0.038214731961488724,0.005397439934313297,19.476484298706055,-0.07884668558835983,0.4036473035812378
0.03899391368031502,0.005564169026911259,20.269359588623047,-0.0796642005443573,0.4028308689594269
0.0385436937212944,0.0053910017013549805,20.422866821289062,-0.07876309007406235,0.39723560214042664
0.038399696350097656,0.005306472536176443,19.843318939208984,-0.07908761501312256,0.4022895097732544
0.038014329969882965,0.00530366413295269,19.79623031616211,-0.0796348825097084,0.4037095606327057
0.03769921883940697,0.005156551022082567,19.488279342651367,-0.07876230776309967,0.40811121463775635
0.03756212815642357,0.0051401956006884575,19.481800079345703,-0.0794551745057106,0.40547189116477966
0.03732331469655037,0.005070387851446867,18.811349868774414,-0.07944054156541824,0.4138730466365814
0.037158187478780746,0.004999067634344101,19.04487419128418,-0.07870329916477203,0.4173152446746826
0.03739198297262192,0.005036697257310152,18.914325714111328,-0.07937226444482803,0.4072825014591217
0.03723733127117157,0.0050070141442120075,19.332717895507812,-0.07984370738267899,0.41753873229026794
0.03715180978178978,0.004989533685147762,18.88462257385254,-0.0787506178021431,0.411489337682724
0.036766789853572845,0.004929863382130861,18.629343032836914,-0.079502172768116,0.40600112080574036
0.036771174520254135,0.004914345685392618,18.819393157958984,-0.07878725230693817,0.403438001871109
0.036578692495822906,0.004893985111266375,18.626502990722656,-0.07875742018222809,0.4136650562286377
0.03676183894276619,0.004916741047054529,18.81610870361328,-0.08000584691762924,0.41596031188964844
0.03744758293032646,0.005082693416625261,19.257144927978516,-0.07959547638893127,0.4160507917404175
0.038339413702487946,0.005347027909010649,19.278430938720703,-0.0789506584405899,0.40929940342903137
0.037242285907268524,0.005014297552406788,19.308809280395508,-0.07906421273946762,0.4116695821285248
0.036950863897800446,0.004910884890705347,18.888662338256836,-0.07895153760910034,0.4200468063354492
0.03675399720668793,0.0049150800332427025,19.05687141418457,-0.07952092587947845,0.4112175405025482
0.036667805165052414,0.004894454963505268,18.73470687866211,-0.07942437380552292,0.41147518157958984
0.03720390424132347,0.005019994918256998,18.790258407592773,-0.0789925754070282,0.4214996099472046
0.03707600757479668,0.00501323351636529,19.145540237426758,-0.07943696528673172,0.4151439666748047
0.03741416335105896,0.005115792620927095,18.9378719329834,-0.07904374599456787,0.41564467549324036
0.03811794891953468,0.005331847351044416,19.789011001586914,-0.08012419193983078,0.41531825065612793
0.03779326751828194,0.005265329964458942,19.597387313842773,-0.07812698185443878,0.42018377780914307
0.03942352533340454,0.005855693016201258,21.164709091186523,-0.07808565348386765,0.4178677797317505
0.04622655361890793,0.008294530212879181,24.969154357910156,-0.07756974548101425,0.3961329162120819
0.04677632823586464,0.008287694305181503,25.96986961364746,-0.07888934016227722,0.4076836407184601
0.04470982030034065,0.007340161129832268,24.088882446289062,-0.07868224382400513,0.4184376895427704
0.04201681911945343,0.006474256981164217,22.142513275146484,-0.07822751253843307,0.41452574729919434
0.041500821709632874,0.0062385061755776405,22.218610763549805,-0.07936970144510269,0.40920254588127136
0.04001457616686821,0.005887637846171856,21.149017333984375,-0.07842040807008743,0.4249899387359619
0.038707468658685684,0.005456167738884687,20.27954864501953,-0.08048642426729202,0.43605995178222656
0.03813978657126427,0.0051802764646708965,20.501113891601562,-0.07913138717412949,0.4236842095851898
0.03687091916799545,0.004946792032569647,18.53295135498047,-0.07895968854427338,0.42314377427101135
0.036173295229673386,0.004760297480970621,18.78231430053711,-0.07997793704271317,0.4268205463886261
0.035959627479314804,0.004663022700697184,18.12103271484375,-0.07973635941743851,0.42900022864341736
0.035698018968105316,0.004585277754813433,17.9739933013916,-0.07895909249782562,0.42828941345214844
0.0355038195848465,0.004568817093968391,18.05333709716797,-0.07993674278259277,0.42349231243133545
0.03547698259353638,0.004573678597807884,18.343896865844727,-0.07938671857118607,0.43192291259765625
0.0354134663939476,0.004538148175925016,17.941261291503906,-0.0794358104467392,0.4319378137588501
0.03524860739707947,0.004502065014094114,17.269676208496094,-0.07964587956666946,0.42465925216674805
0.03539334237575531,0.0045845708809792995,17.814767837524414,-0.0796833485364914,0.43655848503112793
0.03523976355791092,0.004497614689171314,18.05782699584961,-0.08006859570741653,0.4343678951263428
0.03478594869375229,0.00439063087105751,17.338027954101562,-0.07897964864969254,0.43379268050193787
0.034792523831129074,0.004384552128612995,17.319076538085938,-0.0793801099061966,0.4366746246814728
0.03470476344227791,0.004363826010376215,17.05416488647461,-0.07969128340482712,0.4382314383983612
0.0345807708799839,0.004366792272776365,17.344635009765625,-0.07991479337215424,0.4352606534957886
0.03477031737565994,0.004357992205768824,17.44907569885254,-0.0785764530301094,0.43437767028808594
0.034913528710603714,0.004431534092873335,17.181177139282227,-0.0800573080778122,0.43169665336608887
0.034812625497579575,0.004394008778035641,17.687496185302734,-0.08029331266880035,0.4383883476257324
0.034830011427402496,0.004370123613625765,17.372507095336914,-0.07912814617156982,0.4286922216415405
0.034635838121175766,0.004376349970698357,17.42037582397461,-0.07971327006816864,0.4358130991458893
0.03444933891296387,0.004320316016674042,17.22276496887207,-0.07958688586950302,0.4373580515384674
0.03461265191435814,0.004364706575870514,17.829689025878906,-0.0796247273683548,0.43140044808387756
0.03492167219519615,0.004416726063936949,17.720426559448242,-0.07978327572345734,0.44368815422058105
0.03505534678697586,0.004465020261704922,17.822355270385742,-0.08026507496833801,0.43276122212409973
0.03478635102510452,0.0044005392119288445,17.434656143188477,-0.0790255218744278,0.4402843415737152
0.03497675061225891,0.004405701532959938,17.512880325317383,-0.07930662482976913,0.43850913643836975
0.035432033240795135,0.004529275465756655,18.3576717376709,-0.0798204243183136,0.4408387243747711
0.03563300892710686,0.004619866609573364,18.1780948638916,-0.07963251322507858,0.4378415048122406
0.035397134721279144,0.004556083120405674,18.114736557006836,-0.08035541325807571,0.4385852813720703
0.03484821692109108,0.0043917992152273655,17.648395538330078,-0.0793863832950592,0.4404771625995636
0.03475045785307884,0.004361052997410297,17.53557014465332,-0.0796760618686676,0.436551958322525
0.03459867835044861,0.0043433369137346745,17.496984481811523,-0.07990847527980804,0.4441969096660614
0.034979574382305145,0.00436148839071393,17.742990493774414,-0.07959867268800735,0.4470735490322113
0.03491157293319702,0.004415634088218212,17.45416259765625,-0.07931897044181824,0.4418513774871826
0.03537539392709732,0.004557082895189524,18.556562423706055,-0.07970782369375229,0.4418046474456787
0.03549489006400108,0.004541884176433086,18.20247459411621,-0.07920695841312408,0.4375535249710083
0.03552092984318733,0.004559719003736973,18.653303146362305,-0.08082137256860733,0.44237908720970154
0.03631424158811569,0.004729042295366526,18.76312255859375,-0.07893434166908264,0.4367177486419678
0.03630644828081131,0.004783757496625185,18.52924919128418,-0.07895226031541824,0.4373416006565094
0.03585090860724449,0.004624613560736179,18.224750518798828,-0.08038342744112015,0.4492320716381073
0.035573359578847885,0.004593485500663519,18.23286247253418,-0.08021362125873566,0.4492162764072418
0.03710271418094635,0.005020964425057173,19.00302505493164,-0.0781908929347992,0.44078493118286133
0.03867822140455246,0.005535177420824766,20.285629272460938,-0.0800359770655632,0.437681645154953
0.03717801347374916,0.0050704749301075935,19.651933670043945,-0.08013194054365158,0.445586234331131
0.03609556704759598,0.004744844511151314,19.420734405517578,-0.07861825823783875,0.44485700130462646
0.0365905836224556,0.004854697268456221,18.973249435424805,-0.08046425133943558,0.4470343589782715
0.036988262087106705,0.005003136582672596,19.196104049682617,-0.0792076513171196,0.44467100501060486
0.03674120828509331,0.00492959376424551,19.650907516479492,-0.0802927166223526,0.4276287257671356
0.03747599571943283,0.0051613436080515385,18.961164474487305,-0.07885390520095825,0.413318395614624
0.036748673766851425,0.0048120105639100075,18.83940887451172,-0.07991209626197815,0.44380179047584534
0.03539416566491127,0.0045358119532465935,18.007047653198242,-0.07961194962263107,0.43458104133605957
0.034904468804597855,0.00439616059884429,17.524995803833008,-0.08024364709854126,0.41641223430633545
0.034518320113420486,0.004291448276489973,17.678728103637695,-0.07903695851564407,0.4402736723423004
0.03414732217788696,0.0042036413215100765,16.892398834228516,-0.08013396710157394,0.4387558698654175
0.03388623148202896,0.004146125167608261,16.907913208007812,-0.07979145646095276,0.4481622278690338
0.03370584547519684,0.004120198544114828,16.872888565063477,-0.07945135980844498,0.4489307105541229
0.033546362072229385,0.004044203087687492,16.90168571472168,-0.08039923012256622,0.4481334984302521
0.033103641122579575,0.003981974441558123,16.803770065307617,-0.07954609394073486,0.4434138238430023
0.03338732197880745,0.00401409761980176,16.676712036132812,-0.0796983614563942,0.44379687309265137
0.03357962891459465,0.0041197496466338634,16.55864143371582,-0.07949147373437881,0.4503979980945587
0.0336231105029583,0.004074525088071823,17.13325309753418,-0.08013059943914413,0.44914111495018005
0.03397522494196892,0.00413771066814661,17.459808349609375,-0.07982491701841354,0.4436827003955841
0.03406725823879242,0.004158996511250734,17.505779266357422,-0.08039913326501846,0.4476557672023773
0.0333060547709465,0.0040439944714307785,16.690832138061523,-0.0800328403711319,0.44969442486763
0.033633165061473846,0.004076619632542133,16.984596252441406,-0.07960142940282822,0.4450485408306122
0.0338137112557888,0.004107538610696793,17.2907772064209,-0.07991410046815872,0.4492689073085785
0.03314042463898659,0.0039742779918015,16.52245330810547,-0.08037647604942322,0.44399526715278625
0.0329698771238327,0.0039311922155320644,16.61557960510254,-0.07997604459524155,0.4487668573856354
0.03296505659818649,0.003950420767068863,16.807218551635742,-0.08029631525278091,0.44337964057922363
0.03345969691872597,0.004045641049742699,16.669601440429688,-0.0795724019408226,0.447486013174057
0.03340800851583481,0.0040558804757893085,16.90053367614746,-0.07927287369966507,0.44481971859931946
0.03353090211749077,0.004041539970785379,16.926651000976562,-0.08049812912940979,0.44180938601493835
0.034075286239385605,0.0041885897517204285,16.974132537841797,-0.07980167865753174,0.45145514607429504
0.034066230058670044,0.004171690903604031,17.410720825195312,-0.08034336566925049,0.4493556022644043
0.03364095836877823,0.004055355209857225,17.302732467651367,-0.07936930656433105,0.4570009708404541
0.03482157737016678,0.004338990431278944,17.984304428100586,-0.07952526956796646,0.4556351602077484
0.0344548374414444,0.004279557149857283,17.322725296020508,-0.07990504801273346,0.44366157054901123
0.03442894667387009,0.004289874341338873,17.344789505004883,-0.07950185984373093,0.44313254952430725
0.03429129347205162,0.004275833256542683,17.811443328857422,-0.08087147027254105,0.45445191860198975
0.03501328453421593,0.00447556609287858,17.792800903320312,-0.07858672738075256,0.4274843633174896
0.03583764657378197,0.004618597216904163,18.629568099975586,-0.08151568472385406,0.4311785399913788
0.03471660986542702,0.004309454001486301,18.237430572509766,-0.07892270386219025,0.4456539452075958
0.033975858241319656,0.004128048196434975,17.410051345825195,-0.07985955476760864,0.4419809579849243
0.033395301550626755,0.004024669528007507,16.98393440246582,-0.07976888120174408,0.44326910376548767
0.03357456624507904,0.004049569368362427,17.150754928588867,-0.08027824759483337,0.4512997567653656
0.033106736838817596,0.003963739611208439,16.434711456298828,-0.07957890629768372,0.4498051702976227
0.03323119506239891,0.003949031233787537,16.968416213989258,-0.08109086751937866,0.44910696148872375
0.032593995332717896,0.0038528807926923037,16.273439407348633,-0.07935434579849243,0.4570458233356476
0.03266327455639839,0.0038708029314875603,16.398548126220703,-0.08097340166568756,0.45166337490081787
0.032809123396873474,0.0038987980224192142,16.964832305908203,-0.07920752465724945,0.44955408573150635
0.03243057429790497,0.003786388784646988,15.851914405822754,-0.0797719731926918,0.4479729235172272
0.03297160193324089,0.003916488494724035,16.936447143554688,-0.08014559745788574,0.45572328567504883
0.03288368135690689,0.0038754672277718782,16.509231567382812,-0.08033764362335205,0.45151254534721375
0.0327279195189476,0.003855749499052763,16.814966201782227,-0.08008704334497452,0.4560115337371826
0.03265191242098808,0.003864515572786331,16.06821632385254,-0.08016861975193024,0.4520603120326996
0.03289622440934181,0.00385844218544662,16.847848892211914,-0.0796222910284996,0.45795026421546936
0.03255853429436684,0.0037846120540052652,16.136655807495117,-0.0799206793308258,0.45562902092933655
0.03207587078213692,0.00368683529086411,16.42884063720703,-0.08065532147884369,0.4541902244091034
0.03206661716103554,0.003662182716652751,15.880461692810059,-0.07972587645053864,0.44687891006469727
0.032127395272254944,0.003696073079481721,16.110973358154297,-0.08044535666704178,0.4449705183506012
0.03219771385192871,0.0037293736822903156,16.21379280090332,-0.0805688351392746,0.44479918479919434
0.032559726387262344,0.003789737820625305,16.528100967407227,-0.07975278049707413,0.45653486251831055
0.032620951533317566,0.0038996299263089895,16.489595413208008,-0.0801989957690239,0.44620195031166077
0.032778143882751465,0.0038682264275848866,16.509973526000977,-0.0807785838842392,0.45797815918922424
0.03263092786073685,0.003880414878949523,16.215673446655273,-0.07934200763702393,0.4413708746433258
0.03286675736308098,0.003846934763714671,16.605628967285156,-0.0792241171002388,0.4496059715747833
0.032630931586027145,0.0038057160563766956,16.98509407043457,-0.08030136674642563,0.4510152041912079
0.032290857285261154,0.0037572463043034077,16.202207565307617,-0.08090311288833618,0.4512676000595093
0.03189311921596527,0.0036348016001284122,16.100566864013672,-0.07991783320903778,0.45636358857154846
0.031361889094114304,0.003535112366080284,15.291418075561523,-0.08005319535732269,0.4555506706237793
0.03144090250134468,0.0035471131559461355,15.58240795135498,-0.080177441239357,0.4435981810092926
0.03171417862176895,0.0035784239880740643,16.002309799194336,-0.0802401527762413,0.4567733705043793
0.03204040974378586,0.0036882502026855946,16.117830276489258,-0.08095549046993256,0.4501384496688843
0.03215669468045235,0.003686656476929784,16.263256072998047,-0.0796848013997078,0.4284510612487793
0.03183942660689354,0.0036624539643526077,16.392410278320312,-0.07995276153087616,0.4482903480529785
0.03185439482331276,0.0036388190928846598,16.023956298828125,-0.0795597955584526,0.44936099648475647
0.031927645206451416,0.003646911820396781,15.810066223144531,-0.08089316636323929,0.45486700534820557
0.031877610832452774,0.0036434195935726166,16.25226593017578,-0.080558180809021,0.45701777935028076
0.03213898465037346,0.003737879917025566,16.42154312133789,-0.0801192969083786,0.45866915583610535
0.03332832083106041,0.004061342217028141,16.92824935913086,-0.07943922281265259,0.45226630568504333
0.033945947885513306,0.004095409996807575,17.21236801147461,-0.08077696710824966,0.4521581828594208
0.033763784915208817,0.004091600887477398,17.340904235839844,-0.0797615721821785,0.4440399706363678
0.033706165850162506,0.004062551073729992,17.46152687072754,-0.08026648312807083,0.4532860815525055
0.03336428105831146,0.00397274037823081,16.719812393188477,-0.07919333875179291,0.4442850649356842
0.032661426812410355,0.003832076443359256,16.74407958984375,-0.08073320984840393,0.450216144323349
0.03182503581047058,0.0036740528885275126,16.209829330444336,-0.08025291562080383,0.45703884959220886
0.031972289085388184,0.0036990356165915728,16.116804122924805,-0.08060731738805771,0.45847585797309875
0.03172893077135086,0.0035962171386927366,16.135557174682617,-0.0802275761961937,0.46469712257385254
0.03142980486154556,0.0035159392282366753,15.513032913208008,-0.08003415167331696,0.46194222569465637
0.03096238151192665,0.003438586601987481,15.28286361694336,-0.08047246932983398,0.456146240234375
0.0309103112667799,0.0034429975785315037,15.866381645202637,-0.08016019314527512,0.4555809199810028
0.03111785091459751,0.003474895376712084,15.33201789855957,-0.08098489791154861,0.45819786190986633
0.030930107459425926,0.0034182951785624027,15.729629516601562,-0.07989854365587234,0.4587348699569702
0.030722657218575478,0.0033794580958783627,15.343892097473145,-0.08059297502040863,0.4615873396396637
0.03102264739573002,0.0034629390574991703,15.504133224487305,-0.08034415543079376,0.45770928263664246
0.031343523412942886,0.003554875496774912,15.405394554138184,-0.08004870265722275,0.45963454246520996
0.031544916331768036,0.0036160177551209927,16.036550521850586,-0.08015023916959763,0.46089401841163635
0.03178951144218445,0.003647509729489684,16.45366859436035,-0.08014559745788574,0.45478323101997375
0.03227173537015915,0.0037117861211299896,16.448820114135742,-0.08000215142965317,0.4537595808506012
0.032268136739730835,0.00382982031442225,16.388427734375,-0.08013661205768585,0.44243597984313965
0.03273852542042732,0.003803074127063155,16.941762924194336,-0.08157727867364883,0.4536231756210327
0.03203952684998512,0.0036446722224354744,15.53813648223877,-0.08050662279129028,0.4565177857875824
0.03159896656870842,0.0035752425901591778,16.098155975341797,-0.07927604764699936,0.4302492141723633
0.031697697937488556,0.0035445084795355797,16.065162658691406,-0.08082632720470428,0.4377096891403198
0.030977793037891388,0.003450327552855015,15.276228904724121,-0.08016595989465714,0.450106143951416
0.03101033717393875,0.0033994875848293304,15.754183769226074,-0.0802961066365242,0.42196524143218994
0.031217919662594795,0.0034821745939552784,15.804984092712402,-0.08065827190876007,0.4564038813114166
0.031250618398189545,0.0034758662804961205,15.778194427490234,-0.08028008043766022,0.45809951424598694
0.030770547688007355,0.0033837100490927696,15.209071159362793,-0.08002451062202454,0.43375101685523987
0.030876612290740013,0.0034103221260011196,15.633880615234375,-0.08049396425485611,0.38697877526283264
0.03066084533929825,0.003367322962731123,15.265397071838379,-0.08007217943668365,0.4395808279514313
0.030403459444642067,0.003323639277368784,15.163015365600586,-0.08009910583496094,0.43172481656074524
0.030365709215402603,0.003270353190600872,15.172980308532715,-0.08077530562877655,0.44188985228538513
0.030397294089198112,0.003292675130069256,15.012771606445312,-0.07987812161445618,0.4389764368534088
0.030494581907987595,0.0033200315665453672,14.908455848693848,-0.0805341973900795,0.43718525767326355
0.0304609052836895,0.0033064389135688543,15.568160057067871,-0.08000628650188446,0.4063672125339508
0.03066878393292427,0.003334009787067771,15.079057693481445,-0.08104760944843292,0.43554654717445374
0.030576547607779503,0.003342326730489731,15.669862747192383,-0.08009909093379974,0.4580349922180176
0.030752401798963547,0.0034242866095155478,15.512276649475098,-0.08003528416156769,0.44365906715393066
0.030717913061380386,0.0033521836157888174,14.885013580322266,-0.0808791071176529,0.4463534355163574
0.03029574267566204,0.00325223826803267,15.145817756652832,-0.08123867958784103,0.4424547255039215
0.030778199434280396,0.003352321218699217,15.379981994628906,-0.07878676801919937,0.40504252910614014
0.03166936710476875,0.0035834340378642082,15.843265533447266,-0.08082938939332962,0.430609792470932
0.03152668848633766,0.003571006702259183,16.63874626159668,-0.08053503930568695,0.4321998357772827
0.03157464414834976,0.0035508873406797647,15.848478317260742,-0.08030256628990173,0.43781721591949463
0.03162973001599312,0.0035566329024732113,16.254804611206055,-0.08089634776115417,0.40270259976387024
0.0312061570584774,0.0034832756500691175,15.81873893737793,-0.08048853278160095,0.4259209632873535
0.03116043470799923,0.0034704634454101324,15.68486213684082,-0.08035657554864883,0.42323067784309387
0.03107171133160591,0.003429494798183441,16.0264835357666,-0.08017488569021225,0.431026428937912
0.030334962531924248,0.0033095667604357004,15.341273307800293,-0.08089391142129898,0.43579521775245667
0.030095739290118217,0.0032109275925904512,15.288835525512695,-0.07933033257722855,0.4445051848888397
0.029820512980222702,0.003190490184351802,14.876495361328125,-0.08097270131111145,0.4045753479003906
0.0293761994689703,0.0030870509799569845,14.43588638305664,-0.08022469282150269,0.4413022994995117
0.02934463880956173,0.0030559322331100702,14.310172080993652,-0.08039771765470505,0.4404391050338745
0.02916625514626503,0.003014208748936653,14.777881622314453,-0.08081497251987457,0.44704386591911316
0.029160121455788612,0.003021732671186328,14.397537231445312,-0.08083847165107727,0.4425264596939087
0.029245560988783836,0.003052235348150134,14.583666801452637,-0.08088106662034988,0.42649170756340027
0.029311414808034897,0.0030788183212280273,14.419538497924805,-0.0799969807267189,0.42685070633888245
0.02930796518921852,0.00307868211530149,14.900390625,-0.08039578050374985,0.4332909882068634
0.029775740578770638,0.0031428213696926832,15.1104736328125,-0.08054075390100479,0.4471433162689209
0.029447367414832115,0.003118369961157441,14.570439338684082,-0.08108288794755936,0.42058324813842773
0.029125558212399483,0.0030554516706615686,14.19228458404541,-0.08109985291957855,0.41219496726989746
0.029763318598270416,0.003145866794511676,15.286615371704102,-0.08021906018257141,0.4427131414413452
0.029751254245638847,0.0031873269472271204,14.933005332946777,-0.08106302469968796,0.3980913460254669
0.03012225404381752,0.0032209656201303005,15.101484298706055,-0.08032774925231934,0.4068325459957123
0.030263883993029594,0.003237314522266388,15.127859115600586,-0.08000817149877548,0.37850889563560486
0.030350899323821068,0.0032671710941940546,15.829262733459473,-0.08036284893751144,0.40722155570983887
0.030033797025680542,0.0031954501755535603,15.117155075073242,-0.08021610975265503,0.38188251852989197
0.02966054156422615,0.0030896468088030815,14.669200897216797,-0.08091030269861221,0.39734622836112976
0.029367294162511826,0.0030664545483887196,14.576861381530762,-0.08037590980529785,0.3496733009815216
0.029333945363759995,0.003036569571122527,14.419510841369629,-0.08097318559885025,0.442608505487442
0.030012773349881172,0.0032089294400066137,15.28650951385498,-0.08091476559638977,0.3993287980556488
0.029915761202573776,0.003189045237377286,15.061668395996094,-0.07987718284130096,0.35762763023376465
0.02996523305773735,0.003214191645383835,15.318041801452637,-0.08019410073757172,0.4042712152004242
0.029676618054509163,0.0031619127839803696,14.930891990661621,-0.08089388906955719,0.3955579698085785
0.029878616333007812,0.003149583702906966,14.850111961364746,-0.08009081333875656,0.4229726493358612
0.029255958274006844,0.0030357446521520615,14.828125,-0.08055369555950165,0.3660963475704193
0.02927456609904766,0.0030322286766022444,14.520050048828125,-0.08088815212249756,0.39097627997398376
0.029305029660463333,0.0030298444908112288,14.653419494628906,-0.07992838323116302,0.43385839462280273
0.028931863605976105,0.002974539762362838,14.481404304504395,-0.08114708960056305,0.40406718850135803
0.029285622760653496,0.003037939080968499,14.16733455657959,-0.08115147054195404,0.40449509024620056
0.029617395251989365,0.0031271218322217464,14.820402145385742,-0.0807277038693428,0.45043954253196716
0.02967744693160057,0.00310684135183692,14.748159408569336,-0.08019131422042847,0.41835901141166687
0.02881346270442009,0.002925050212070346,14.594749450683594,-0.08126504719257355,0.4167386591434479
0.028271658346056938,0.002840532222762704,14.107234001159668,-0.0804133340716362,0.3852889835834503
0.028048427775502205,0.0028164354152977467,14.033692359924316,-0.080754853785038,0.3584904372692108
0.02831428498029709,0.0028533730655908585,14.227100372314453,-0.0810173824429512,0.397210955619812
0.028486063703894615,0.0029094628989696503,14.172980308532715,-0.08081396669149399,0.4212292432785034
0.028697554022073746,0.0029000381473451853,14.009943008422852,-0.0803491547703743,0.46281659603118896
0.028728654608130455,0.0029304514173418283,14.572986602783203,-0.08043523877859116,0.4341731369495392
0.028587834909558296,0.0029033031314611435,14.498922348022461,-0.08025730401277542,0.4518771171569824
0.02912505529820919,0.0029907869175076485,14.480429649353027,-0.0810094103217125,0.40514180064201355
0.029339464381337166,0.0030469009652733803,14.433952331542969,-0.08020809292793274,0.43374618887901306
0.028669241815805435,0.0029495242051780224,14.290508270263672,-0.08173448592424393,0.43480658531188965
0.02894863672554493,0.002962060272693634,14.502941131591797,-0.0809302031993866,0.4241662323474884
0.02924754098057747,0.003035283647477627,14.70353889465332,-0.07989992946386337,0.3987677991390228
0.029136065393686295,0.002998734125867486,14.79656982421875,-0.08095768839120865,0.43662452697753906
0.029316676780581474,0.003086942248046398,15.076483726501465,-0.0807800367474556,0.39753058552742004
0.02974528633058071,0.0031444814521819353,15.362153053283691,-0.08050903677940369,0.4365871250629425
0.031305719166994095,0.0034717589151114225,16.380216598510742,-0.0795818567276001,0.44164857268333435
0.03153382986783981,0.0034975181333720684,16.28871726989746,-0.08087439835071564,0.4223698079586029
0.03086642175912857,0.003338559763506055,15.864115715026855,-0.08005817234516144,0.444608211517334
0.03022683598101139,0.0032109215389937162,15.667152404785156,-0.08104515075683594,0.43401286005973816
0.03003552556037903,0.0032008709385991096,15.008648872375488,-0.08061840385198593,0.4695984423160553
0.029119551181793213,0.0029973017517477274,14.519264221191406,-0.08128193765878677,0.4488232135772705
0.028605444356799126,0.00290406565181911,14.552729606628418,-0.08001460134983063,0.4694068431854248
0.02849840372800827,0.0028739147819578648,14.461501121520996,-0.08083157241344452,0.4236973822116852
0.028374575078487396,0.0028563784435391426,14.212787628173828,-0.08098459988832474,0.4239856004714966
0.02777700498700142,0.002753616776317358,13.783699989318848,-0.08072561025619507,0.4582047760486603
0.02774854749441147,0.0027379407547414303,13.999425888061523,-0.080799400806427,0.4461711645126343
0.0276936162263155,0.0027182349003851414,13.37993335723877,-0.08100178837776184,0.4475381076335907
0.027725717052817345,0.002691337140277028,13.602309226989746,-0.08030303567647934,0.4728471040725708
0.027286848053336143,0.002624688670039177,13.593225479125977,-0.08114568144083023,0.4644804894924164
0.027040157467126846,0.0025703837163746357,13.136285781860352,-0.08105788379907608,0.44282951951026917
0.026935258880257607,0.002568876603618264,13.409106254577637,-0.08097609877586365,0.4571817219257355
0.027079077437520027,0.0025812049861997366,13.120076179504395,-0.08077161759138107,0.45137712359428406
0.027322599664330482,0.0026337371673434973,13.38978099822998,-0.08145200461149216,0.4576721489429474
0.027434611693024635,0.0026545049622654915,13.585087776184082,-0.08006829768419266,0.4524590075016022
0.027703166007995605,0.0027054459787905216,13.634113311767578,-0.08071651309728622,0.4414418935775757
0.02826855704188347,0.002830526093021035,14.320369720458984,-0.08086631447076797,0.46478018164634705
0.027894485741853714,0.0027518076822161674,13.88929271697998,-0.08143749833106995,0.4304542541503906
0.027936620637774467,0.00276955240406096,14.148075103759766,-0.0798187106847763,0.46768203377723694
0.02819466032087803,0.0028320334386080503,14.276222229003906,-0.08135931938886642,0.46149107813835144
0.028214851394295692,0.0028110272251069546,13.680889129638672,-0.08150382339954376,0.4530944526195526
0.02849201299250126,0.0028758228290826082,14.156550407409668,-0.08047904074192047,0.4272140562534332
0.028953731060028076,0.003001387696713209,14.610708236694336,-0.08083438128232956,0.38335585594177246
0.029410315677523613,0.003020330797880888,14.754765510559082,-0.08199022710323334,0.447760671377182
0.02900988981127739,0.002971888519823551,14.618185043334961,-0.07982991635799408,0.4562957286834717
0.029351841658353806,0.0030482125002890825,14.912629127502441,-0.08068396151065826,0.42277684807777405
0.028978217393159866,0.0029723597690463066,14.325338363647461,-0.08046276122331619,0.4103430509567261
0.02895272709429264,0.002922139596194029,14.752631187438965,-0.08042116463184357,0.40420424938201904
0.028510041534900665,0.002841029316186905,14.484333992004395,-0.08079260587692261,0.45020532608032227
0.0280148908495903,0.0027415321674197912,13.74739933013916,-0.08111158013343811,0.42536166310310364
0.02730896882712841,0.002608867362141609,13.365328788757324,-0.08129103481769562,0.43301448225975037
0.02689889445900917,0.0025520934723317623,13.343485832214355,-0.08045289665460587,0.4300028383731842
0.026456162333488464,0.002469586208462715,12.858792304992676,-0.08153042942285538,0.4398289620876312
0.026711955666542053,0.0025074954610317945,12.884045600891113,-0.08082029223442078,0.4585968554019928
0.02683369442820549,0.0025318909902125597,13.385464668273926,-0.08078459650278091,0.46401846408843994
0.02735520713031292,0.0026145577430725098,13.345155715942383,-0.08068545162677765,0.4557642936706543
0.02790272794663906,0.0027111845556646585,14.008466720581055,-0.08136603981256485,0.44378533959388733
0.027655672281980515,0.002675793133676052,13.947094917297363,-0.08127017319202423,0.44498905539512634
0.027288302779197693,0.002635499695315957,13.487128257751465,-0.08040910214185715,0.4280525743961334
0.027299849316477776,0.002619924023747444,13.55627727508545,-0.08175516873598099,0.46132171154022217
0.027042945846915245,0.0025660833343863487,13.441651344299316,-0.08029633015394211,0.4647195339202881
0.027043815702199936,0.0025533088482916355,12.874123573303223,-0.08124598860740662,0.46164464950561523
0.026779888197779655,0.00252719153650105,13.541986465454102,-0.08053404092788696,0.4538768231868744
0.027422485873103142,0.0026285152416676283,13.448763847351074,-0.08118966221809387,0.4641377627849579
0.027075590565800667,0.002572324126958847,13.525870323181152,-0.08084667474031448,0.4667854607105255
0.027505148202180862,0.0026754613500088453,13.119787216186523,-0.08090324699878693,0.46187329292297363
0.02765493094921112,0.002702509518712759,13.950859069824219,-0.08083528280258179,0.45954301953315735
0.028245648369193077,0.002817714586853981,14.205452919006348,-0.08020059764385223,0.39288195967674255
0.028287246823310852,0.0028053869027644396,14.048965454101562,-0.08118673413991928,0.3647257089614868
0.028048940002918243,0.00277111423201859,14.073896408081055,-0.0808395966887474,0.450076699256897
0.027751849964261055,0.0027138027362525463,14.024798393249512,-0.08146756887435913,0.43259772658348083
0.027651473879814148,0.002673844574019313,13.872238159179688,-0.08072636276483536,0.41052865982055664
0.027399534359574318,0.0026148271281272173,13.573236465454102,-0.0806901827454567,0.4369138777256012
0.026622284203767776,0.0024946718476712704,12.980932235717773,-0.0814729779958725,0.4051395654678345
0.026398085057735443,0.002461574738845229,13.38615894317627,-0.08137847483158112,0.4483056962490082
0.02613784186542034,0.0024087335914373398,12.670188903808594,-0.08069749921560287,0.4677818715572357
0.025962887331843376,0.00237994734197855,12.532007217407227,-0.08078117668628693,0.45777514576911926
0.025843964889645576,0.0023487024009227753,12.384173393249512,-0.08204827457666397,0.4639633893966675
0.025710605084896088,0.002322383923456073,12.857730865478516,-0.08073065429925919,0.4408097565174103
0.02553975209593773,0.002297852886840701,12.327073097229004,-0.08093830943107605,0.4477957785129547
0.02548564411699772,0.002284299349412322,12.213089942932129,-0.08113718777894974,0.44797277450561523
0.02600155770778656,0.0023568083997815847,12.547218322753906,-0.08135897666215897,0.44747233390808105
0.025840602815151215,0.0023576649837195873,12.647502899169922,-0.08108187466859818,0.4282422959804535
0.025840068235993385,0.0023395090829581022,12.418086051940918,-0.08109096437692642,0.4524144232273102
0.02577044442296028,0.002339376136660576,12.879091262817383,-0.08105248212814331,0.439166396856308
0.02585679292678833,0.0023499224334955215,12.752957344055176,-0.0804903656244278,0.4677380621433258
0.02581760846078396,0.0023572007194161415,12.579373359680176,-0.0816250741481781,0.4222327768802643
0.026009555906057358,0.0023769631516188383,12.75319766998291,-0.08109983801841736,0.4657149016857147
0.02635056897997856,0.0023945739958435297,12.909214973449707,-0.08089536428451538,0.46531999111175537
0.02608107589185238,0.0023760544136166573,13.070535659790039,-0.08099006861448288,0.4392021894454956
0.02606961876153946,0.002367293229326606,12.837414741516113,-0.08140810579061508,0.4465418756008148
0.02586488425731659,0.002350347815081477,12.460217475891113,-0.08074679970741272,0.4443832337856293
0.02624184638261795,0.002412523841485381,13.25976848602295,-0.08128570765256882,0.39483770728111267
0.02726070210337639,0.0025988284032791853,13.887245178222656,-0.08142057806253433,0.36940979957580566
0.026984311640262604,0.0025031473487615585,13.337150573730469,-0.08062133938074112,0.45108523964881897
0.02666131779551506,0.0024774421472102404,13.647879600524902,-0.08131633698940277,0.4570906162261963
0.027218282222747803,0.002569302450865507,13.44688606262207,-0.08049067109823227,0.4573589563369751
0.027335716411471367,0.002587806899100542,13.777807235717773,-0.08199566602706909,0.43620696663856506
0.027680424973368645,0.002660254715010524,13.655884742736816,-0.08053497225046158,0.4134826362133026
0.027194209396839142,0.0025968246627599,13.573234558105469,-0.08039753884077072,0.43567466735839844
0.02663254551589489,0.002477795584127307,13.19594955444336,-0.08177327364683151,0.4242306649684906
0.02670898102223873,0.002471545012667775,13.189461708068848,-0.08098657429218292,0.44746413826942444
0.026356779038906097,0.0024199425242841244,13.089103698730469,-0.08104822784662247,0.4395449161529541
0.026230424642562866,0.0024014743976294994,13.258803367614746,-0.08135468512773514,0.4557729661464691
0.02591508999466896,0.0023333982098847628,12.776963233947754,-0.08085338026285172,0.39269912242889404
0.025716666132211685,0.0022993404418230057,12.476767539978027,-0.08103051781654358,0.45900213718414307
0.025460729375481606,0.002247893949970603,12.500175476074219,-0.08123020082712173,0.47076162695884705
0.0249798521399498,0.0021660977508872747,12.023124694824219,-0.08156424015760422,0.43841302394866943
0.024872949346899986,0.0021540853194892406,11.948369979858398,-0.08062566816806793,0.45253658294677734
0.02496417984366417,0.002173209795728326,11.917022705078125,-0.08137821406126022,0.47159600257873535
0.025198278948664665,0.0022189696319401264,12.447431564331055,-0.08189859241247177,0.4721932113170624
0.02538871578872204,0.002240945817902684,12.259844779968262,-0.08067287504673004,0.4358292520046234
0.025610895827412605,0.002288287505507469,12.692376136779785,-0.08137895166873932,0.44087454676628113
0.02662789262831211,0.0024748339783400297,13.318510055541992,-0.08148511499166489,0.47740545868873596
0.02724543958902359,0.002589821582660079,13.901243209838867,-0.08053947240114212,0.4545213282108307
0.028401220217347145,0.0028224047273397446,14.663945198059082,-0.07970623672008514,0.44983649253845215
0.02887050434947014,0.002920954255387187,14.337861061096191,-0.0822497010231018,0.4098171293735504
0.028237080201506615,0.0027920894790440798,14.4467191696167,-0.08152918517589569,0.4572383463382721
0.027401961386203766,0.0026311210822314024,13.64626693725586,-0.08081702888011932,0.43424472212791443
0.026285825297236443,0.002426083665341139,12.806979179382324,-0.08116281032562256,0.39980432391166687
0.025962065905332565,0.002342469524592161,12.94228744506836,-0.08112820982933044,0.43342673778533936
0.025794461369514465,0.0023044932167977095,12.518231391906738,-0.08110708743333817,0.43482935428619385
0.025740979239344597,0.002297266386449337,12.489277839660645,-0.08104405552148819,0.4457658529281616
0.02542530745267868,0.002247300697490573,12.574176788330078,-0.08101831376552582,0.4382564127445221
0.025166774168610573,0.00220474973320961,12.287517547607422,-0.08161981403827667,0.46046432852745056
0.02519175224006176,0.002202084055170417,11.975238800048828,-0.08116739243268967,0.4543874263763428
0.02498347871005535,0.002174803987145424,11.961825370788574,-0.08119051903486252,0.4642918109893799
0.024944277480244637,0.0021667045075446367,12.442834854125977,-0.0812588632106781,0.4266313314437866
0.024823522195219994,0.002147308550775051,11.943456649780273,-0.08121030777692795,0.4348057508468628
0.02439139224588871,0.0020761778578162193,11.423625946044922,-0.08171068131923676,0.42844000458717346
0.024285487830638885,0.002054427983239293,11.327080726623535,-0.08069359511137009,0.4661591947078705
0.024505583569407463,0.002081759739667177,11.663427352905273,-0.08136808127164841,0.4652693271636963
0.024609286338090897,0.0021083271130919456,11.75403118133545,-0.08142860978841782,0.45212826132774353
0.025177713483572006,0.0022046216763556004,11.97470760345459,-0.08080128580331802,0.4442918300628662
0.0255696140229702,0.0022731954231858253,12.514106750488281,-0.08143723756074905,0.46650299429893494
0.025294773280620575,0.0021896641701459885,12.30031967163086,-0.08080708980560303,0.4415777921676636
0.0250373724848032,0.0021650304552167654,12.108000755310059,-0.0815403163433075,0.4584760367870331
0.02504074200987816,0.002169137354940176,12.308528900146484,-0.08151403069496155,0.46331679821014404
0.024992872029542923,0.002146563958376646,11.798625946044922,-0.08147677779197693,0.4632091820240021
0.024901526048779488,0.002133178524672985,12.091654777526855,-0.08080901950597763,0.46566787362098694
0.024848785251379013,0.002135348506271839,12.061417579650879,-0.08119655400514603,0.47960272431373596
0.02521633170545101,0.0021784836426377296,12.399218559265137,-0.0810663178563118,0.4530222713947296
0.02539367787539959,0.002227733377367258,12.162552833557129,-0.08122740685939789,0.4543818235397339
0.025449832901358604,0.00225975108332932,12.500868797302246,-0.08173864334821701,0.43713176250457764
0.025464719161391258,0.0022425090428441763,12.756850242614746,-0.08129091560840607,0.4549972116947174
0.025050275027751923,0.002170404652133584,12.42667007446289,-0.08110737055540085,0.4585835039615631
0.02493341825902462,0.002160747768357396,12.034846305847168,-0.08091537654399872,0.4464651644229889
0.024973753839731216,0.0021626148372888565,12.387248992919922,-0.08146017044782639,0.45214757323265076
0.024670850485563278,0.0021058355923742056,11.988402366638184,-0.0808912068605423,0.45612287521362305
0.02464992366731167,0.0020954569336026907,12.028755187988281,-0.0813368633389473,0.431608110666275
0.02454374171793461,0.0020858212374150753,11.760909080505371,-0.08166341483592987,0.43952298164367676
0.024529771879315376,0.0020748963579535484,12.15497875213623,-0.08068542182445526,0.4536566436290741
0.024362141266465187,0.0020468677394092083,11.628527641296387,-0.08177324384450912,0.4667181968688965
0.02457154542207718,0.002092268317937851,11.591958045959473,-0.08164345473051071,0.45889100432395935
0.024724915623664856,0.0021096947602927685,11.629122734069824,-0.08117342740297318,0.4424257278442383
0.02488958276808262,0.0021368288435041904,12.059369087219238,-0.08174974471330643,0.446103572845459
0.02489362843334675,0.002173266839236021,12.344040870666504,-0.08127262443304062,0.41833117604255676
0.025358567014336586,0.0022159190848469734,12.29928970336914,-0.0807695984840393,0.44746747612953186
0.025656847283244133,0.002266044495627284,12.549503326416016,-0.08126610517501831,0.45627936720848083
0.025266708806157112,0.0022158357314765453,12.462687492370605,-0.08060402423143387,0.45985737442970276
0.02551865577697754,0.0022723942529410124,12.264057159423828,-0.08158599585294724,0.4575170576572418
0.025902876630425453,0.0023274661507457495,13.190661430358887,-0.08151335269212723,0.47016072273254395
0.025653397664427757,0.0022786615882068872,12.389625549316406,-0.08084806799888611,0.41017165780067444
0.025774970650672913,0.002302595181390643,12.389077186584473,-0.08145000040531158,0.45205679535865784
0.025499766692519188,0.002218053210526705,12.431838035583496,-0.08123310655355453,0.45345842838287354
0.02571149170398712,0.0022646684665232897,12.882227897644043,-0.08121473342180252,0.46469846367836
0.025392090901732445,0.0022463095374405384,12.337111473083496,-0.08084610849618912,0.4652688205242157
0.025685135275125504,0.0022977881599217653,12.785249710083008,-0.08186717331409454,0.4575251340866089
0.02590084634721279,0.0023579418193548918,12.323542594909668,-0.08094748854637146,0.43659162521362305
0.026536395773291588,0.002422633580863476,13.106481552124023,-0.0807732567191124,0.4615192413330078
0.025999339297413826,0.0023116867523640394,13.05306625366211,-0.08179415762424469,0.46103671193122864
0.025454003363847733,0.002213970525190234,12.47899341583252,-0.081068255007267,0.46049413084983826
0.02474483661353588,0.0021272466983646154,11.778177261352539,-0.08186670392751694,0.4601980745792389
0.0250901747494936,0.0021871686913073063,12.159798622131348,-0.0807872787117958,0.43740352988243103
0.02492285892367363,0.0021446000318974257,12.089367866516113,-0.08109141141176224,0.4555729925632477
0.024325016885995865,0.0020467250142246485,11.99898910522461,-0.08176746964454651,0.47087574005126953
0.023949896916747093,0.001974509097635746,11.317526817321777,-0.0813581645488739,0.46059727668762207
0.02358197420835495,0.001925510005094111,11.352972030639648,-0.08109968155622482,0.4514237940311432
0.023336954414844513,0.0018778693629428744,11.003959655761719,-0.08170225471258163,0.4454047977924347
0.02324889786541462,0.0018598304595798254,10.910369873046875,-0.08106402307748795,0.44947579503059387
0.023096999153494835,0.0018474991666153073,10.710689544677734,-0.08146194368600845,0.46874308586120605
0.02335955947637558,0.0018698049243539572,11.190394401550293,-0.08086447417736053,0.4702119827270508
0.023639095947146416,0.0019422793993726373,11.380284309387207,-0.08200285583734512,0.45869502425193787
0.023503346368670464,0.0019011289114132524,10.985247611999512,-0.08146387338638306,0.46460238099098206
0.023404639214277267,0.0018865916645154357,11.218225479125977,-0.08113326877355576,0.47086307406425476
0.023546861484646797,0.00190653745085001,11.123682975769043,-0.0818481370806694,0.4349425733089447
0.023579047992825508,0.0019135121256113052,11.378707885742188,-0.08076749742031097,0.4453612267971039
0.023706145584583282,0.0019393377006053925,11.091527938842773,-0.08180950582027435,0.4595538079738617
0.02386610023677349,0.0019696925301104784,11.44349479675293,-0.08106759935617447,0.4640403091907501
0.024167880415916443,0.0020140984561294317,11.789133071899414,-0.08120623975992203,0.46872854232788086
0.02368360571563244,0.0019363859901204705,10.960951805114746,-0.08151441067457199,0.45326295495033264
0.023231321945786476,0.001861558761447668,11.13233757019043,-0.08117018640041351,0.4584161341190338
0.023676222190260887,0.0019119029166176915,11.168421745300293,-0.0815700814127922,0.4429417848587036
0.023503363132476807,0.0018920741276815534,11.306138038635254,-0.08110891282558441,0.46221256256103516
0.023532120510935783,0.0018793718190863729,10.869560241699219,-0.0815182477235794,0.44710850715637207
0.02301396243274212,0.0018259873613715172,10.63446044921875,-0.08131720125675201,0.4539206922054291
0.02301963046193123,0.0018225788371637464,11.0894136428833,-0.08180887997150421,0.46068820357322693
0.023363403975963593,0.0018830590415745974,11.111464500427246,-0.08081938326358795,0.4550943374633789
0.02334662713110447,0.0018542029429227114,11.031765937805176,-0.08185067772865295,0.4649464190006256
0.023509765043854713,0.0018796847434714437,11.025130271911621,-0.08132924884557724,0.45625218749046326
0.023098668083548546,0.001836259150877595,10.802679061889648,-0.08132074773311615,0.45538368821144104
0.023195020854473114,0.0018614650471135974,10.965446472167969,-0.08137542754411697,0.4440676271915436
0.02336711436510086,0.0018920957809314132,11.31711196899414,-0.08129306137561798,0.46358105540275574
0.02359730564057827,0.0019108062842860818,11.098531723022461,-0.0812704935669899,0.46456339955329895
0.023903468623757362,0.0019501902861520648,11.788877487182617,-0.08146033436059952,0.4624462425708771
0.024288946762681007,0.0020089789759367704,11.515204429626465,-0.08216773718595505,0.45657721161842346
0.024487366899847984,0.002034776844084263,11.897590637207031,-0.0815054252743721,0.45019176602363586
0.025133108720183372,0.00218102871440351,12.060839653015137,-0.08083932101726532,0.45831313729286194
0.025749346241354942,0.002283073728904128,12.737656593322754,-0.08103960752487183,0.47922730445861816
0.024986961856484413,0.002177617745473981,12.291826248168945,-0.08069898933172226,0.42860710620880127
0.026131248101592064,0.002384028397500515,13.380592346191406,-0.0817016139626503,0.46747124195098877
0.027090363204479218,0.0025520846247673035,14.003768920898438,-0.0807233601808548,0.4735722541809082
0.027226800099015236,0.0025622330140322447,13.814138412475586,-0.08134926110506058,0.46815767884254456
0.02681153267621994,0.0024693040177226067,13.58568000793457,-0.08073391020298004,0.4653892517089844
0.025188911706209183,0.002168799750506878,12.442498207092285,-0.0815129354596138,0.4709263741970062
0.02456080913543701,0.0020575535017997026,12.169266700744629,-0.08094149082899094,0.4712196886539459
0.023982319980859756,0.001966609386727214,11.598289489746094,-0.08102499693632126,0.48324599862098694
0.0237748846411705,0.0019484665244817734,11.414227485656738,-0.0816054418683052,0.4563318192958832
0.02378164790570736,0.0019457951420918107,11.43731689453125,-0.08142559230327606,0.4522721469402313
0.023609992116689682,0.0018997546285390854,11.3875093460083,-0.0811237245798111,0.432771772146225
0.023030266165733337,0.0018130310345441103,10.92937183380127,-0.081187404692173,0.48272499442100525
0.02271178551018238,0.001773744821548462,10.61874771118164,-0.08153603225946426,0.47369149327278137
0.023545626550912857,0.0020029607694596052,11.1754150390625,-0.08139912784099579,0.4737361967563629
0.02773991785943508,0.0028786659240722656,13.840542793273926,-0.08028224855661392,0.4612334668636322
0.027769872918725014,0.0026393847074359655,14.352665901184082,-0.0811176598072052,0.4439423084259033
0.026968473568558693,0.002507205354049802,13.19412899017334,-0.08095663040876389,0.473272442817688
0.026787523180246353,0.0025456196162849665,13.177972793579102,-0.08196224272251129,0.48476099967956543
0.026523791253566742,0.0024340187665075064,13.261482238769531,-0.08069469034671783,0.4661009609699249
0.025449171662330627,0.002218482783064246,12.596704483032227,-0.08142045885324478,0.45288339257240295
0.0250520221889019,0.00211833487264812,12.008134841918945,-0.08240141719579697,0.44727715849876404
0.02398759312927723,0.0019606524147093296,11.98873233795166,-0.08133474737405777,0.4642796218395233
0.02330879308283329,0.0018351725302636623,10.987015724182129,-0.08084649592638016,0.4524705111980438
0.022661689668893814,0.0017405953258275986,10.715433120727539,-0.08169440925121307,0.43297433853149414
0.022406529635190964,0.001713418634608388,10.182015419006348,-0.0814431682229042,0.45287927985191345
0.02213725447654724,0.0016753104282543063,10.081204414367676,-0.08156486600637436,0.4601362943649292
0.02208939753472805,0.0016586200799793005,10.134510040283203,-0.0813591480255127,0.45762714743614197
0.02186799980700016,0.0016399112064391375,9.836462020874023,-0.08120953291654587,0.4653843343257904
0.02184286154806614,0.0016318453708663583,10.046151161193848,-0.0816662386059761,0.46485635638237
0.021944265812635422,0.0016514139715582132,10.134329795837402,-0.08132871985435486,0.4597254693508148
0.02205074019730091,0.0016611091559752822,9.950257301330566,-0.0813334733247757,0.4472663402557373
0.022145651280879974,0.0016736843390390277,10.353443145751953,-0.08170098066329956,0.46853649616241455
0.021939799189567566,0.0016454022843390703,10.114304542541504,-0.0814521536231041,0.46291384100914
0.02184354141354561,0.0016369298100471497,10.208626747131348,-0.08167503029108047,0.47860264778137207
0.021978631615638733,0.0016542241210117936,10.252714157104492,-0.08141609281301498,0.45915114879608154
0.021822620183229446,0.0016443806234747171,10.155152320861816,-0.08112674206495285,0.47243595123291016
0.022038862109184265,0.001650728052482009,10.226262092590332,-0.08201615512371063,0.4825994074344635
0.02245844341814518,0.0017196612898260355,10.249876976013184,-0.0815948098897934,0.47684594988822937
0.02292848378419876,0.0017820456996560097,10.630973815917969,-0.08123090863227844,0.48462820053100586
0.02319922298192978,0.0018771375762298703,11.642050743103027,-0.08128411322832108,0.4600364863872528
0.023810498416423798,0.0019352989038452506,11.765127182006836,-0.0804925337433815,0.4808609187602997
0.023027367889881134,0.0018003371078521013,10.943081855773926,-0.08176526427268982,0.47024813294410706
0.022779962047934532,0.001758166472427547,10.94329833984375,-0.08190251141786575,0.46115708351135254
0.022476881742477417,0.001739569823257625,10.601523399353027,-0.08138696849346161,0.47651565074920654
0.022711103782057762,0.0017637008568271995,10.829721450805664,-0.08136071264743805,0.4592508375644684
0.022739743813872337,0.0017687388462945819,10.834543228149414,-0.08144110441207886,0.48207521438598633
0.02274741232395172,0.0017668852815404534,10.945393562316895,-0.0816410630941391,0.4897099733352661
0.02296900935471058,0.0018103108741343021,11.120500564575195,-0.08133102208375931,0.48499903082847595
0.022849326953291893,0.0017852566670626402,10.468185424804688,-0.08144015073776245,0.4883098304271698
0.022864414379000664,0.001778371981345117,11.106511116027832,-0.08143529295921326,0.48712944984436035
0.022718140855431557,0.0017584217712283134,10.938607215881348,-0.08141545206308365,0.48865199089050293
0.022412119433283806,0.001724481931887567,10.523249626159668,-0.08142869174480438,0.4772913157939911
0.02212340570986271,0.00167506979778409,10.194331169128418,-0.0816001370549202,0.4856548309326172
0.022290656343102455,0.0016890194965526462,10.648341178894043,-0.08133773505687714,0.48563408851623535
0.02214101329445839,0.0016855568392202258,10.605469703674316,-0.08162976801395416,0.48081257939338684
0.022581884637475014,0.0017363806255161762,10.761260986328125,-0.08158320933580399,0.47395190596580505
0.022545797750353813,0.0017216955311596394,10.346464157104492,-0.08132781088352203,0.4814997613430023
0.022015990689396858,0.0016460665501654148,10.195706367492676,-0.08194289356470108,0.48521390557289124
0.022083967924118042,0.0016494691371917725,10.268736839294434,-0.08135680109262466,0.4847492277622223
0.022243767976760864,0.0016837490256875753,10.2333345413208,-0.08199749141931534,0.4757348597049713
0.02213696949183941,0.0016634459607303143,10.452606201171875,-0.08070766180753708,0.47997093200683594
0.021997982636094093,0.0016387426294386387,10.109935760498047,-0.08170542120933533,0.4933115541934967
0.02192285656929016,0.0016422222834080458,10.04065227508545,-0.08109524846076965,0.4912797212600708
0.02218460477888584,0.0016703808214515448,10.620241165161133,-0.08156120777130127,0.4785573482513428
0.022351417690515518,0.0017154377419501543,10.72751522064209,-0.08160445094108582,0.4849203824996948
0.022893233224749565,0.0017898414516821504,10.78297233581543,-0.08119507879018784,0.4845704138278961
0.023343276232481003,0.0018668732373043895,11.536081314086914,-0.08161512017250061,0.4736318588256836
0.023005492985248566,0.0017996039241552353,10.927083015441895,-0.08088614791631699,0.4717198312282562
0.022566143423318863,0.001736409030854702,10.874662399291992,-0.08197609335184097,0.48282501101493835
0.02248459681868553,0.0017261499306187034,10.63366985321045,-0.08162947744131088,0.46767258644104004
0.0226150993257761,0.0017350028501823545,10.811650276184082,-0.08133135735988617,0.4744754135608673
0.02234894596040249,0.0017010938609018922,10.650951385498047,-0.08155645430088043,0.48509666323661804
0.02222585491836071,0.0016663528513163328,10.41429615020752,-0.0812169760465622,0.4871957004070282
0.02177458256483078,0.0016147716669365764,10.540771484375,-0.08165530860424042,0.4895083010196686
0.021403800696134567,0.0015582824125885963,10.047450065612793,-0.08156879991292953,0.4951615631580353
0.021351054310798645,0.0015464222524315119,9.899723052978516,-0.08186140656471252,0.4900895357131958
0.021288445219397545,0.0015452343504875898,9.79220199584961,-0.08130012452602386,0.49190476536750793
0.02139028161764145,0.0015439939452335238,9.903145790100098,-0.08151897042989731,0.48064717650413513
0.021745819598436356,0.001598272123374045,10.212553024291992,-0.08193077892065048,0.49059581756591797
0.021805236116051674,0.0016252488130703568,9.994662284851074,-0.08145742118358612,0.4876176416873932
0.021964319050312042,0.0016322447918355465,10.219768524169922,-0.08113040775060654,0.4867680072784424
0.021919861435890198,0.0016222576377913356,10.581416130065918,-0.08153948187828064,0.4905334413051605
0.02179044671356678,0.0016038906760513783,10.112245559692383,-0.08123310655355453,0.48133519291877747
0.02190546877682209,0.0016122012166306376,10.283108711242676,-0.08234412968158722,0.4886590242385864
0.022047381848096848,0.0016538285417482257,10.13305377960205,-0.08145353198051453,0.4894771873950958
0.02193790301680565,0.0016267166938632727,10.632617950439453,-0.08060875535011292,0.49165651202201843
0.021698903292417526,0.001605009543709457,9.943389892578125,-0.08224906027317047,0.4864692687988281
0.02213558554649353,0.001653184532187879,10.545900344848633,-0.08111308515071869,0.4969215393066406
0.022030256688594818,0.0016460937913507223,10.327985763549805,-0.08149422705173492,0.487093448638916
0.022773373872041702,0.0017624173779040575,11.401774406433105,-0.08112090826034546,0.48519694805145264
0.023085499182343483,0.0018191233975812793,10.97274112701416,-0.0814516693353653,0.482268363237381
0.02321591041982174,0.0018290968146175146,11.48586654663086,-0.08212598413228989,0.47743284702301025
0.02235638163983822,0.0016750602517277002,10.511724472045898,-0.08103384077548981,0.48115602135658264
0.022628724575042725,0.0017802020302042365,10.801200866699219,-0.08110371232032776,0.47812971472740173
0.02400290034711361,0.0020251350942999125,12.049201011657715,-0.08175359666347504,0.48647841811180115
0.02382919378578663,0.0019289260962978005,11.56640625,-0.08097674697637558,0.483458548784256
0.02355462871491909,0.001941876718774438,11.579483032226562,-0.08154559880495071,0.4706290662288666
0.02366962842643261,0.0019260614644736052,11.661747932434082,-0.08124667406082153,0.4747495651245117
0.022830955684185028,0.00178214639890939,11.280488967895508,-0.08143357932567596,0.4797181189060211
0.022413156926631927,0.0016817334108054638,10.843252182006836,-0.08168064057826996,0.4896574020385742
0.0223001167178154,0.0016840664902701974,10.623677253723145,-0.0811932161450386,0.4898248016834259
0.021835748106241226,0.001608287333510816,10.08585262298584,-0.08118752390146255,0.4904957711696625
0.02178129181265831,0.0016051179263740778,10.32859992980957,-0.08167381584644318,0.4885733127593994
0.021467290818691254,0.0015466709155589342,10.251343727111816,-0.08190982788801193,0.4797140061855316
0.021137412637472153,0.001512013142928481,9.750423431396484,-0.08139919489622116,0.48870041966438293
0.02069663815200329,0.0014564479934051633,9.614333152770996,-0.08157889544963837,0.49164700508117676
0.02059619128704071,0.0014376828912645578,9.328083992004395,-0.08176694810390472,0.48476171493530273
0.020386848598718643,0.0014108828036114573,9.184338569641113,-0.08154266327619553,0.48748740553855896
0.020556064322590828,0.0014315505977720022,9.369912147521973,-0.08178099244832993,0.49136868119239807
0.020877009257674217,0.0014784866943955421,9.328309059143066,-0.08165865391492844,0.4963734447956085
0.021155642345547676,0.0015354304341599345,10.052079200744629,-0.0812520906329155,0.48678311705589294
0.021152164787054062,0.0015137820737436414,9.764505386352539,-0.08179938793182373,0.4827713668346405
0.02143067494034767,0.001554360380396247,10.053751945495605,-0.0815756618976593,0.4873203933238983
0.02157489024102688,0.0015761266695335507,10.0548095703125,-0.08151614665985107,0.495301216840744
0.022015443071722984,0.0016321006696671247,10.228035926818848,-0.08117252588272095,0.4877071678638458
0.022141899913549423,0.0016452944837510586,10.613450050354004,-0.08168164640665054,0.4834253489971161
0.021971631795167923,0.001624118653126061,10.309565544128418,-0.08158861100673676,0.48821988701820374
0.02247610315680504,0.0017035742057487369,10.937661170959473,-0.0816030502319336,0.4645565450191498
0.02278798259794712,0.0017539475811645389,10.627108573913574,-0.08093626797199249,0.48813414573669434
0.022375384345650673,0.0016917000757530332,10.665653228759766,-0.08203247934579849,0.493104487657547
0.022326786071062088,0.001683514565229416,10.440560340881348,-0.0813751071691513,0.485151082277298
0.022587928920984268,0.001746363122947514,10.673334121704102,-0.08142717182636261,0.48512232303619385
0.02288743481040001,0.0017851786687970161,11.15251636505127,-0.08166805654764175,0.4929661750793457
0.022325029596686363,0.0017005230765789747,10.480945587158203,-0.0810069665312767,0.4839029610157013
0.021845992654561996,0.0016253571957349777,10.345220565795898,-0.08154585212469101,0.49291375279426575
0.021191220730543137,0.0015150423860177398,9.9760160446167,-0.08147995173931122,0.49057164788246155
0.020964326336979866,0.0014823797391727567,9.862083435058594,-0.08213471621274948,0.49162712693214417
0.02083735726773739,0.0014623701572418213,9.649154663085938,-0.08143369108438492,0.49029698967933655
0.020829521119594574,0.0014670633245259523,9.586230278015137,-0.08166077733039856,0.48713231086730957
0.020645609125494957,0.0014442229876294732,9.235547065734863,-0.08163335919380188,0.4905909299850464
0.020411524921655655,0.0014050401514396071,9.436455726623535,-0.08112449198961258,0.49033698439598083
0.020465625450015068,0.0014205258339643478,9.305937767028809,-0.08182468265295029,0.49790921807289124
0.02058364264667034,0.0014256405411288142,9.32960319519043,-0.08158902823925018,0.4926620423793793
0.020834906026721,0.0014780028723180294,9.70217514038086,-0.08144444227218628,0.4951202869415283
0.02094791829586029,0.00148079136852175,9.858860969543457,-0.08132929354906082,0.49279770255088806
0.021359631791710854,0.001550877932459116,10.159062385559082,-0.08181410282850266,0.49603092670440674
0.02185998484492302,0.0016027612145990133,10.161174774169922,-0.08183853328227997,0.4894804060459137
0.021706320345401764,0.0015906536718830466,10.46048641204834,-0.08130069077014923,0.4811677038669586
0.021786456927657127,0.0015918668359518051,10.376233100891113,-0.08200078457593918,0.4823835790157318
0.021673662588000298,0.001584314159117639,10.313852310180664,-0.08133638650178909,0.49465081095695496
0.021399248391389847,0.0015460110735148191,10.002776145935059,-0.08157596737146378,0.4874606132507324
0.020985551178455353,0.0014929695753380656,9.321203231811523,-0.08193052560091019,0.49089160561561584
0.021495670080184937,0.0015900081489235163,10.25390911102295,-0.08131974935531616,0.4977971017360687
0.021901773288846016,0.0016174600459635258,10.448297500610352,-0.08122748136520386,0.48411068320274353
0.021784070879220963,0.0015889632049947977,10.279288291931152,-0.0821765661239624,0.48914241790771484
0.021399229764938354,0.0015447578625753522,10.237088203430176,-0.08127164095640182,0.4847101867198944
0.021083610132336617,0.0014973501674830914,10.021906852722168,-0.08183104544878006,0.49425044655799866
0.020605890080332756,0.0014464714331552386,9.417545318603516,-0.08135359734296799,0.48956310749053955
0.02055799774825573,0.0014277794398367405,9.231552124023438,-0.08160941302776337,0.48695099353790283
0.020568665117025375,0.001428765943273902,9.362822532653809,-0.08132892847061157,0.4881480038166046
0.02066696062684059,0.0014333035796880722,9.330083847045898,-0.08172007650136948,0.4915212392807007
0.020671287551522255,0.0014424108667299151,9.749244689941406,-0.08191618323326111,0.496236652135849
0.02067050151526928,0.0014463614206761122,9.812067985534668,-0.08118719607591629,0.49677976965904236
0.020644303411245346,0.0014443662948906422,9.567227363586426,-0.08186881989240646,0.49909865856170654
0.020747333765029907,0.0014486076543107629,9.469202041625977,-0.08207479119300842,0.49702534079551697
0.020857810974121094,0.0014650017255917192,9.664198875427246,-0.08185487240552902,0.4888417720794678
0.020994001999497414,0.0014806302497163415,9.796086311340332,-0.08127924799919128,0.4934875965118408
0.020958175882697105,0.00148907327093184,9.71061897277832,-0.08145096898078918,0.4979827404022217
0.021536249667406082,0.0015487633645534515,10.419938087463379,-0.08144821226596832,0.4925163686275482
0.02158985286951065,0.001563339028507471,10.463333129882812,-0.08158097416162491,0.490879625082016
0.021881401538848877,0.0016335585387423635,10.424666404724121,-0.08161560446023941,0.4847138822078705
0.022208599373698235,0.0016596330096945167,10.80097770690918,-0.08185271173715591,0.4790424108505249
0.02172999083995819,0.0015910799847915769,10.161651611328125,-0.08150247484445572,0.491579532623291
0.021280772984027863,0.001527590793557465,10.319482803344727,-0.08144284039735794,0.4939994513988495
0.02099555917084217,0.0014825771795585752,9.838285446166992,-0.08190525323152542,0.4797842502593994
0.020667947828769684,0.001430705888196826,9.479172706604004,-0.08157883584499359,0.4853864014148712
0.02046382799744606,0.0014245245838537812,9.553483009338379,-0.0810503363609314,0.4834274351596832
0.020520633086562157,0.001414789236150682,9.620528221130371,-0.08214491605758667,0.49114081263542175
0.02051975205540657,0.0014020500238984823,9.627486228942871,-0.08173657208681107,0.4850558042526245
0.02060803771018982,0.0014130857307463884,9.348677635192871,-0.08137436956167221,0.49779069423675537
0.020722215995192528,0.001446064212359488,9.863692283630371,-0.08149267733097076,0.48757442831993103
0.02095469832420349,0.0014720261096954346,9.827959060668945,-0.08171246200799942,0.48950013518333435
0.020593920722603798,0.00141934584826231,9.353535652160645,-0.08210153132677078,0.49416446685791016
0.020458465442061424,0.0014082442503422499,9.743864059448242,-0.08123444020748138,0.4894649088382721
0.020740380510687828,0.0014469650341197848,9.452610969543457,-0.08162791281938553,0.4876026213169098
0.02047797478735447,0.0014107729075476527,9.719847679138184,-0.08144338428974152,0.494209885597229
0.0204783882945776,0.0014115109806880355,9.673107147216797,-0.08145902305841446,0.49611663818359375
0.020755106583237648,0.0014505545841529965,9.665939331054688,-0.08193475753068924,0.4929163157939911
0.02065254934132099,0.0014320481568574905,9.66904067993164,-0.08165439963340759,0.48695722222328186
0.020234890282154083,0.0013713451335206628,9.310104370117188,-0.0820160061120987,0.49827325344085693
0.02018883265554905,0.0013669197214767337,9.38319206237793,-0.08142142742872238,0.4834650456905365
0.020508455112576485,0.0014324988005682826,9.503653526306152,-0.08152253180742264,0.4871407449245453
0.020691165700554848,0.0014442201936617494,9.93531608581543,-0.08148006349802017,0.47752562165260315
0.02058255299925804,0.001422744826413691,9.567492485046387,-0.0816185250878334,0.49313393235206604
0.020641304552555084,0.001432240242138505,9.749532699584961,-0.08122162520885468,0.4959186017513275
0.020366443321108818,0.001386896357871592,9.458955764770508,-0.08215026557445526,0.4959888458251953
0.020059464499354362,0.0013569178991019726,9.686796188354492,-0.0818953812122345,0.4898422062397003
0.0199898611754179,0.0013338889693841338,9.1630220413208,-0.08139441162347794,0.4881114959716797
0.020178569480776787,0.0013658207608386874,9.0430269241333,-0.0817711129784584,0.48008546233177185
0.020593922585248947,0.0014253165572881699,9.768036842346191,-0.08138148486614227,0.49044346809387207
0.02040400169789791,0.001413556281477213,9.29563045501709,-0.0823381245136261,0.4956939220428467
0.02035217359662056,0.0013838759623467922,9.63642406463623,-0.08084409683942795,0.48185601830482483
0.020351087674498558,0.0013879579491913319,9.234484672546387,-0.0823478102684021,0.47937917709350586
0.02010424993932247,0.0013616307405754924,9.66055679321289,-0.08165525645017624,0.48794806003570557
0.020171351730823517,0.0013675320660695434,9.233542442321777,-0.08153561502695084,0.478913277387619
0.020319977775216103,0.0013831504620611668,9.279529571533203,-0.08159969747066498,0.4863553047180176
0.020072927698493004,0.0013592472532764077,9.094947814941406,-0.08140416443347931,0.4922415316104889
0.020020047202706337,0.0013378752628341317,9.48956298828125,-0.08178791403770447,0.49822601675987244
0.019846253097057343,0.0013179966481402516,8.848705291748047,-0.0818048045039177,0.4827744662761688
0.01952170766890049,0.001292927423492074,9.051695823669434,-0.0817224383354187,0.4895596504211426
0.019428716972470284,0.0012699380749836564,8.731216430664062,-0.08150257915258408,0.48737552762031555
0.019502487033605576,0.0012701904634013772,8.837910652160645,-0.08180838823318481,0.48750901222229004
0.019448840990662575,0.0012580091133713722,8.935806274414062,-0.08153119683265686,0.495692640542984
0.019372496753931046,0.001254539587534964,8.482065200805664,-0.08194741606712341,0.49284014105796814
0.0194076094776392,0.0012562645133584738,8.771174430847168,-0.08162958174943924,0.486931711435318
0.01919025182723999,0.0012266419362276793,8.633451461791992,-0.08190596103668213,0.4985581636428833
0.019239604473114014,0.0012405072338879108,8.51607894897461,-0.08129467815160751,0.4917697608470917
0.01916397735476494,0.001246854430064559,8.950794219970703,-0.08218059688806534,0.4996265470981598
0.019410166889429092,0.0012655110331252217,8.938401222229004,-0.08124502748250961,0.4927469491958618
0.019698284566402435,0.0012928172945976257,9.154382705688477,-0.08156400918960571,0.4979511797428131
0.019799578934907913,0.0013229000614956021,9.387085914611816,-0.08184245228767395,0.49769988656044006
0.020319746807217598,0.0013771334197372198,9.159131050109863,-0.08166047930717468,0.494475394487381
0.020932411774992943,0.0014542186399921775,9.98410415649414,-0.08180271834135056,0.4937041997909546
0.020612627267837524,0.001419829553924501,9.40076732635498,-0.08140936493873596,0.49857988953590393
0.020437439903616905,0.0013990119332447648,9.635960578918457,-0.08185876905918121,0.49229195713996887
0.020643530413508415,0.0014364548260346055,9.758048057556152,-0.08154155313968658,0.49120521545410156
0.021291431039571762,0.0015180159825831652,10.316706657409668,-0.08198583126068115,0.48450180888175964
0.0218596700578928,0.0016303086886182427,10.47813606262207,-0.08073502033948898,0.49932345747947693
0.02258705534040928,0.0017008373979479074,11.066210746765137,-0.08216536045074463,0.4835728704929352
0.023258516564965248,0.0018375124782323837,11.467592239379883,-0.0819409191608429,0.47635316848754883
0.022138578817248344,0.0016547400737181306,11.102042198181152,-0.08132467418909073,0.48763251304626465
0.021413292735815048,0.001544193597510457,10.178133964538574,-0.08163483440876007,0.4886448383331299
0.021217279136180878,0.0015147236408665776,10.160715103149414,-0.081934355199337,0.4755803644657135
0.02077922411262989,0.0014658442232757807,10.05299186706543,-0.08114027231931686,0.49213531613349915
0.020450817421078682,0.0013884827494621277,9.463865280151367,-0.08195574581623077,0.48670491576194763
0.02009768597781658,0.001346436096355319,9.581491470336914,-0.08182496577501297,0.4983358681201935
0.019884681329131126,0.0013190102763473988,8.871891021728516,-0.08101164549589157,0.4963201582431793
0.019417040050029755,0.0012787218438461423,9.17875862121582,-0.0821009948849678,0.5004715323448181
0.019502393901348114,0.001274498994462192,8.870388984680176,-0.08204469084739685,0.49298444390296936
0.019124265760183334,0.001227645669132471,8.527227401733398,-0.0813634842634201,0.49500226974487305
0.018924174830317497,0.0011999390553683043,8.53012466430664,-0.08180023729801178,0.5007097721099854
0.01864578388631344,0.0011668194783851504,8.227520942687988,-0.0815865620970726,0.4973239004611969
0.01868666149675846,0.0011626386549323797,8.201851844787598,-0.08199666440486908,0.5005883574485779
0.01839221641421318,0.0011371164582669735,8.17138957977295,-0.08146247267723083,0.49632546305656433
0.01856435090303421,0.0011517413659021258,8.345427513122559,-0.08202651143074036,0.49663981795310974
0.01851441152393818,0.0011489464668557048,8.081571578979492,-0.08181822299957275,0.4934472143650055
0.018656142055988312,0.0011649872176349163,8.479084014892578,-0.08167397975921631,0.4992190897464752
0.01877441257238388,0.0011811986332759261,8.339035034179688,-0.08192886412143707,0.5018661618232727
0.01912091299891472,0.001223331200890243,8.718085289001465,-0.081393763422966,0.4965791702270508
0.019064683467149734,0.0012203480582684278,8.662856101989746,-0.08182276785373688,0.5019335746765137
0.019082754850387573,0.0012283478863537312,8.685639381408691,-0.08167055249214172,0.4979422092437744
0.01947631500661373,0.0012699059443548322,8.99190902709961,-0.08152934163808823,0.4960925877094269
0.019874712452292442,0.0013255607336759567,9.188631057739258,-0.08214504271745682,0.5015104413032532
0.02073904499411583,0.0014462803956121206,10.28065013885498,-0.08181332796812057,0.4954005181789398
0.02054237388074398,0.001424863119609654,9.662263870239258,-0.08132462948560715,0.48873934149742126
0.020189888775348663,0.001345633645541966,9.25476360321045,-0.08162344992160797,0.5043705105781555
0.01994449831545353,0.0013369469670578837,9.531596183776855,-0.08139487355947495,0.49676600098609924
0.020042750984430313,0.0013262057909741998,9.282352447509766,-0.08174826949834824,0.5029624104499817
0.0199857410043478,0.0013278520200401545,9.353917121887207,-0.08182121813297272,0.5058484077453613
0.01971975341439247,0.0012790776090696454,9.247214317321777,-0.08155419677495956,0.5007080435752869
0.019244009628891945,0.001231804140843451,8.873004913330078,-0.08172262459993362,0.5018935203552246
0.01939452439546585,0.00125022791326046,8.742510795593262,-0.08202959597110748,0.5044917464256287
0.01927345246076584,0.001243243576027453,8.904027938842773,-0.08175502717494965,0.4976229667663574
0.0193521436303854,0.0012499521253630519,9.004110336303711,-0.08146918565034866,0.49000945687294006
0.019332339987158775,0.0012507588835433125,9.057952880859375,-0.0818585529923439,0.49784258008003235
0.019220391288399696,0.0012289726873859763,8.707564353942871,-0.081467404961586,0.5043203830718994
0.019378552213311195,0.0012614558218047023,8.775862693786621,-0.08175081759691238,0.5018669962882996
0.0196378156542778,0.0012820594711229205,9.34123706817627,-0.08178678900003433,0.4966886043548584
0.02027737908065319,0.0013812115648761392,9.740468978881836,-0.08181778341531754,0.5000717043876648
0.020419931039214134,0.00139889947604388,9.642424583435059,-0.08153267204761505,0.4939374029636383
0.019967248663306236,0.0013437287416309118,9.285835266113281,-0.08219794183969498,0.49315664172172546
0.019943566992878914,0.0013228602474555373,9.419341087341309,-0.08129337430000305,0.493251770734787
0.020647646859288216,0.001433681813068688,9.940668106079102,-0.0816790983080864,0.498047798871994
0.020367512479424477,0.0013988802675157785,9.85311508178711,-0.08152861148118973,0.498190313577652
0.020496297627687454,0.0014035972999408841,10.140176773071289,-0.08133772015571594,0.4883863925933838
0.020401466637849808,0.0013717702822759748,9.373242378234863,-0.08208546787500381,0.4941951036453247
0.019787302240729332,0.0012969549279659986,9.577408790588379,-0.08194040507078171,0.4984806478023529
0.019457142800092697,0.0012727956054732203,9.055992126464844,-0.08125778287649155,0.5001018643379211
0.01929588057100773,0.0012378791579976678,8.809505462646484,-0.08203175663948059,0.4866337776184082
0.018719296902418137,0.001160863321274519,8.620927810668945,-0.0819535031914711,0.4920674264431
0.018444690853357315,0.001132290461100638,8.18662166595459,-0.08182171732187271,0.5013208389282227
0.01833222433924675,0.0011247600195929408,8.24533462524414,-0.08147373050451279,0.4989701509475708
0.018373705446720123,0.001128353993408382,8.253710746765137,-0.08185646682977676,0.49094358086586
0.018022023141384125,0.0010878349421545863,7.884831428527832,-0.08217524737119675,0.501179039478302
0.017957057803869247,0.0010792608372867107,8.024682998657227,-0.08192373067140579,0.4996669590473175
0.017866162583231926,0.0010589780285954475,7.891739368438721,-0.08167973160743713,0.49893006682395935
0.01770709827542305,0.00105728255584836,7.699512004852295,-0.08169576525688171,0.5018917918205261
0.01779324747622013,0.0010545935947448015,7.8521623611450195,-0.08170091360807419,0.4962944984436035
0.017711009830236435,0.001052652602083981,7.728872776031494,-0.08174827694892883,0.4990156590938568
0.01771450601518154,0.001047954778186977,7.881195068359375,-0.08212101459503174,0.5021138787269592
0.017970822751522064,0.0010770938824862242,8.028632164001465,-0.08169574290513992,0.504740297794342
0.018004126846790314,0.0010894834995269775,8.10626220703125,-0.08182340860366821,0.5012983679771423
0.018093150109052658,0.0010967134730890393,8.123400688171387,-0.08215159922838211,0.4976036250591278
0.01797502115368843,0.0010758282151073217,7.934234619140625,-0.0815356969833374,0.5050632953643799
0.018109776079654694,0.0011020902311429381,7.863431930541992,-0.08213633298873901,0.5013428330421448
0.018634699285030365,0.0011653626570478082,8.504911422729492,-0.08164241909980774,0.503815770149231
0.019339051097631454,0.0012529820669442415,9.240976333618164,-0.08170316368341446,0.496101051568985
0.019441522657871246,0.0012531051179394126,9.09538745880127,-0.08199895918369293,0.48731866478919983
0.019225310534238815,0.001238089520484209,9.110808372497559,-0.08150691539049149,0.5015345215797424
0.019126567989587784,0.001228386303409934,9.057063102722168,-0.08218637853860855,0.5007759928703308
0.019539453089237213,0.0012619643239304423,9.091548919677734,-0.0810125321149826,0.5016314387321472
0.019702455028891563,0.0012918371940031648,9.041608810424805,-0.08255361765623093,0.4998551309108734
0.019901573657989502,0.0013341045705601573,9.664563179016113,-0.08165580034255981,0.5011453628540039
0.019815322011709213,0.0013212560443207622,9.351212501525879,-0.08150452375411987,0.503383457660675
0.019972674548625946,0.0013349157525226474,9.408660888671875,-0.0820414125919342,0.5031688809394836
0.019688963890075684,0.0013069570995867252,9.360491752624512,-0.08177713304758072,0.5005089044570923
0.019518006592988968,0.0012736181961372495,9.164177894592285,-0.08153557032346725,0.4974230229854584
0.019153809174895287,0.0012175069423392415,8.719301223754883,-0.08181293308734894,0.49565449357032776
0.018927862867712975,0.0012022573500871658,8.753058433532715,-0.08165714889764786,0.5043299794197083
0.019160224124789238,0.0012031160295009613,8.99382495880127,-0.08175051212310791,0.49769267439842224
0.019257832318544388,0.0012267198180779815,9.043824195861816,-0.08213689178228378,0.49229705333709717
0.019165877252817154,0.0012322593247517943,8.739046096801758,-0.081526018679142,0.5016258955001831
0.01835988275706768,0.0011208381038159132,8.299302101135254,-0.08163077384233475,0.5034884214401245
0.0180020984262228,0.001074800151400268,8.11794376373291,-0.08187825232744217,0.4965827167034149
0.017938686534762383,0.001071980339474976,8.00029468536377,-0.08214123547077179,0.5000467896461487
0.017833704128861427,0.0010629952885210514,7.962100505828857,-0.08199765533208847,0.49982333183288574
0.017953094094991684,0.0010708266636356711,7.875392913818359,-0.08134947717189789,0.5040625929832458
0.018196532502770424,0.0010934690944850445,8.024709701538086,-0.08180733770132065,0.497873455286026
0.018254151567816734,0.0011159582063555717,8.28691577911377,-0.08164923638105392,0.5076389312744141
0.018376480787992477,0.001123099122196436,8.168907165527344,-0.08200601488351822,0.5020929574966431
0.018183540552854538,0.0011008665896952152,8.326560974121094,-0.08171691000461578,0.5051124691963196
0.01806657575070858,0.001086577889509499,7.931612014770508,-0.08213108777999878,0.5050585865974426
0.018320132046937943,0.0011044448474422097,8.318394660949707,-0.08167319744825363,0.5082460045814514
0.018655812367796898,0.0011653080582618713,8.423151969909668,-0.08196055889129639,0.5015407204627991
0.018856234848499298,0.001185008091852069,8.905591011047363,-0.08147969096899033,0.5091468691825867
0.01868548057973385,0.0011612264206632972,8.349928855895996,-0.08201180398464203,0.5044584274291992
0.01884063333272934,0.0011804014211520553,8.600227355957031,-0.08203388750553131,0.5026683211326599
0.018752455711364746,0.0011647961800917983,8.637328147888184,-0.08155549317598343,0.5043611526489258
0.018845045939087868,0.0011767337564378977,8.680410385131836,-0.08133136481046677,0.4945816993713379
0.018937546759843826,0.0011808434501290321,8.666776657104492,-0.08214747905731201,0.4972866475582123
0.018960867077112198,0.001205773209221661,8.81882095336914,-0.08188509941101074,0.4975114166736603
0.0192829929292202,0.001249239081516862,9.033697128295898,-0.08150642365217209,0.4887937605381012
0.01937422901391983,0.001248347805812955,8.881366729736328,-0.08144234865903854,0.5035285353660583
0.01924114301800728,0.0012387001188471913,9.103696823120117,-0.08217162638902664,0.4952939450740814
0.01990784890949726,0.001311793806962669,9.379666328430176,-0.08161243796348572,0.5036446452140808
0.019504042342305183,0.0012686281697824597,9.304635047912598,-0.0819360613822937,0.494158536195755
0.018699346110224724,0.0011740205809473991,8.75650691986084,-0.08145524561405182,0.49446728825569153
0.018497250974178314,0.0011363846715539694,8.568733215332031,-0.08198025077581406,0.49227264523506165
0.01841052435338497,0.001137172570452094,8.43578815460205,-0.0817347913980484,0.4878796339035034
0.018498418852686882,0.0011348535772413015,8.474658012390137,-0.0816713199019432,0.4956214725971222
0.018102016299962997,0.0010832578409463167,8.212876319885254,-0.08143165707588196,0.490581750869751
0.017987646162509918,0.001076792599633336,8.034698486328125,-0.08254562318325043,0.5038482546806335
0.01790834218263626,0.0010651327902451158,8.070192337036133,-0.08143628388643265,0.5003190636634827
0.018058322370052338,0.0010807702783495188,8.036816596984863,-0.08214208483695984,0.48925745487213135
0.018135348334908485,0.0010890793055295944,8.259678840637207,-0.08190461993217468,0.5031885504722595
0.01821739412844181,0.00110345846042037,8.2440767288208,-0.08207301050424576,0.5045621395111084
0.01852934993803501,0.001127344206906855,8.704216957092285,-0.08175719529390335,0.5067906379699707
0.01861334778368473,0.001141450833529234,8.687031745910645,-0.08160469681024551,0.4942038953304291
0.019442366436123848,0.0012752176262438297,9.439383506774902,-0.08218935877084732,0.49947845935821533
0.019484778866171837,0.0012692745076492429,9.450766563415527,-0.08116838335990906,0.5037320256233215
0.01979360729455948,0.001324065146036446,9.237380027770996,-0.0817650780081749,0.49258241057395935
0.019735516980290413,0.0013169108424335718,9.452071189880371,-0.08222492039203644,0.49592259526252747
0.019618388265371323,0.001274730428121984,9.530826568603516,-0.08175468444824219,0.5039042830467224
0.019430803135037422,0.001245778170414269,9.194479942321777,-0.08148397505283356,0.5025572180747986
0.01889452524483204,0.0011710608378052711,8.876355171203613,-0.08158445358276367,0.4899339973926544
0.01860026642680168,0.0011497053783386946,8.331561088562012,-0.08191659301519394,0.4929436445236206
0.01826123520731926,0.0011057201772928238,8.525315284729004,-0.08173423260450363,0.4861580431461334
0.017871543765068054,0.0010652634082362056,7.886858940124512,-0.08165556192398071,0.4898471534252167
0.017779892310500145,0.001046127057634294,8.053489685058594,-0.08205831050872803,0.48050180077552795
0.01773444190621376,0.001039318391121924,7.875274658203125,-0.08180275559425354,0.45930543541908264
0.017457904294133186,0.0010086861439049244,7.796642780303955,-0.08152047544717789,0.47900518774986267
0.017389703541994095,0.0010064843809232116,7.60468053817749,-0.08201301842927933,0.49541589617729187
0.017734356224536896,0.0010405124630779028,7.896493434906006,-0.08135810494422913,0.5048369765281677
0.018123015761375427,0.0010885139927268028,8.022323608398438,-0.08238322287797928,0.5005061030387878
0.018444329500198364,0.001131465774960816,8.741124153137207,-0.08201643824577332,0.4871216118335724
0.01850273832678795,0.0011338781332597136,8.580809593200684,-0.08170314878225327,0.48826906085014343
0.018449023365974426,0.0011231484822928905,8.51705265045166,-0.08153779059648514,0.5086079239845276
0.018510837107896805,0.001121440320275724,8.376725196838379,-0.08200353384017944,0.504451334476471
0.018363352864980698,0.0011294193100184202,8.716567993164062,-0.08166059106588364,0.5108946561813354
0.01812599040567875,0.0010870754485949874,8.458075523376465,-0.08179081231355667,0.49913716316223145
0.0180564746260643,0.0010814493289217353,8.24614143371582,-0.08209343999624252,0.4774667024612427
0.018308958038687706,0.0011052306508645415,8.352530479431152,-0.08169837296009064,0.49998632073402405
0.017808211967349052,0.0010493340669199824,7.950559616088867,-0.08174948394298553,0.4938596189022064
0.017892587929964066,0.0010581681272014976,7.854725360870361,-0.08167009055614471,0.4858030080795288
0.01733209379017353,0.0009953150292858481,7.839973449707031,-0.08195631206035614,0.4913615882396698
0.017310762777924538,0.0009978616144508123,7.71408224105835,-0.08209880441427231,0.48796823620796204
0.01737826131284237,0.000998806324787438,7.729300498962402,-0.08166532963514328,0.47927892208099365
0.017268281430006027,0.0009863730520009995,7.667276859283447,-0.08217551559209824,0.4632497727870941
0.017217744141817093,0.0009823208674788475,7.833871841430664,-0.08181633800268173,0.48575177788734436
0.0173309538513422,0.000995861948467791,7.700354099273682,-0.08185460418462753,0.5022476315498352
0.01728765480220318,0.0010061458451673388,7.77272891998291,-0.08198464661836624,0.4975563585758209
0.017684340476989746,0.0010314794490113854,7.916612148284912,-0.08213812857866287,0.4894901216030121
0.0184169914573431,0.001115000108256936,8.773674964904785,-0.0817013829946518,0.5012660622596741
0.018844105303287506,0.0012181415222585201,9.208504676818848,-0.08179055154323578,0.5014921426773071
0.01904052495956421,0.0012130353134125471,8.59615707397461,-0.08210200071334839,0.4867567718029022
0.019492132589221,0.0012509076623246074,9.700035095214844,-0.08129455894231796,0.4998341500759125
0.018893219530582428,0.0011780732311308384,8.602764129638672,-0.08207660913467407,0.4991317689418793
0.01840396597981453,0.0011241597821936011,8.567407608032227,-0.08146685361862183,0.4990636110305786
0.01832694746553898,0.0011242312612012029,8.648497581481934,-0.08206158131361008,0.5000678896903992
0.017925074324011803,0.0010658964747563004,8.326238632202148,-0.08171991258859634,0.498298317193985
0.01757749728858471,0.0010240890551358461,7.924853801727295,-0.0819673091173172,0.5014272332191467
0.017618650570511818,0.0010134070180356503,8.0095853805542,-0.08174226433038712,0.4766485393047333
0.01726258546113968,0.0009852212388068438,7.802830696105957,-0.08193135261535645,0.5106126666069031
0.01724555902183056,0.000982398632913828,7.555529594421387,-0.08186478167772293,0.5058732628822327
0.017282944172620773,0.0009980561444535851,7.658686637878418,-0.08173423260450363,0.49926647543907166
0.017024630680680275,0.0009674459579400718,7.684619903564453,-0.08200176805257797,0.49261167645454407
0.016764245927333832,0.0009356269729323685,7.163509845733643,-0.08204259723424911,0.5036396980285645
0.016845576465129852,0.0009401952847838402,7.287863254547119,-0.08207250386476517,0.5038780570030212
0.017011381685733795,0.0009578909375704825,7.524970054626465,-0.0815700814127922,0.4954727590084076
0.017253238707780838,0.00099398463498801,7.837012767791748,-0.08207356929779053,0.49806585907936096
0.017392054200172424,0.0010100181680172682,8.063433647155762,-0.08200126141309738,0.5000976920127869
0.017656167969107628,0.001039126655086875,8.11919116973877,-0.08186063170433044,0.4967907965183258
0.017693860456347466,0.0010319193825125694,8.003220558166504,-0.08207153528928757,0.5020317435264587
0.017865590751171112,0.0010462283389642835,8.236930847167969,-0.08228980749845505,0.5041300654411316
0.017895184457302094,0.0010395909193903208,8.305495262145996,-0.0815606489777565,0.5074090957641602
0.017556428909301758,0.0010152757167816162,7.897281646728516,-0.08174040913581848,0.48049092292785645
0.017396871000528336,0.0009922597091645002,7.706386566162109,-0.08159578591585159,0.5093167424201965
0.017105819657444954,0.0009672780288383365,7.722784996032715,-0.08200608938932419,0.49985960125923157
0.017061037942767143,0.0009608318214304745,7.633641719818115,-0.08171132206916809,0.49367663264274597
0.017371242865920067,0.0010067011462524533,7.734973430633545,-0.08229058980941772,0.49921083450317383
0.017279308289289474,0.0009844036540016532,7.614348411560059,-0.08184601366519928,0.4876643717288971
0.017000926658511162,0.0009580537443980575,7.544911861419678,-0.08214320987462997,0.4932577311992645
0.017255404964089394,0.000979083008132875,7.493630409240723,-0.08145368844270706,0.5031328797340393
0.017259417101740837,0.0010035343002527952,7.824985980987549,-0.08203548938035965,0.5057565569877625
0.017124822363257408,0.0009621094213798642,7.706567287445068,-0.0819588452577591,0.4956289529800415
0.016953181475400925,0.0009404245647601783,7.497933387756348,-0.08201093971729279,0.4904749095439911
0.017295029014348984,0.0009801983833312988,7.623410224914551,-0.08195610344409943,0.5052840113639832
0.01740388758480549,0.0009987920057028532,7.838933944702148,-0.08161749690771103,0.5091761946678162
0.01730404607951641,0.0009930797386914492,7.75217342376709,-0.08199059963226318,0.4970562756061554
0.017129700630903244,0.0009640858042985201,7.796132564544678,-0.08184735476970673,0.49475011229515076
0.01697980985045433,0.0009520486928522587,7.428116798400879,-0.08184747397899628,0.4964670240879059
0.01671183854341507,0.000924516178201884,7.413712024688721,-0.08224835991859436,0.49983274936676025
0.017026295885443687,0.0009522526524960995,7.556978702545166,-0.08172550797462463,0.4953063726425171
0.016753746196627617,0.0009334394708275795,7.3082122802734375,-0.08190571516752243,0.4913220703601837
0.016545597463846207,0.0009049847722053528,7.171766757965088,-0.08206107467412949,0.49864625930786133
0.016708021983504295,0.0009208802948705852,7.129494667053223,-0.08205373585224152,0.5016403794288635
0.01668095774948597,0.0009121306939050555,7.380710124969482,-0.08200669288635254,0.49540629982948303
0.016744691878557205,0.0009308920125477016,7.54976224899292,-0.08158990740776062,0.505051851272583
0.016815053299069405,0.0009327734005637467,7.5061445236206055,-0.08231396973133087,0.49660107493400574
0.01675773225724697,0.00093912921147421,7.4702019691467285,-0.0815335288643837,0.5005849599838257
0.01699226349592209,0.0009465907351113856,7.538920879364014,-0.08217349648475647,0.48435744643211365
0.01709531992673874,0.0009651667787693441,7.776780605316162,-0.08178048580884933,0.49760258197784424
0.017348535358905792,0.0009954196866601706,8.177391052246094,-0.0818798616528511,0.49072349071502686
0.017629699781537056,0.0010142691899091005,8.214007377624512,-0.08198586106300354,0.47535839676856995
0.01783631183207035,0.0010455186711624265,8.13192367553711,-0.08222915232181549,0.5007703900337219
0.017635345458984375,0.001022467971779406,8.06357192993164,-0.08129039406776428,0.49348965287208557
0.01792331039905548,0.001057713176123798,8.346161842346191,-0.08273867517709732,0.4992694556713104
0.0183427557349205,0.0010981311788782477,8.472294807434082,-0.08140449225902557,0.4818699359893799
0.018705179914832115,0.001159536768682301,8.791518211364746,-0.08170225471258163,0.5042853951454163
0.01856355369091034,0.0011327681131660938,8.759798049926758,-0.08219707757234573,0.4930742681026459
0.018492747098207474,0.0011203121393918991,8.547607421875,-0.08206871896982193,0.4910135269165039
0.018074359744787216,0.001076304353773594,8.268245697021484,-0.081710584461689,0.49068403244018555
0.017956040799617767,0.001080180169083178,8.232897758483887,-0.08208255469799042,0.443983793258667
0.017733311280608177,0.00103002751711756,8.290337562561035,-0.08173318952322006,0.4912375509738922
0.017639419063925743,0.0010209344327449799,8.062469482421875,-0.08163939416408539,0.4484499990940094
0.01729726791381836,0.0009821053827181458,7.752178192138672,-0.08226578682661057,0.44485482573509216
0.01718823052942753,0.0009616647148504853,7.842527866363525,-0.08203204721212387,0.4808613359928131
0.0172114297747612,0.0009707638528198004,7.605368614196777,-0.08189709484577179,0.4749795198440552
0.016993505880236626,0.0009508354123681784,7.681186676025391,-0.08202202618122101,0.48514553904533386
0.016953298822045326,0.0009551274124532938,7.723207950592041,-0.08191568404436111,0.49128231406211853
0.017158295959234238,0.0009655834874138236,7.777915954589844,-0.08201102167367935,0.4727914035320282
0.0170315932482481,0.0009542734478600323,7.804318428039551,-0.08148758113384247,0.46808668971061707
0.016885904595255852,0.000944550905842334,7.791886329650879,-0.08229976892471313,0.48261427879333496
0.016769293695688248,0.0009242038358934224,7.556969165802002,-0.08208267390727997,0.4905284643173218
0.016727739945054054,0.0009198737097904086,7.237441539764404,-0.0817873552441597,0.49098801612854004
0.01652672328054905,0.0008996792603284121,7.621196269989014,-0.08185256272554398,0.48871493339538574
0.01661657728254795,0.0009003502782434225,7.507557392120361,-0.08197775483131409,0.5002478957176208
0.016726909205317497,0.0009141340269707143,7.570249080657959,-0.08230309188365936,0.46945276856422424
0.016848547384142876,0.0009353995556011796,7.591403961181641,-0.0818922221660614,0.48625507950782776
0.017024610191583633,0.0009588080574758351,7.410909652709961,-0.0819224864244461,0.49813732504844666
0.017387911677360535,0.0010003931820392609,8.06149673461914,-0.08145730197429657,0.4869213402271271
0.01752658747136593,0.0010131032904610038,7.956061363220215,-0.0824693888425827,0.4862930476665497
0.017656423151493073,0.0010183940175920725,8.1312255859375,-0.08118443936109543,0.4761037826538086
0.01719767414033413,0.0009751351899467409,7.6050124168396,-0.08197372406721115,0.5015409588813782
0.016845133155584335,0.0009377101087011397,7.720345973968506,-0.08208151906728745,0.5050633549690247
0.016740988940000534,0.0009279216174036264,7.587408065795898,-0.08227860182523727,0.49354997277259827
0.016691744327545166,0.0009191521676257253,7.640192985534668,-0.08200175315141678,0.5037447810173035
0.016699526458978653,0.0009224977111443877,7.396834850311279,-0.08179216086864471,0.49889710545539856
0.016923457384109497,0.000944604049436748,7.697509288787842,-0.08223171532154083,0.5060296058654785
0.016757052391767502,0.0009265990811400115,7.694309711456299,-0.08162152767181396,0.4836990535259247
0.01688736490905285,0.0009437304106540978,7.263111114501953,-0.08222047984600067,0.4889698028564453
0.016664382070302963,0.0009110066457651556,7.363734245300293,-0.08198870718479156,0.4970184862613678
0.016720624640583992,0.0009111560066230595,7.65461540222168,-0.08191968500614166,0.49238625168800354
0.017166974022984505,0.000980406068265438,7.759500503540039,-0.08135128021240234,0.4906494915485382
0.01766618900001049,0.0010245587909594178,8.30877685546875,-0.08249486982822418,0.4901191294193268
0.017562156543135643,0.0010195341892540455,7.895159721374512,-0.08186192065477371,0.48942574858665466
0.01751497946679592,0.0010082917287945747,8.306364059448242,-0.08163098245859146,0.46600040793418884
0.016871433705091476,0.0009361748234368861,7.513184547424316,-0.08223064988851547,0.49093520641326904
0.016504717990756035,0.0009020373690873384,7.171909332275391,-0.08180195093154907,0.4822758436203003
0.016135483980178833,0.0008570663048885763,7.130420684814453,-0.08222328871488571,0.4987436830997467
0.016012318432331085,0.0008398386999033391,6.879455089569092,-0.08188501000404358,0.49289238452911377
0.015896935015916824,0.0008320354390889406,6.984472751617432,-0.08218850940465927,0.48981761932373047
0.015645990148186684,0.0008070654585026205,6.719122886657715,-0.08164046704769135,0.48953625559806824
0.015688851475715637,0.0008143301238305867,7.051652431488037,-0.08233291655778885,0.4998898506164551
0.015721485018730164,0.0008115714881569147,6.683574676513672,-0.0820101648569107,0.4914065897464752
0.015637127682566643,0.000806882104370743,6.6699137687683105,-0.0817524790763855,0.48375335335731506
0.015618380159139633,0.0008039252134039998,6.823861122131348,-0.08227638155221939,0.4962128698825836
0.015632783994078636,0.0008065493311733007,6.840310096740723,-0.08190279453992844,0.49081262946128845
0.01574246771633625,0.0008184332400560379,6.729706764221191,-0.08199888467788696,0.4942574203014374
0.015709495171904564,0.0008176951087079942,6.8534016609191895,-0.08205773681402206,0.4946169853210449
0.01577824354171753,0.000820268876850605,6.9407548904418945,-0.08210097998380661,0.4858954846858978
0.01582554541528225,0.0008223318727687001,7.0312933921813965,-0.08196292072534561,0.4873034954071045
0.015636730939149857,0.0008085108711384237,6.738906383514404,-0.08214474469423294,0.4902949333190918
0.015663031488656998,0.000813938386272639,6.885039329528809,-0.08190830796957016,0.48585471510887146
0.01578654907643795,0.0008263448835350573,7.035478115081787,-0.08186174929141998,0.4859243333339691
0.015958424657583237,0.0008409940637648106,6.808089733123779,-0.08204575628042221,0.49214664101600647
0.016166632995009422,0.000860807893332094,6.974468231201172,-0.0821923017501831,0.48988282680511475
0.016562117263674736,0.0009152169805020094,7.645890235900879,-0.08186087012290955,0.4967302978038788
0.017457710579037666,0.0010058875195682049,8.104962348937988,-0.08166660368442535,0.48669543862342834
0.01752401329576969,0.001002024277113378,7.979386806488037,-0.08251937478780746,0.472494512796402
0.017743626609444618,0.0010494060115888715,8.516487121582031,-0.08190508931875229,0.4954356253147125
0.017592253163456917,0.0010319274151697755,8.277486801147461,-0.08213978260755539,0.4740869998931885
0.017972782254219055,0.0010648249881342053,8.40449333190918,-0.08155926316976547,0.49803999066352844
0.017309676855802536,0.0010043550282716751,8.105194091796875,-0.08232321590185165,0.5088520646095276
0.01726042665541172,0.0009886574698612094,7.687816143035889,-0.08154047280550003,0.4973500669002533
0.01698431372642517,0.0009413869120180607,7.570024013519287,-0.08219914138317108,0.501918375492096
0.01681891642510891,0.0009123596246354282,7.537840366363525,-0.08190678805112839,0.47398075461387634
0.016818253323435783,0.0009152058628387749,7.599809169769287,-0.08184612542390823,0.48139896988868713
0.01680729351937771,0.0009142805356532335,7.814023494720459,-0.08189831674098969,0.4971591532230377
0.017239850014448166,0.0009712509927339852,7.923007965087891,-0.08179182559251785,0.49878594279289246
0.017445873469114304,0.0010108264395967126,7.780900955200195,-0.08237263560295105,0.4707203805446625
0.01779669150710106,0.001046565710566938,8.248947143554688,-0.0821174681186676,0.5085773468017578
0.01778021641075611,0.0010390090756118298,8.55148983001709,-0.08180652558803558,0.48599180579185486
0.016976164653897285,0.000935819698497653,7.786637306213379,-0.08198831230401993,0.46215128898620605
0.016047000885009766,0.0008401211816817522,6.833600997924805,-0.0823264941573143,0.46333637833595276
0.01577373780310154,0.0008167571504600346,6.764349937438965,-0.08190003782510757,0.48751190304756165
0.0157081950455904,0.0008173377718776464,7.0094780921936035,-0.08191647380590439,0.4872027337551117
0.01561047974973917,0.0007960500079207122,6.85316276550293,-0.08220772445201874,0.48940393328666687
0.015550061129033566,0.0007975224871188402,6.712344169616699,-0.08167779445648193,0.4897872507572174
0.015579274855554104,0.0007960472139529884,6.846486568450928,-0.0819997638463974,0.4872676432132721
0.015659162774682045,0.0008019950473681092,6.7405500411987305,-0.08210501074790955,0.48603543639183044
0.015643343329429626,0.0008056032238528132,6.957467555999756,-0.08223799616098404,0.5088832974433899
0.015546222217381,0.000793282815720886,6.595670223236084,-0.08208858221769333,0.494613379240036
0.015499619767069817,0.0007957610068842769,6.7308669090271,-0.08207458257675171,0.4905838668346405
0.015621746890246868,0.0007990185986272991,6.811406135559082,-0.08196964859962463,0.4857045114040375
0.015695761889219284,0.0008107657195068896,7.1053242683410645,-0.08211785554885864,0.49116894602775574
0.015844283625483513,0.000826462113764137,6.809338569641113,-0.08201786875724792,0.5078064799308777
0.015660203993320465,0.0008064358844421804,6.798033237457275,-0.08191873878240585,0.488054484128952
0.01574769988656044,0.0008106805616989732,6.812329292297363,-0.08206981420516968,0.5028838515281677
0.015923932194709778,0.000829060678370297,7.238900184631348,-0.08195041865110397,0.49018731713294983
0.01581713557243347,0.0008203392499126494,6.756256580352783,-0.08223026245832443,0.48736274242401123
0.01567690633237362,0.0008076568483375013,6.8922014236450195,-0.08207065612077713,0.4734152853488922
0.015776434913277626,0.0008052682969719172,6.910410404205322,-0.08190687000751495,0.4932512044906616
0.015808958560228348,0.0008139284909702837,6.840989112854004,-0.08188831806182861,0.47990164160728455
0.015762263908982277,0.0008103357977233827,7.115300178527832,-0.0820745900273323,0.5019857287406921
0.015673959627747536,0.0007921892683953047,6.848485946655273,-0.08216562122106552,0.4845694601535797
0.01561044156551361,0.0008000239613465965,6.9019246101379395,-0.0818474292755127,0.48013541102409363
0.015633758157491684,0.000809759832918644,6.78865385055542,-0.08180897682905197,0.4863407611846924
0.01609470695257187,0.0008590712095610797,7.372365474700928,-0.0820363312959671,0.4803504943847656
0.016200462356209755,0.0008696856093592942,7.249207019805908,-0.08253560215234756,0.4694922864437103
0.016191020607948303,0.0008449393208138645,7.194711685180664,-0.08170253038406372,0.4813297688961029
0.01631295122206211,0.0008620112203061581,7.508249282836914,-0.0820370465517044,0.5007498264312744
0.01637418568134308,0.0008635757840238512,7.107346057891846,-0.08222492784261703,0.4871375858783722
0.016762971878051758,0.0009208707488141954,7.533878803253174,-0.08167125284671783,0.4967576563358307
0.016862902790308,0.0009384560398757458,7.69263219833374,-0.08211801201105118,0.5001973509788513
0.016868237406015396,0.0009362392011098564,7.689277172088623,-0.08229275792837143,0.4709170162677765
0.016966834664344788,0.0009609233820810914,7.709941387176514,-0.08199752867221832,0.4945991039276123
0.017200859263539314,0.0009666875121183693,8.044952392578125,-0.08158513903617859,0.4981040060520172
0.01699323207139969,0.0009494011173956096,8.090301513671875,-0.0821765586733818,0.4767778217792511
0.01731383241713047,0.0009814818622544408,8.045576095581055,-0.0822116956114769,0.48957422375679016
0.017132315784692764,0.0009590325644239783,7.821472644805908,-0.0816534012556076,0.5076805949211121
0.01661214418709278,0.000900043873116374,7.4230570793151855,-0.08204993605613708,0.49616947770118713
0.016544437035918236,0.0008819463546387851,7.264876842498779,-0.0819857195019722,0.48792383074760437
0.01665656641125679,0.0008998806588351727,7.66229772567749,-0.08207009732723236,0.47943171858787537
0.01620318740606308,0.0008495257934555411,7.095150470733643,-0.0819103792309761,0.47052064538002014
0.016013139858841896,0.0008305643568746746,7.245789051055908,-0.0818648561835289,0.4815983772277832
0.016125475987792015,0.0008367528789676726,7.319718360900879,-0.0822068527340889,0.48735371232032776
0.01609143801033497,0.0008312046411447227,7.18431282043457,-0.08206205815076828,0.46052131056785583
0.01587124727666378,0.0008182000601664186,7.1877875328063965,-0.08226262032985687,0.5011259913444519
0.016015099361538887,0.0008327196119353175,7.209198951721191,-0.08183737099170685,0.47415420413017273
0.01607736200094223,0.0008451737812720239,7.031814098358154,-0.08157866448163986,0.5054102540016174
0.016240982338786125,0.0008668038644827902,7.24934196472168,-0.08216509968042374,0.49187755584716797
0.016618339344859123,0.0009055063710547984,7.501012325286865,-0.08216406404972076,0.4868875741958618
0.016449294984340668,0.0008719859761185944,7.335190773010254,-0.08257709443569183,0.4738922119140625
0.01611209101974964,0.0008446963038295507,7.036600589752197,-0.08183862268924713,0.46791037917137146
0.01571882702410221,0.0008094438817352057,7.002854824066162,-0.08157238364219666,0.4804666042327881
0.015595736913383007,0.0007983169052749872,6.838927745819092,-0.08215555548667908,0.4786791503429413
0.0154860345646739,0.0007826339569874108,6.666698455810547,-0.08199998736381531,0.48145952820777893
0.015504637733101845,0.0007807575748302042,6.879236221313477,-0.08222679793834686,0.48670244216918945
0.015713822096586227,0.0008033062913455069,6.940658092498779,-0.08233709633350372,0.5030310153961182
0.015523596666753292,0.000784300675150007,6.789004325866699,-0.08194263279438019,0.4818446636199951
0.015517418272793293,0.0007852346170693636,6.636812210083008,-0.08188696950674057,0.4771648943424225
0.015603013336658478,0.0007973924512043595,6.942861080169678,-0.08221366256475449,0.47766152024269104
0.016139419749379158,0.000842344481498003,7.342723846435547,-0.08178789168596268,0.48467501997947693
0.016376465559005737,0.0008801954099908471,7.345560550689697,-0.08224713802337646,0.493348628282547
0.016284693032503128,0.0008551581995561719,7.237919330596924,-0.08159809559583664,0.45431724190711975
0.01600784808397293,0.0008336760220117867,7.245757102966309,-0.08202678710222244,0.49591538310050964
0.015792567282915115,0.0008048437885008752,7.003532886505127,-0.08207367360591888,0.46470907330513
0.01560343336313963,0.0007927481783553958,6.7830424308776855,-0.08235391229391098,0.4784093201160431
0.015585849992930889,0.0007869050605222583,6.950018405914307,-0.081888347864151,0.49254941940307617
0.015693742781877518,0.0007984132971614599,7.112188816070557,-0.08207962661981583,0.4646197259426117
0.015433491207659245,0.000775909167714417,6.945882320404053,-0.08205798268318176,0.48379698395729065
0.015313653275370598,0.0007617884548380971,6.641232490539551,-0.08239180594682693,0.4825114905834198
0.015225469134747982,0.0007559737423434854,6.674593448638916,-0.08186660706996918,0.4930172264575958
0.01505329180508852,0.0007360476301982999,6.628583908081055,-0.08191744983196259,0.49009251594543457
0.015078958123922348,0.0007414432475343347,6.57170295715332,-0.08208662271499634,0.4934178292751312
0.014739351347088814,0.0007173627382144332,6.291371822357178,-0.08212769031524658,0.4936482906341553
0.014759288169443607,0.0007111863233149052,6.329513072967529,-0.08222637325525284,0.5032880306243896
0.015088554471731186,0.0007504901150241494,6.480831623077393,-0.08224132657051086,0.5020690560340881
0.015445892699062824,0.0007797039579600096,6.830996036529541,-0.08176376670598984,0.4964357316493988
0.01567171700298786,0.0007950208964757621,7.160305500030518,-0.08216207474470139,0.483447402715683
0.01568792760372162,0.000798354740254581,7.076364040374756,-0.08205387741327286,0.4738178253173828
0.015410956926643848,0.0007658206741325557,6.681282997131348,-0.08210638165473938,0.49170756340026855
0.015249270014464855,0.0007446753443218768,6.594239711761475,-0.08229678869247437,0.48756173253059387
0.015024019405245781,0.0007296720868907869,6.402136325836182,-0.082060806453228,0.49063268303871155
0.014831170439720154,0.0007142982794903219,6.393693447113037,-0.08210928738117218,0.47431790828704834
0.014665632508695126,0.0006962230545468628,6.161237716674805,-0.08194241672754288,0.5007851123809814
0.01463121734559536,0.0006992719718255103,6.347564697265625,-0.08243575692176819,0.5015076994895935
0.014662094414234161,0.0007027687388472259,6.090932846069336,-0.08170819282531738,0.5053671002388
0.014868658035993576,0.0007187883602455258,6.533618450164795,-0.0822286456823349,0.49888715147972107
0.014880822040140629,0.0007283940212801099,6.334507942199707,-0.08207470923662186,0.4990384876728058
0.014776589348912239,0.0007179207750596106,6.507527828216553,-0.08218749612569809,0.4710322320461273
0.014780068770051003,0.0007138949586078525,6.351753234863281,-0.08201819658279419,0.4850417673587799
0.014761810190975666,0.000708710984326899,6.321092128753662,-0.08218057453632355,0.4845510423183441
0.01496746577322483,0.0007299655699171126,6.523404121398926,-0.08193623274564743,0.481820672750473
0.01540297083556652,0.0007713870727457106,6.763665199279785,-0.08197017759084702,0.499267578125
0.015440577641129494,0.0007657331298105419,6.942951679229736,-0.08215953409671783,0.49644604325294495
0.015196055173873901,0.000745082856155932,6.582505702972412,-0.08215980976819992,0.4875836670398712
0.015120456926524639,0.0007425529765896499,6.710442066192627,-0.082178495824337,0.4958777129650116
0.015035288408398628,0.00073583098128438,6.536128044128418,-0.08212615549564362,0.49850550293922424
0.015120420604944229,0.0007395034190267324,6.340607166290283,-0.08206874877214432,0.5029754042625427
0.015398362651467323,0.0007651590276509523,6.891095161437988,-0.08221971988677979,0.48492100834846497
0.01562744379043579,0.0007872649584896863,6.897242546081543,-0.08208545297384262,0.5023527145385742
0.015572992153465748,0.0007950137951411307,6.874878406524658,-0.08214537799358368,0.5069402456283569
0.015784643590450287,0.0008024630369618535,6.950098991394043,-0.08198429644107819,0.5059003829956055
0.016067251563072205,0.0008293666178360581,7.249366760253906,-0.08178579807281494,0.5070261359214783
0.01578911766409874,0.0008004843257367611,7.144526481628418,-0.0818718746304512,0.4953819215297699
0.01591981202363968,0.0008154484676197171,7.209436893463135,-0.08226273953914642,0.5011909604072571
0.0160528551787138,0.0008328529074788094,7.172549724578857,-0.08193755894899368,0.47539782524108887
0.015919307246804237,0.0008174889953806996,7.319385528564453,-0.08200627565383911,0.4718080461025238
0.016231970861554146,0.0008551096543669701,7.394650936126709,-0.08205680549144745,0.49199506640434265
0.016505153849720955,0.0008869384182617068,7.407768726348877,-0.08232934772968292,0.4880242347717285
0.016378195956349373,0.0008601958979852498,7.582627773284912,-0.08218315243721008,0.49829307198524475
0.016091015189886093,0.000841713510453701,7.251748561859131,-0.08143576979637146,0.5060423016548157
0.015829553827643394,0.0008071906631812453,7.111053466796875,-0.08274099230766296,0.4876534938812256
0.016004523262381554,0.0008304874645546079,7.450882434844971,-0.08186037093400955,0.515700101852417
0.015720469877123833,0.0008008379372768104,7.236418724060059,-0.0823812261223793,0.4959207773208618
0.01590287871658802,0.000825804250780493,7.1977458000183105,-0.08174886554479599,0.46977749466896057
0.016159115359187126,0.000844706257339567,7.302764415740967,-0.08168544620275497,0.4591103792190552
0.01638602837920189,0.0008773989975452423,7.502096652984619,-0.08211944252252579,0.48514559864997864
0.016664598137140274,0.000883645610883832,7.8005523681640625,-0.082053542137146,0.44476208090782166
0.016096580773591995,0.0008413643226958811,7.491024971008301,-0.08221884816884995,0.4540133476257324
0.016186092048883438,0.0008580973371863365,7.260709762573242,-0.08236907422542572,0.4461842477321625
0.01635165326297283,0.0008647367940284312,7.565126419067383,-0.08177397400140762,0.4827454090118408
0.01570577546954155,0.0007980919908732176,7.020310401916504,-0.0820801630616188,0.4932895600795746
0.015470403246581554,0.0007795974379405379,6.954586505889893,-0.08199761062860489,0.48715582489967346
0.015286310575902462,0.0007646521553397179,6.7006731033325195,-0.08255654573440552,0.4985915422439575
0.015017424710094929,0.0007216997328214347,6.490688323974609,-0.08184154331684113,0.4927569329738617
0.014618795365095139,0.0006938502774573863,6.124812602996826,-0.08196165412664413,0.4953120946884155
0.014569004066288471,0.000692477566190064,6.2544426918029785,-0.08211226016283035,0.48556163907051086
0.01448777411133051,0.0006844517192803323,6.174117565155029,-0.08210403472185135,0.47429075837135315
0.014575633220374584,0.0006934278644621372,6.144137382507324,-0.0821550190448761,0.4867367744445801
0.01453816331923008,0.0006837531691417098,6.30027437210083,-0.08228941261768341,0.500363290309906
0.014390803873538971,0.0006720508099533617,6.027176856994629,-0.08206074684858322,0.5141554474830627
0.014383499510586262,0.000671848829369992,6.000725746154785,-0.08222054690122604,0.49872544407844543
0.01453834492713213,0.0006847036420367658,6.293402194976807,-0.08222872018814087,0.5046483278274536
0.014736974611878395,0.0007014376460574567,6.299596309661865,-0.08206244558095932,0.5042587518692017
0.014916458167135715,0.0007142942631617188,6.203902244567871,-0.08181072026491165,0.4968395531177521
0.014556929469108582,0.0006835241802036762,6.478231430053711,-0.0822812095284462,0.48355498909950256
0.014565791003406048,0.000682857702486217,6.662240982055664,-0.08216692507266998,0.4979250729084015
0.01483126450330019,0.0007094753091223538,6.267269611358643,-0.08216949552297592,0.49830111861228943
0.014684055931866169,0.0006975402357056737,6.2877631187438965,-0.08219558000564575,0.49075058102607727
0.014610196463763714,0.0006887429626658559,6.246912479400635,-0.08214741945266724,0.5000271201133728
0.014627838507294655,0.0006902942550368607,6.217803001403809,-0.08197163790464401,0.49915507435798645
0.014869027771055698,0.0007159564411267638,6.256511688232422,-0.08214674144983292,0.5037809014320374
0.015039149671792984,0.0007231857744045556,6.483448505401611,-0.08221041411161423,0.4969877302646637
0.015181775204837322,0.0007456649327650666,6.710512161254883,-0.082375168800354,0.48853620886802673
0.015159839764237404,0.0007368999067693949,6.812884330749512,-0.08171743154525757,0.5120612978935242
0.015431576408445835,0.0007600899552926421,6.8950676918029785,-0.08239675313234329,0.4946935474872589
0.015590582974255085,0.0007801729370839894,7.003112316131592,-0.08224502950906754,0.47630175948143005
0.015446413308382034,0.0007660319679416716,6.790069580078125,-0.08194766938686371,0.5161821842193604
0.015318603254854679,0.0007548637222498655,6.7051191329956055,-0.0820588544011116,0.4790501594543457
0.014938397333025932,0.000718192954082042,6.651629447937012,-0.08204735070466995,0.5096496939659119
0.015347886830568314,0.0007577890646643937,6.826298236846924,-0.08230160921812057,0.501189112663269
0.015288728289306164,0.0007680923445150256,6.752038955688477,-0.081748828291893,0.5000531077384949
0.015197569504380226,0.000739733106456697,6.8785295486450195,-0.08219236880540848,0.494735985994339
0.015145007520914078,0.0007381938048638403,6.681379795074463,-0.08220335096120834,0.4898778200149536
0.015918010845780373,0.0008186139748431742,7.176113605499268,-0.08213791996240616,0.47793522477149963
0.01585991680622101,0.0008026906871236861,7.406261444091797,-0.08206569403409958,0.5005569458007812
0.015638863667845726,0.0007856170414015651,6.884113311767578,-0.082166388630867,0.49268364906311035
0.015163670293986797,0.0007468148251064122,6.5792317390441895,-0.08193251490592957,0.5081643462181091
0.01507864985615015,0.0007211458869278431,6.694728851318359,-0.08205333352088928,0.5029335618019104
0.014973772689700127,0.0007160874083638191,6.436720371246338,-0.08221561461687088,0.4913453161716461
0.014798258431255817,0.000708197068888694,6.531558990478516,-0.0821189284324646,0.4735870063304901
0.014578765258193016,0.0006834502564743161,6.326988220214844,-0.08201126754283905,0.4687364101409912
0.014527318067848682,0.0006891305092722178,6.33016300201416,-0.08215567469596863,0.49602779746055603
0.014735834673047066,0.0007029417902231216,6.410547256469727,-0.08241362869739532,0.4906809628009796
0.014925122261047363,0.000718839408364147,6.657564163208008,-0.08192339539527893,0.49398910999298096
0.014793896116316319,0.0007062097429297864,6.3881330490112305,-0.08234204351902008,0.5009089708328247
0.014959907159209251,0.000719951989594847,6.517396926879883,-0.08178948611021042,0.4597683846950531
0.014928537420928478,0.0007115294574759901,6.476893901824951,-0.08239339292049408,0.4893956482410431
0.014801740646362305,0.000703158846590668,6.630432605743408,-0.08198420703411102,0.5086273550987244
0.014587553218007088,0.0006825730088166893,6.451879978179932,-0.08196345716714859,0.4996884763240814
0.014664356596767902,0.0006922823959030211,6.394440650939941,-0.08197009563446045,0.49718260765075684
0.014774360693991184,0.0007048854604363441,6.7173075675964355,-0.08231501281261444,0.5046181082725525
0.014571270905435085,0.0006820170674473047,6.442041397094727,-0.08210697025060654,0.5023305416107178
0.014715214259922504,0.0006916007259860635,6.291493892669678,-0.08212066441774368,0.5100484490394592
0.014706267975270748,0.0006850157515145838,6.399696350097656,-0.0823708102107048,0.5121927261352539
0.014564665034413338,0.0006804416188970208,6.271011829376221,-0.08198757469654083,0.5102176666259766
0.014196580275893211,0.0006488786893896759,5.9768218994140625,-0.08232662826776505,0.4973052740097046
0.013944244012236595,0.000627930392511189,5.877063751220703,-0.08211148530244827,0.5063244700431824
0.013792235404253006,0.0006166888633742929,5.721944808959961,-0.08215245604515076,0.506191074848175
0.013656915165483952,0.0006023859605193138,5.759080410003662,-0.08194068819284439,0.5073291659355164
0.013713531196117401,0.000611552910413593,5.794287204742432,-0.08228658884763718,0.4920900762081146
0.013878053054213524,0.0006239794311113656,5.788149833679199,-0.0825662761926651,0.5046289563179016
0.013786138966679573,0.0006132823182269931,5.757023334503174,-0.08177964389324188,0.5035603642463684
0.013656008057296276,0.0006034980178810656,5.591089725494385,-0.08210768550634384,0.5059941411018372
0.013810817152261734,0.0006133952992968261,5.8478779792785645,-0.08231126517057419,0.5131292343139648
0.01421680673956871,0.000653296650853008,6.148899078369141,-0.0821872353553772,0.5150423645973206
0.014523995108902454,0.0006829625344835222,6.381573677062988,-0.08211861550807953,0.4984365403652191
0.014601534232497215,0.0006825434393249452,6.367316722869873,-0.08211813122034073,0.5038862824440002
0.014785842970013618,0.000703155470546335,6.552893161773682,-0.08177091926336288,0.4996141493320465
0.014746301807463169,0.0007034914451651275,6.5640716552734375,-0.0824493020772934,0.4979354441165924
0.014664893969893456,0.0006930307717993855,6.651365280151367,-0.08212614804506302,0.5016310214996338
0.014954178594052792,0.0007205065921880305,6.6474409103393555,-0.08209621161222458,0.4669238328933716
0.01506478525698185,0.0007264190353453159,6.694400310516357,-0.08247112482786179,0.5000646710395813
0.015305501408874989,0.0007490668795071542,6.51125955581665,-0.08167633414268494,0.47627153992652893
0.01471089106053114,0.0006917715654708445,6.410899639129639,-0.08213992416858673,0.517781674861908
0.014496141113340855,0.0006728977896273136,6.464254856109619,-0.08230152726173401,0.5071505308151245
0.014681221917271614,0.0006872725207358599,6.4727091789245605,-0.08206284046173096,0.4937255382537842
0.014768030494451523,0.0007029046537354589,6.431910037994385,-0.08221307396888733,0.49487313628196716
0.015345156192779541,0.000761064060498029,6.863738536834717,-0.08199474960565567,0.49529048800468445
0.01566353626549244,0.0008021930698305368,7.1034440994262695,-0.08236339688301086,0.49704059958457947
0.015519315376877785,0.0007716055843047798,7.0367207527160645,-0.08253470808267593,0.49138343334198
0.01483369991183281,0.0007016393356025219,6.5195441246032715,-0.08165743201971054,0.5044317245483398
0.014708386734127998,0.0006983204511925578,6.445891857147217,-0.08212694525718689,0.4886298179626465
0.015190447680652142,0.0007447019452229142,6.495758056640625,-0.0821075588464737,0.5104255676269531
0.014979606494307518,0.0007270369678735733,6.838417053222656,-0.08215384185314178,0.4982137382030487
0.015171052888035774,0.0007372671971097589,6.896389961242676,-0.08240409940481186,0.4928573668003082
0.014913915656507015,0.0007106281700544059,6.448429107666016,-0.08193884044885635,0.5029764771461487
0.014528508298099041,0.0006719570956192911,6.241477966308594,-0.0821804478764534,0.49834680557250977
0.014498901553452015,0.0006734315538778901,6.445559501647949,-0.08195984363555908,0.5013457536697388
0.014050843194127083,0.0006358354585245252,5.943183422088623,-0.08245768398046494,0.4999178349971771
0.013848753646016121,0.0006182880024425685,5.924117088317871,-0.08204877376556396,0.5051586031913757
0.013727552257478237,0.0006031956290826201,5.686513900756836,-0.08225490897893906,0.48900434374809265
0.013481306843459606,0.0005891025648452342,5.4197998046875,-0.08215009421110153,0.4937708377838135
0.013540353626012802,0.0005897992523387074,5.630200386047363,-0.08216569572687149,0.5070204138755798
0.013405250385403633,0.0005835394258610904,5.554653644561768,-0.08198321610689163,0.5138277411460876
0.013687990605831146,0.0006032159435562789,5.663576602935791,-0.08229364454746246,0.5150706768035889
0.013765414245426655,0.0006089451489970088,5.703855991363525,-0.08258745074272156,0.5150494575500488
0.013696623966097832,0.0006050184019841254,5.831453323364258,-0.08187554031610489,0.5168326497077942
0.013824362307786942,0.0006137962336651981,5.771524906158447,-0.0820486769080162,0.5123160481452942
0.014032125473022461,0.0006315077771432698,6.039616107940674,-0.08243938535451889,0.4952353239059448
0.014517409726977348,0.0006724323611706495,6.391859531402588,-0.08221792429685593,0.4995642602443695
0.014871417544782162,0.0007026874227449298,6.530988693237305,-0.08221008628606796,0.5015538334846497
0.014558532275259495,0.0006773668574169278,6.527428150177002,-0.08201934397220612,0.5040971636772156
0.014549917541444302,0.0006809540209360421,6.505441188812256,-0.08228138834238052,0.5114066004753113
0.014882060699164867,0.0007221841951832175,6.957650184631348,-0.08187659084796906,0.5015632510185242
0.01523467805236578,0.0007475896854884923,6.930940628051758,-0.08235467225313187,0.513680636882782
0.014796965755522251,0.0007014977163635194,6.659980773925781,-0.08229757845401764,0.5019927024841309
0.014078907668590546,0.0006362610729411244,5.978533744812012,-0.08210619539022446,0.4996658265590668
0.014175940304994583,0.000649371009785682,6.045347690582275,-0.08209002763032913,0.4968639314174652
0.013958410359919071,0.0006197576876729727,6.075519561767578,-0.08205398172140121,0.5227202773094177
0.013786527328193188,0.0006011002114973962,5.8485941886901855,-0.08239032328128815,0.5013591647148132
0.013437486253678799,0.0005801866645924747,5.537574768066406,-0.08202461153268814,0.5103347897529602
0.013261150568723679,0.0005731004057452083,5.421060562133789,-0.08241281658411026,0.5097425580024719
0.013561123050749302,0.0005909349420107901,5.594377040863037,-0.08175968378782272,0.5112970471382141
0.014177180826663971,0.0006432171794585884,6.236307144165039,-0.08247742056846619,0.4997367858886719
0.014391591772437096,0.0006596800521947443,6.360763072967529,-0.08196814358234406,0.5060036778450012
0.01422042865306139,0.0006435400573536754,6.150274276733398,-0.0822184830904007,0.5177830457687378
0.014169638976454735,0.000637154676951468,6.073573589324951,-0.08212742954492569,0.5120695233345032
0.014120548963546753,0.0006405411404557526,6.118937969207764,-0.08202621340751648,0.5252595543861389
0.014039966277778149,0.0006260201917029917,5.986624717712402,-0.08242116123437881,0.5194784998893738
0.014152870513498783,0.0006345791043713689,6.15131139755249,-0.08182330429553986,0.49483928084373474
0.014359826222062111,0.0006595755112357438,6.38114595413208,-0.08253694325685501,0.49995264410972595
0.014491182751953602,0.000682395591866225,6.330570220947266,-0.0822809636592865,0.5124553442001343
0.015918919816613197,0.000840887485537678,7.311008453369141,-0.0822157934308052,0.5258418917655945
0.016165688633918762,0.000867657654453069,7.347970008850098,-0.08185949921607971,0.4930342137813568
0.015753639861941338,0.0008100690902210772,7.114990711212158,-0.08186831325292587,0.5041047930717468
0.015260667540133,0.0007346527418121696,7.036625385284424,-0.08254051208496094,0.503797709941864
0.014368848875164986,0.0006574140279553831,5.9193572998046875,-0.08188722282648087,0.5127261877059937
0.013812760822474957,0.0006015092367306352,5.921543598175049,-0.08236362040042877,0.5080068707466125
0.013527085073292255,0.0005841687088832259,5.750629901885986,-0.08241599053144455,0.5070657730102539
0.01342592854052782,0.0005822235834784806,5.569513320922852,-0.08220509439706802,0.5097044110298157
0.0134713314473629,0.0005777508486062288,5.694080352783203,-0.08211228996515274,0.4992292821407318
0.013285888358950615,0.0005679468740709126,5.550746917724609,-0.08225563913583755,0.5104659199714661
0.013338481076061726,0.0005719903274439275,5.576023578643799,-0.08206451684236526,0.5054259896278381
0.013459241949021816,0.0005803080275654793,5.690977573394775,-0.08223777264356613,0.5177848935127258
0.013739536516368389,0.0006022948073223233,5.932044982910156,-0.08238595724105835,0.513910710811615
0.014064198359847069,0.0006356359808705747,6.206400394439697,-0.08202037960290909,0.4914141595363617
0.01439567282795906,0.0006628184346482158,6.164816379547119,-0.0823429673910141,0.5147364735603333
0.014393406920135021,0.0006616875762119889,5.998693466186523,-0.08211813122034073,0.5125873684883118
0.01462260726839304,0.0006916628335602582,6.369724750518799,-0.082126185297966,0.4989713132381439
0.015078605152666569,0.0007458194741047919,6.709630012512207,-0.08208122849464417,0.5119450688362122
0.015254700556397438,0.0007592906476929784,6.888089656829834,-0.08216892927885056,0.512164831161499
0.015339754521846771,0.0007669827900826931,7.2834296226501465,-0.08213148266077042,0.4984862804412842
0.015056082978844643,0.0007326121558435261,6.890879154205322,-0.08193207532167435,0.5077413320541382
0.014461849816143513,0.000664208666421473,6.21555233001709,-0.08235182613134384,0.5021563172340393
0.014008031226694584,0.0006231720326468349,5.8939127922058105,-0.0820690244436264,0.4985773265361786
0.013749726116657257,0.0005999410641379654,5.95552921295166,-0.08215943723917007,0.5011065006256104
0.01347731426358223,0.00058286904823035,5.479824542999268,-0.08238118141889572,0.5122529864311218
0.013165893033146858,0.0005561780999414623,5.537843227386475,-0.08212650567293167,0.5196166038513184
0.013117341324687004,0.0005495289224199951,5.332878112792969,-0.08194200694561005,0.5152668356895447
0.013142204843461514,0.0005541099817492068,5.303544998168945,-0.08249106258153915,0.5035662651062012
0.013192775659263134,0.0005620553274638951,5.377957820892334,-0.08217114210128784,0.4968741238117218
0.013112187385559082,0.000550301163457334,5.439371109008789,-0.0821242406964302,0.4883580207824707
0.01311584748327732,0.0005492572672665119,5.475823402404785,-0.08228836208581924,0.5103142261505127
0.013109015300869942,0.0005527400062419474,5.41391134262085,-0.08219893276691437,0.5110066533088684
0.013132930733263493,0.000560021901037544,5.433194637298584,-0.08235755562782288,0.515077531337738
0.012991140596568584,0.000539384491275996,5.259083271026611,-0.08220254629850388,0.5012864470481873
0.012995157390832901,0.0005412030150182545,5.43472146987915,-0.08199809491634369,0.5063838958740234
0.013300971128046513,0.0005654498818330467,5.404490947723389,-0.08227816969156265,0.5136061906814575
0.013313967734575272,0.00056314846733585,5.614907741546631,-0.08244865387678146,0.5066167116165161
0.013371042907238007,0.0005659409798681736,5.600780963897705,-0.08197363466024399,0.5094452500343323
0.013438871130347252,0.0005752456490881741,5.694472789764404,-0.08254289627075195,0.5081282258033752
0.013407758437097073,0.0005781560321338475,5.4909138679504395,-0.08224837481975555,0.5094283223152161
0.013344778679311275,0.0005670167156495154,5.447199821472168,-0.08204250782728195,0.5118921399116516
0.013097822666168213,0.0005496842204593122,5.432214260101318,-0.08216780424118042,0.5154193043708801
0.013349175453186035,0.0005700535257346928,5.672957420349121,-0.08210862427949905,0.5110694766044617
0.014416368678212166,0.0006700194207951427,6.582701206207275,-0.08245294541120529,0.5217108726501465
0.01509945373982191,0.0007253626827150583,6.87854528427124,-0.08205898106098175,0.5165953040122986
0.015326176770031452,0.000765404081903398,7.275361061096191,-0.08178725093603134,0.507872998714447
0.01547615509480238,0.0007669723127037287,7.073153495788574,-0.08266361802816391,0.5159268975257874
0.015252768062055111,0.0007431668927893043,7.114357948303223,-0.08225622773170471,0.4971219003200531
0.015330021269619465,0.0007539152866229415,7.098450183868408,-0.08174965530633926,0.503170907497406
0.015004326589405537,0.0007177178049460053,6.795894622802734,-0.08191847056150436,0.5028454065322876
0.014464281499385834,0.00066761503694579,6.310252666473389,-0.08227357268333435,0.4943266212940216
0.01410416979342699,0.0006255756015889347,6.11107063293457,-0.08193457126617432,0.5209927558898926
0.013976224698126316,0.0006189695559442043,5.998882293701172,-0.08218801021575928,0.49453994631767273
0.013982662931084633,0.0006250830483622849,6.058196067810059,-0.0822313129901886,0.4913909137248993
0.014355046674609184,0.0006612359429709613,6.089174270629883,-0.082464799284935,0.49194303154945374
0.014048791490495205,0.0006274226470850408,6.054612636566162,-0.08198627084493637,0.49776455760002136
0.013785678893327713,0.0006018783315084875,6.038834095001221,-0.08223690092563629,0.5161582827568054
0.013540173880755901,0.0005867834552191198,5.90708589553833,-0.08213559538125992,0.4977385103702545
0.01337288599461317,0.0005673372070305049,5.7015156745910645,-0.08222047984600067,0.4931837022304535
0.013073010370135307,0.0005395804182626307,5.427163124084473,-0.08219033479690552,0.512066125869751
0.012857159599661827,0.0005258973105810583,5.357322692871094,-0.0822918638586998,0.5063989162445068
0.012872041203081608,0.0005296271992847323,5.1892571449279785,-0.08231954276561737,0.5082111358642578
0.01303140539675951,0.0005380520597100258,5.356634616851807,-0.08234093338251114,0.5132521390914917
0.012952220626175404,0.0005393458413891494,5.500914573669434,-0.08194673806428909,0.5086378455162048
0.013290020637214184,0.0005596872651949525,5.494892597198486,-0.08255843073129654,0.5132607817649841
0.013202467933297157,0.0005626245983876288,5.399251461029053,-0.08192632347345352,0.5138425230979919
0.013287503272294998,0.0005613023531623185,5.804774761199951,-0.08239399641752243,0.5267086625099182
0.013228128664195538,0.0005563622107729316,5.428336143493652,-0.08229352533817291,0.517474353313446
0.013293560594320297,0.0005588135682046413,5.538845062255859,-0.0821661576628685,0.509768545627594
0.01318587176501751,0.0005525118904188275,5.471625328063965,-0.0823301300406456,0.5213351845741272
0.013292454183101654,0.000567216775380075,5.569096088409424,-0.08202286064624786,0.5178605914115906
0.013223822228610516,0.000558990694116801,5.440756797790527,-0.08234567195177078,0.5176377892494202
0.013100889511406422,0.0005484332796186209,5.602311611175537,-0.08221805840730667,0.518395185470581
0.013237040489912033,0.0005609617801383138,5.5051374435424805,-0.08247551321983337,0.5247049331665039
0.013366461731493473,0.0005670186365023255,5.740574836730957,-0.08209501951932907,0.5268911719322205
0.013602299615740776,0.0005923178396187723,5.739107608795166,-0.08220253884792328,0.5002413392066956
0.014003481715917587,0.0006280910456553102,6.223402976989746,-0.08213590830564499,0.5181050896644592
0.014268448576331139,0.0006452195812016726,6.299508571624756,-0.08221045881509781,0.4937649965286255
0.014141848310828209,0.0006326623260974884,6.486778259277344,-0.08206849545240402,0.5014504790306091
0.013755643740296364,0.0005993245868012309,5.716986656188965,-0.08234834671020508,0.5237077474594116
0.013532822951674461,0.0005826979759149253,5.74174165725708,-0.08220943063497543,0.5161327719688416
0.013455891981720924,0.0005749541451223195,5.770702838897705,-0.0821271613240242,0.5138608813285828
0.013334590941667557,0.0005629914812743664,5.7435126304626465,-0.08209475874900818,0.5302898287773132
0.013203508220613003,0.0005547552718780935,5.395190238952637,-0.08244652301073074,0.5289527773857117
0.013027498498558998,0.0005407494027167559,5.441334247589111,-0.08217911422252655,0.5256460905075073
0.01322840340435505,0.000550480093806982,5.630779266357422,-0.08228209614753723,0.5154937505722046
0.013493025675415993,0.000575599551666528,5.849248886108398,-0.0820610448718071,0.512779176235199
0.014093561097979546,0.0006276339991018176,6.211119651794434,-0.08223406225442886,0.5189358592033386
0.014002696610987186,0.0006253694882616401,6.162924766540527,-0.08221731334924698,0.5244327187538147
0.013742526061832905,0.0005951797356829047,5.60992431640625,-0.08199919015169144,0.5297871232032776
0.013696304522454739,0.0005922718555666506,5.876291275024414,-0.08265228569507599,0.5304739475250244
0.014213945716619492,0.0006535288994200528,6.290766716003418,-0.0821608230471611,0.5221541523933411
0.014463745057582855,0.0006645634421147406,6.293590545654297,-0.08199872821569443,0.5220081210136414
0.014236808754503727,0.0006406329921446741,6.398425102233887,-0.08261644095182419,0.505517303943634
0.014664540067315102,0.0006911918753758073,6.675044536590576,-0.08166195452213287,0.48878201842308044
0.014990064315497875,0.0007136448402889073,7.1649675369262695,-0.08240887522697449,0.514759361743927
0.014503838494420052,0.0006723537226207554,6.466813564300537,-0.0821993499994278,0.5062474608421326
0.01373682077974081,0.0005919707473367453,5.958780765533447,-0.08203425258398056,0.5038121342658997
0.0135847432538867,0.0005841085803695023,5.896103382110596,-0.08246451616287231,0.5231993794441223
0.013877206481993198,0.0006190978456288576,5.99161958694458,-0.08175888657569885,0.5149252414703369
0.013416238129138947,0.000572420482058078,5.858219623565674,-0.08251293003559113,0.5123326182365417
0.01331950630992651,0.0005645386991091073,5.540317058563232,-0.08220585435628891,0.5210441946983337
0.013419762253761292,0.0005669294041581452,5.74317741394043,-0.08224974572658539,0.5178083777427673
0.013356558978557587,0.0005631883395835757,5.710921287536621,-0.08231336623430252,0.5192348957061768
0.012987768277525902,0.000534295104444027,5.434992790222168,-0.08257358521223068,0.5167252421379089
0.013264537788927555,0.0005561183788813651,5.5819597244262695,-0.0818231999874115,0.519989550113678
0.013125276193022728,0.0005524143925867975,5.514599323272705,-0.08233320713043213,0.5166774392127991
0.013009672053158283,0.0005409462028183043,5.576643943786621,-0.08211895078420639,0.5243128538131714
0.012906362302601337,0.000530254386831075,5.517396450042725,-0.08224663883447647,0.5104616284370422
0.01284090057015419,0.000526182004250586,5.336191177368164,-0.08216767758131027,0.5148248076438904
0.012807157821953297,0.000520490575581789,5.240564823150635,-0.08249747008085251,0.5155358910560608
0.012763851322233677,0.0005242397892288864,5.259939670562744,-0.08238755911588669,0.5151979923248291
0.012887612916529179,0.0005268608801998198,5.268308162689209,-0.08222561329603195,0.5191650390625
0.01265021413564682,0.0005178505089133978,5.3390913009643555,-0.08227460831403732,0.5252066850662231
0.01294963899999857,0.0005373480962589383,5.441793441772461,-0.08230208605527878,0.5252888798713684
0.012979619204998016,0.0005336878239177167,5.408871650695801,-0.08217950165271759,0.5255168676376343
0.013236123137176037,0.0005520776030607522,5.670248031616211,-0.08210642635822296,0.52171391248703
0.013333938084542751,0.0005640446324832737,5.712459564208984,-0.08233983814716339,0.5283752083778381
0.013192695565521717,0.0005499240942299366,5.645904541015625,-0.08231843262910843,0.5293758511543274
0.013127048499882221,0.0005532727227546275,5.654443740844727,-0.0823691114783287,0.5199022889137268
0.013327058404684067,0.0005629769875667989,5.706345081329346,-0.08216796815395355,0.5284276604652405
0.013242858462035656,0.0005579351563937962,5.650033950805664,-0.08240851014852524,0.5252193808555603
0.013197187334299088,0.0005504980217665434,5.636667728424072,-0.08213543891906738,0.5278571248054504
0.013151622377336025,0.0005488921306096017,5.71495246887207,-0.08198394626379013,0.5228239297866821
0.013241748325526714,0.0005520453560166061,5.575403213500977,-0.08261576294898987,0.5146717429161072
0.013180109672248363,0.0005478942766785622,5.8247480392456055,-0.08209364116191864,0.5200753808021545
0.013148079626262188,0.0005484820576384664,5.438574314117432,-0.08234461396932602,0.5206556916236877
0.013272450305521488,0.000556708371732384,5.766288757324219,-0.0822153240442276,0.5285702347755432
0.013080707751214504,0.0005417637876234949,5.424508094787598,-0.08203799277544022,0.5148751139640808
0.012973759323358536,0.0005360770737752318,5.376075744628906,-0.08240032196044922,0.5186662077903748
0.012819872237741947,0.0005257937009446323,5.4980034828186035,-0.08238609880208969,0.5189595818519592
0.012827789410948753,0.000521537265740335,5.2007832527160645,-0.0823143720626831,0.5237049460411072
0.013016797602176666,0.0005487645394168794,5.396735668182373,-0.08222053200006485,0.5196216702461243
0.013377474620938301,0.0005712900310754776,5.771298885345459,-0.08221164345741272,0.5257914066314697
0.013345315121114254,0.0005710992263630033,5.843830108642578,-0.08226215839385986,0.518753707408905
0.013271117582917213,0.0005607327329926193,5.584569454193115,-0.08219078928232193,0.5057117342948914
0.013216450810432434,0.0005529088666662574,5.945274829864502,-0.08236245810985565,0.5195920467376709
0.013522859662771225,0.000583900255151093,5.888299465179443,-0.08221141993999481,0.5084234476089478
0.013320930302143097,0.0005620667361654341,5.676235675811768,-0.08199789375066757,0.5217530131340027
0.012883905321359634,0.0005236482247710228,5.578494071960449,-0.08227264881134033,0.5190840363502502
0.01259901374578476,0.0005003403057344258,5.225525856018066,-0.0824194848537445,0.5257477760314941
0.012372693978250027,0.0004873790603596717,5.129520893096924,-0.08201303333044052,0.5209080576896667
0.012298072688281536,0.00048245704965665936,5.002792835235596,-0.08245298266410828,0.5268489122390747
0.012421820312738419,0.0004937529447488487,5.15924596786499,-0.08246620744466782,0.514821469783783
0.012469562701880932,0.0004922987427562475,5.261753559112549,-0.08229602128267288,0.5187134742736816
0.013153907842934132,0.0005478679086081684,5.65855598449707,-0.08204329013824463,0.5207304954528809
0.013451524078845978,0.0005727019160985947,5.856875896453857,-0.0820806622505188,0.5239574909210205
0.013606603257358074,0.0005823379033245146,6.072838306427002,-0.08242499828338623,0.501308262348175
0.013154575601220131,0.0005466360016725957,5.560710906982422,-0.08209022134542465,0.5181187987327576
0.01291200052946806,0.0005219953018240631,5.2860541343688965,-0.08254146575927734,0.521954357624054
0.012749153189361095,0.000512906291987747,5.263850212097168,-0.08215981721878052,0.512910008430481
0.012697620317339897,0.0005090500344522297,5.229584693908691,-0.08221953362226486,0.5283836722373962
0.012690327130258083,0.0005048197344876826,5.238914489746094,-0.08247647434473038,0.5325773358345032
0.01280815526843071,0.0005166481714695692,5.3738579750061035,-0.08214299380779266,0.5234613418579102
0.01261848583817482,0.0005050624604336917,5.203892707824707,-0.08221939951181412,0.5249319076538086
0.012608112767338753,0.000501361268106848,5.263565540313721,-0.08234163373708725,0.5326693654060364
0.012573943473398685,0.0005042401608079672,5.086005210876465,-0.08227474242448807,0.5183963179588318
0.01249969843775034,0.0004999058437533677,5.224122047424316,-0.08229120075702667,0.5258316993713379
0.012321547605097294,0.00048390935990028083,4.9521589279174805,-0.08234473317861557,0.5308472514152527
0.012323684059083462,0.000484770949697122,4.999034881591797,-0.08216630667448044,0.5283181071281433
0.012628818862140179,0.000507161021232605,5.357451438903809,-0.08226197212934494,0.5209710001945496
0.012673928402364254,0.0005054516950622201,5.294491767883301,-0.08244365453720093,0.5171381831169128
0.012627428397536278,0.0005032091867178679,5.322081089019775,-0.08231021463871002,0.5314207673072815
0.012552746571600437,0.0005034396308474243,5.227079391479492,-0.08232688158750534,0.5316286087036133
0.012630024924874306,0.0005060179391875863,5.194648742675781,-0.08225522190332413,0.5279085636138916
0.012587787583470345,0.0005005039274692535,5.401827335357666,-0.08209161460399628,0.5284666419029236
0.012637452222406864,0.0005025858408771455,5.207332134246826,-0.08244085311889648,0.5338613986968994
0.01275291945785284,0.0005097073153592646,5.523277759552002,-0.08212024718523026,0.5260831713676453
0.0126398466527462,0.0005066980957053602,5.291011810302734,-0.08252157270908356,0.5326166152954102
0.012914293445646763,0.0005277083837427199,5.641654968261719,-0.08201909810304642,0.5267611145973206
0.01293787732720375,0.0005318397888913751,5.442070007324219,-0.0825929194688797,0.5235486030578613
0.012872347608208656,0.0005314499721862376,5.514176368713379,-0.08247924596071243,0.5154644250869751
0.013060876168310642,0.0005356167093850672,5.455332279205322,-0.08198025822639465,0.5293479561805725
0.013049713335931301,0.0005406859563663602,5.734031677246094,-0.08229903876781464,0.5264047980308533
0.013285304419696331,0.0005605302867479622,5.725559711456299,-0.08219348639249802,0.5269012451171875
0.013272315263748169,0.0005592675297521055,5.731817722320557,-0.08240603655576706,0.5262904763221741
0.013632004149258137,0.0005884987767785788,5.9892449378967285,-0.08220923691987991,0.5002250671386719
0.014259785413742065,0.0006547808297909796,6.3824687004089355,-0.08186517655849457,0.5201098918914795
0.014779984019696712,0.00069878512294963,6.586581707000732,-0.08254165202379227,0.527310311794281
0.014943589456379414,0.0007136886706575751,6.962253093719482,-0.08182889968156815,0.5113505125045776
0.01522999070584774,0.0007437582826241851,7.164377212524414,-0.08245071023702621,0.5133967995643616
0.014350058510899544,0.0006535578868351877,6.786084175109863,-0.08206278085708618,0.5251571536064148
0.014266404323279858,0.0006368380854837596,6.490131855010986,-0.08209942281246185,0.5221296548843384
0.01361082587391138,0.00057774264132604,5.913246154785156,-0.08207618445158005,0.5325061082839966
0.01306323055177927,0.0005364536191336811,5.426331996917725,-0.08249958604574203,0.5247767567634583
0.013099531643092632,0.0005392112070694566,5.519769191741943,-0.08222053200006485,0.5288805365562439
0.012723376043140888,0.0005093705840408802,5.226349353790283,-0.08228905498981476,0.5261344313621521
0.012460772879421711,0.0004890578566119075,5.152588367462158,-0.0822155624628067,0.5292469263076782
0.012154491618275642,0.00046703056432306767,5.000790119171143,-0.08235584199428558,0.5332159996032715
0.01199329923838377,0.0004558960790745914,4.7141218185424805,-0.08220943808555603,0.5298835635185242
0.012117404490709305,0.0004620967374648899,4.879120826721191,-0.08242195844650269,0.5296249985694885
0.011917227879166603,0.00045258633326739073,4.787778854370117,-0.0825028046965599,0.5300633311271667
0.011781052686274052,0.0004447565879672766,4.66308069229126,-0.08213290572166443,0.5277698040008545
0.011667514219880104,0.0004376005963422358,4.702167510986328,-0.08220576494932175,0.5358993411064148
0.01164298690855503,0.0004332836833782494,4.659131050109863,-0.08237729221582413,0.5270456671714783
0.01161238830536604,0.0004347351787146181,4.480818271636963,-0.08254396170377731,0.530555784702301
0.011755579151213169,0.00044211451313458383,4.687894821166992,-0.08198539912700653,0.5303857326507568
0.011805927380919456,0.0004457294417079538,4.678529262542725,-0.08243361115455627,0.5310956835746765
0.011807159520685673,0.00044464817619882524,4.785099983215332,-0.08226332813501358,0.5306130051612854
0.011883329600095749,0.00045240213512443006,4.745968818664551,-0.08236812055110931,0.5328862071037292
0.012099887244403362,0.0004663938598241657,5.07948112487793,-0.08233482390642166,0.531299352645874
0.012115510180592537,0.00046191932051442564,4.855096817016602,-0.08217763900756836,0.5309996008872986
0.012029197067022324,0.00045821169624105096,4.894876480102539,-0.08250762522220612,0.5325313210487366
0.011886131018400192,0.0004470233398023993,4.720602512359619,-0.08219076693058014,0.5269781947135925
0.011827491223812103,0.00045033497735857964,4.710199356079102,-0.08251285552978516,0.5335322022438049
0.012131622061133385,0.0004662136489059776,4.9272236824035645,-0.08214567601680756,0.524379551410675
0.012257079593837261,0.00047596098738722503,5.055781364440918,-0.08221910893917084,0.5291651487350464
0.012470987625420094,0.0004927474656142294,5.300103664398193,-0.08254142105579376,0.5306685566902161
0.012463326565921307,0.0004910840652883053,5.088660717010498,-0.0821743756532669,0.5330590605735779
0.01255597360432148,0.0004973555915057659,5.19771146774292,-0.08205702900886536,0.5317879319190979
0.012867886573076248,0.0005176003905944526,5.607437610626221,-0.0825895220041275,0.5376697778701782
0.01264309324324131,0.0005021339748054743,5.527018070220947,-0.08230086416006088,0.5140222311019897
0.012781825847923756,0.000515761028509587,5.275262832641602,-0.0823059007525444,0.5226231217384338
0.012683585286140442,0.0005101425340399146,5.372222900390625,-0.08227626234292984,0.526542603969574
0.012752656824886799,0.000510621874127537,5.425389766693115,-0.0820281058549881,0.5254492163658142
0.012909089215099812,0.0005257843877188861,5.5913405418396,-0.08228494971990585,0.5315194129943848
0.012842006981372833,0.0005197252612560987,5.620811939239502,-0.08229769766330719,0.5276613235473633
0.012894107028841972,0.0005281308549456298,5.4875078201293945,-0.08266701549291611,0.5261027216911316
0.012862280011177063,0.0005219237646088004,5.494733810424805,-0.08274330198764801,0.5209352374076843
0.01333461981266737,0.0005658832378685474,5.830430507659912,-0.0816739946603775,0.5214055180549622
0.013333572074770927,0.0005689022364094853,5.786849021911621,-0.08233571797609329,0.5332028865814209
0.013038156554102898,0.0005324258818291128,5.595241069793701,-0.08178861439228058,0.530561625957489
0.012982786633074284,0.0005328847910277545,5.643404960632324,-0.0827544555068016,0.5298778414726257
0.013073150999844074,0.0005428444128483534,5.838141918182373,-0.08212576806545258,0.5322785973548889
0.013272857293486595,0.0005635286215692759,5.742792129516602,-0.08222588151693344,0.5330008864402771
0.013216156512498856,0.0005598910502158105,5.598575115203857,-0.08237854391336441,0.5345277190208435
0.013189196586608887,0.0005504442960955203,5.641768932342529,-0.08242668956518173,0.5327569246292114
0.013111638836562634,0.0005433353944681585,5.715033054351807,-0.08222783356904984,0.5353643298149109
0.012411536648869514,0.0004891278804279864,5.038736343383789,-0.08256669342517853,0.531121015548706
0.012550399638712406,0.0004956102930009365,5.426352024078369,-0.08187679201364517,0.5261071920394897
0.01236631628125906,0.00047829977120272815,5.077202320098877,-0.08256086707115173,0.5327904224395752
0.012310167774558067,0.0004826811491511762,5.088203430175781,-0.08220504969358444,0.5325634479522705
0.012394030578434467,0.0004843492351938039,5.189463138580322,-0.08236879110336304,0.5353105664253235
0.012251073494553566,0.000474822852993384,5.26973819732666,-0.08219444006681442,0.5343777537345886
0.011722123250365257,0.0004366015491541475,4.670716762542725,-0.08227615803480148,0.5338999629020691
0.011683310382068157,0.0004338811559136957,4.632010459899902,-0.08255878835916519,0.5344668626785278
0.011723927222192287,0.00043567587272264063,4.689214706420898,-0.08218977600336075,0.5296342372894287
0.011606964282691479,0.0004289711359888315,4.707622051239014,-0.08244390040636063,0.5356383323669434
0.011614681221544743,0.000427718652645126,4.572935104370117,-0.08226604014635086,0.5401586890220642
0.011549408547580242,0.0004207231686450541,4.611091136932373,-0.08227155357599258,0.5331096053123474
0.01133016962558031,0.0004101017548236996,4.47907829284668,-0.08232048898935318,0.5287907719612122
0.011439664289355278,0.0004153714398853481,4.408084392547607,-0.08238764852285385,0.5319972634315491
0.011251564137637615,0.00040776983951218426,4.400007724761963,-0.08231276273727417,0.5365183353424072
0.01128619909286499,0.00041069649159908295,4.348690032958984,-0.08228850364685059,0.5360486507415771
0.01128489337861538,0.0004063768428750336,4.442259311676025,-0.08234308660030365,0.5340848565101624
0.011186311952769756,0.0004025495145469904,4.29592752456665,-0.08240865170955658,0.5318489670753479
0.011286969296634197,0.0004082125669810921,4.400514125823975,-0.0823044404387474,0.5377952456474304
0.01126751210540533,0.0004092551826033741,4.343745708465576,-0.08226898312568665,0.5358384251594543
0.011357245966792107,0.0004130792513024062,4.446997165679932,-0.08232278376817703,0.5373443961143494
0.011459947563707829,0.00041838421020656824,4.491094589233398,-0.08231296390295029,0.5383713245391846
0.011761541478335857,0.00043827714398503304,4.7874226570129395,-0.0824628472328186,0.5367822051048279
0.011930874548852444,0.0004467293038032949,5.004765510559082,-0.08201096951961517,0.5320014357566833
0.012095002457499504,0.0004659919941332191,5.054085731506348,-0.08249389380216599,0.5300730466842651
0.01259258110076189,0.0004961037775501609,5.396547794342041,-0.08243634551763535,0.5360719561576843
0.01277944166213274,0.0005088977632112801,5.575255870819092,-0.08220595121383667,0.5324333310127258
0.012806693091988564,0.0005147397168911994,5.442718029022217,-0.0825095847249031,0.5264614820480347
0.013181420974433422,0.0005444491980597377,5.836317539215088,-0.08230406045913696,0.5284960269927979
0.01363841537386179,0.0005806896951980889,6.326683044433594,-0.08219263702630997,0.5238261222839355
0.013987747952342033,0.000612432777415961,6.259965419769287,-0.08259939402341843,0.5295563340187073
0.014403549954295158,0.0006568487151525915,6.922815799713135,-0.08227763324975967,0.5331099629402161
0.014218352735042572,0.0006507025100290775,6.432656764984131,-0.08256687968969345,0.5224436521530151
0.014125242829322815,0.0006311275064945221,6.544987201690674,-0.08160252869129181,0.535287082195282
0.013332311995327473,0.0005664035561494529,5.6482744216918945,-0.08198533207178116,0.531932532787323
0.013188556768000126,0.0005431429017335176,5.707522869110107,-0.08259907364845276,0.5366413593292236
0.013043299317359924,0.0005403871764428914,5.596344470977783,-0.08237259089946747,0.5288947224617004
0.012982064858078957,0.0005408201832324266,5.762508869171143,-0.08186566084623337,0.5356186628341675
0.013356167823076248,0.0005638683796860278,6.110388278961182,-0.08292797952890396,0.5375284552574158
0.013245612382888794,0.0005473748315125704,5.776215076446533,-0.08214232325553894,0.528477668762207
0.012849926017224789,0.0005144788301549852,5.465623378753662,-0.08213192224502563,0.5425416827201843
0.012553817592561245,0.0004916483885608613,5.339780330657959,-0.08233023434877396,0.5269045829772949
0.012273050844669342,0.00047238299157470465,5.130975246429443,-0.08238644152879715,0.535069465637207
0.01191031001508236,0.00044848633115179837,4.765620708465576,-0.08228908479213715,0.5295016169548035
0.01187818218022585,0.0004460455384105444,5.071737766265869,-0.08247823268175125,0.5357134938240051
0.011774473823606968,0.0004384914645925164,4.661584377288818,-0.08217378705739975,0.5307081341743469
0.011874501593410969,0.00044521232484839857,4.874631404876709,-0.082213394343853,0.5288193821907043
0.011443374678492546,0.00041836773743852973,4.523914813995361,-0.0822407603263855,0.5295319557189941
0.011242350563406944,0.00040392205119132996,4.384005546569824,-0.08249171078205109,0.5370072722434998
0.011256936937570572,0.00040570771670900285,4.465358734130859,-0.08224397152662277,0.5398254990577698
0.011180287227034569,0.0004023029759991914,4.342615127563477,-0.08238846808671951,0.5378884077072144
0.011283042840659618,0.00040859635919332504,4.414185523986816,-0.08243563026189804,0.5369201302528381
0.01113565918058157,0.00039989518700167537,4.427645206451416,-0.08226487040519714,0.5364659428596497
0.011053751222789288,0.00039100050344131887,4.207170009613037,-0.08243991434574127,0.5336851477622986
0.01106332428753376,0.0003931662067770958,4.283614158630371,-0.08236443251371384,0.5359657406806946
0.01120634377002716,0.00040037938742898405,4.484432220458984,-0.08229690045118332,0.5397856831550598
0.011372684501111507,0.0004120214143767953,4.512412071228027,-0.08228233456611633,0.5374801754951477
0.011453131213784218,0.0004180156684014946,4.588196754455566,-0.08245519548654556,0.5343345999717712
0.011574200354516506,0.00042284754454158247,4.534904479980469,-0.08223998546600342,0.5363302826881409
0.011493369936943054,0.00041669447091408074,4.565768718719482,-0.08229386806488037,0.5348421931266785
0.011388205923140049,0.00041243870509788394,4.4337849617004395,-0.0824495330452919,0.5358494520187378
0.011310061439871788,0.00040983528015203774,4.512439250946045,-0.08235658705234528,0.5394288897514343
0.011555575765669346,0.0004191424523014575,4.718799114227295,-0.08226515352725983,0.5384032726287842
0.011641521006822586,0.00042857261723838747,4.919253349304199,-0.0822421982884407,0.5381572842597961
0.011744861491024494,0.00043705757707357407,4.828545570373535,-0.08242139965295792,0.5339508652687073
0.011518782936036587,0.0004177770751994103,4.626541614532471,-0.08217920362949371,0.5436288714408875
0.011498547159135342,0.00042109726928174496,4.708409309387207,-0.08258304744958878,0.5418446063995361
0.011508585885167122,0.0004211636842228472,4.684277057647705,-0.08228294551372528,0.5384668707847595
0.011781984940171242,0.00044116147910244763,4.786679744720459,-0.08228346705436707,0.5287485122680664
0.01204527635127306,0.00045704125659540296,4.9822821617126465,-0.08257639408111572,0.5350146889686584
0.012511431239545345,0.00048819667426869273,5.369865417480469,-0.08255067467689514,0.5321936011314392
0.012785383500158787,0.0005148574127815664,5.554512023925781,-0.0820624902844429,0.542526125907898
0.012787749990820885,0.0005230258102528751,5.526710033416748,-0.08228762447834015,0.5369641780853271
0.012994347140192986,0.0005332421278581023,5.788218021392822,-0.08211403340101242,0.5387460589408875
0.01314034964889288,0.0005442589754238725,5.627918720245361,-0.08223877847194672,0.5397700667381287
0.013182831928133965,0.0005443401169031858,5.751567363739014,-0.08244964480400085,0.5354990363121033
0.012887449935078621,0.0005245009670034051,5.472505569458008,-0.0822465717792511,0.54213547706604
0.013121070340275764,0.0005470390315167606,5.911276817321777,-0.08203399926424026,0.5348713397979736
0.013218877837061882,0.0005517033860087395,5.918747425079346,-0.08248991519212723,0.5389910936355591
0.013332847505807877,0.0005572253139689565,5.821234226226807,-0.08197159320116043,0.533418595790863
0.013376578688621521,0.0005621829768642783,6.031113624572754,-0.0827750563621521,0.5353400111198425
0.013615298084914684,0.0005850830348208547,6.215768814086914,-0.08233057707548141,0.5276601314544678
0.01321332436054945,0.0005485935253091156,5.889065742492676,-0.08229954540729523,0.5414437651634216
0.012607920914888382,0.0004938295460306108,5.4678826332092285,-0.08224932104349136,0.5409846901893616
0.01228502206504345,0.0004734214744530618,5.102993965148926,-0.08207573741674423,0.5361952185630798
0.012122958898544312,0.00046750286128371954,5.03877592086792,-0.08256629854440689,0.5369889140129089
0.012087847106158733,0.00046131553244777024,4.949953079223633,-0.0822937861084938,0.542002260684967
0.011913102120161057,0.00044169306056573987,4.994955062866211,-0.08243145793676376,0.5339736342430115
0.01193973794579506,0.0004470148414839059,4.859194755554199,-0.0822582095861435,0.5442460179328918
0.011650779284536839,0.00042819668306037784,4.794556617736816,-0.08215437084436417,0.5369796752929688
0.011400719173252583,0.0004133192705921829,4.418354034423828,-0.08249480277299881,0.5381360054016113
0.011564597487449646,0.00042072730138897896,4.784764289855957,-0.08231693506240845,0.5386489033699036
0.011522920802235603,0.0004167257866356522,4.637348651885986,-0.08214017748832703,0.5434386730194092
0.011529793962836266,0.000420441065216437,4.622349739074707,-0.08236804604530334,0.5372593998908997
0.011301100254058838,0.0004110284789931029,4.532492637634277,-0.08254075050354004,0.5391772985458374
0.011255019344389439,0.0004004300863016397,4.508718490600586,-0.08246863633394241,0.5411087274551392
0.011221246793866158,0.00039969274075701833,4.371226787567139,-0.08225429058074951,0.5380731225013733
0.011245443485677242,0.0003984009672421962,4.518270015716553,-0.08244366943836212,0.5417113900184631
0.011243835091590881,0.0004015127196907997,4.345373630523682,-0.08231643587350845,0.5370802283287048
0.011292273178696632,0.00040707134758122265,4.538355350494385,-0.08245537430047989,0.535298764705658
0.011207040399312973,0.00040512371924705803,4.455368518829346,-0.08234221488237381,0.5410937070846558
0.011296885088086128,0.00040354180964641273,4.573274612426758,-0.08214765787124634,0.5302227735519409
0.011183569207787514,0.0003999899490736425,4.456356525421143,-0.08245579898357391,0.5393087267875671
0.011504213325679302,0.0004132462199777365,4.667661190032959,-0.08256839215755463,0.542712390422821
0.01141524687409401,0.00041364922071807086,4.776773929595947,-0.08220727741718292,0.5426897406578064
0.011566349305212498,0.0004225533048156649,4.753694534301758,-0.08246303349733353,0.5357131958007812
0.01147482544183731,0.00042091644718311727,4.777122497558594,-0.08208832889795303,0.5428987145423889
0.011562975123524666,0.000419611664256081,4.7613701820373535,-0.08237279951572418,0.5428897738456726
0.01166548952460289,0.0004261929134372622,4.847689628601074,-0.08255860209465027,0.5377814769744873
0.011593936942517757,0.00042662108899094164,4.632998943328857,-0.08222424983978271,0.5366689562797546
0.011685052886605263,0.00042840599780902267,4.829955577850342,-0.0823950320482254,0.5416843891143799
0.01166372187435627,0.00042707021930254996,4.7006731033325195,-0.08233179152011871,0.5352127552032471
0.011534744873642921,0.0004216140659991652,4.851037979125977,-0.08264938741922379,0.5396004319190979
0.01204715482890606,0.0004574090417008847,5.056195259094238,-0.08238029479980469,0.5384464263916016
0.012075047940015793,0.00045830797171220183,5.1821770668029785,-0.08196693658828735,0.5448088645935059
0.011931369081139565,0.0004473448498174548,4.9964375495910645,-0.08207866549491882,0.5366498827934265
0.01203204970806837,0.0004578284570015967,5.2435808181762695,-0.08268860727548599,0.5456701517105103
0.012138104066252708,0.00045790630974806845,5.075313091278076,-0.0824153870344162,0.5380273461341858
0.012087127193808556,0.00046008810750208795,5.233895301818848,-0.0821433886885643,0.5385427474975586
0.011838605627417564,0.00044261253788135946,5.001767635345459,-0.08232221007347107,0.538267195224762
0.011644194833934307,0.0004248654004186392,4.602511405944824,-0.08260107785463333,0.5382127165794373
0.01148911751806736,0.0004132545436732471,4.674619197845459,-0.08216076344251633,0.5408619046211243
0.011503543704748154,0.00041860126657411456,4.574387550354004,-0.08221179246902466,0.5369186401367188
0.011841993778944016,0.0004409346147440374,4.85145902633667,-0.08248978108167648,0.5363009572029114
0.011503772810101509,0.00041380428592674434,4.708014965057373,-0.08265574276447296,0.542441189289093
0.01132212858647108,0.0004027813847642392,4.566370010375977,-0.08202140033245087,0.5426296591758728
0.011089133098721504,0.00038870819844305515,4.409509181976318,-0.08231053501367569,0.5372685790061951
0.011050671339035034,0.0003909354854840785,4.382559776306152,-0.08241654932498932,0.5431730151176453
0.011457386426627636,0.00041620683623477817,4.525565147399902,-0.08244230598211288,0.540202796459198
0.011437901295721531,0.00041618128307163715,4.661436080932617,-0.08219940960407257,0.5394637584686279
0.011916348710656166,0.0004459798219613731,5.050883769989014,-0.08256172388792038,0.5428240895271301
0.01213438343256712,0.00046092693810351193,5.058679103851318,-0.08202596008777618,0.5429999828338623
0.012222644872963428,0.000467113743070513,5.374361515045166,-0.0825253278017044,0.5401766300201416
0.012494414113461971,0.0004896236932836473,5.306254863739014,-0.08215116709470749,0.539743185043335
0.01266421563923359,0.0005070610204711556,5.70881462097168,-0.0828985944390297,0.535270631313324
0.01266046054661274,0.0005057347007095814,5.5723748207092285,-0.08186931163072586,0.5474433302879333
0.012846892699599266,0.0005194653058424592,5.883995532989502,-0.08242443203926086,0.5408511757850647
0.01308206282556057,0.0005340638454072177,5.848011493682861,-0.08221589028835297,0.5372723937034607
0.013009062968194485,0.0005372992600314319,5.964151859283447,-0.08246622234582901,0.532921552658081
0.012448773719370365,0.0004848600074183196,5.17693567276001,-0.08202279359102249,0.5438733696937561
0.01209648884832859,0.0004575240600388497,5.150081157684326,-0.08262841403484344,0.5257223844528198
0.011908691376447678,0.00044801976764574647,4.891456604003906,-0.08219823986291885,0.5436357259750366
0.011889531277120113,0.00044238154077902436,4.996279239654541,-0.08234889805316925,0.537452757358551
0.011550622060894966,0.00042285973904654384,4.830519199371338,-0.08258549869060516,0.5400838255882263
0.011264152824878693,0.00040201618685387075,4.526393890380859,-0.08215022832155228,0.5406959652900696
0.011160260066390038,0.00039393940824083984,4.377877712249756,-0.0824299231171608,0.536027729511261
0.011100228875875473,0.00038896582555025816,4.379286766052246,-0.08235883712768555,0.5442771315574646
0.010838042944669724,0.00037352798972278833,4.1382365226745605,-0.08245330303907394,0.5385491251945496
0.010746167972683907,0.0003674354520626366,4.131805896759033,-0.08228210359811783,0.5393168330192566
0.010740939527750015,0.00037013532710261643,4.198807716369629,-0.08237611502408981,0.5424761772155762
0.010844266973435879,0.00037219375371932983,4.280328750610352,-0.0823180079460144,0.542335569858551
0.010867242701351643,0.00037700391840189695,4.359155654907227,-0.08244652301073074,0.5419950485229492
0.01095137745141983,0.00038191312341950834,4.30597448348999,-0.08229967206716537,0.5454273223876953
0.01102987676858902,0.00038426421815529466,4.321638584136963,-0.0823717713356018,0.5472099781036377
0.011360625736415386,0.0004016313177999109,4.556345462799072,-0.08240749686956406,0.5426324009895325
0.0111922612413764,0.0003938226727768779,4.476295471191406,-0.08247854560613632,0.5460360646247864
0.011154931038618088,0.00039022669079713523,4.498981475830078,-0.08226557821035385,0.5478584170341492
0.011271778494119644,0.0004013721481896937,4.616261959075928,-0.08231844753026962,0.5362248420715332
0.011434233747422695,0.00041437294567003846,4.727048873901367,-0.08219318836927414,0.5472590327262878
0.011687442660331726,0.0004279479035176337,4.893279552459717,-0.08252540230751038,0.5432813763618469
0.011885284446179867,0.00043946702498942614,4.9580464363098145,-0.08220749348402023,0.5438188910484314
0.011742371134459972,0.00043348059989511967,5.016080856323242,-0.08291207998991013,0.5407406091690063
0.01148803811520338,0.0004159810778219253,4.591628551483154,-0.08188194036483765,0.5432524085044861
0.011465365067124367,0.00041657453402876854,4.538483142852783,-0.08257578313350677,0.539242684841156
0.011422587558627129,0.00040820156573317945,4.688048839569092,-0.08209208399057388,0.5464729070663452
0.011296127922832966,0.00040236374479718506,4.5892486572265625,-0.08245961368083954,0.5447602868080139
0.011202357709407806,0.0003950644750148058,4.629148960113525,-0.08234754949808121,0.5369518399238586
0.011216533370316029,0.0003984437498729676,4.5025482177734375,-0.08247003704309464,0.5463683009147644
0.011311247944831848,0.0004018215404357761,4.63370418548584,-0.08241535723209381,0.5469552874565125
0.011416129767894745,0.00040951507980935276,4.723745346069336,-0.08243338018655777,0.5462460517883301
0.011704204604029655,0.0004282519512344152,4.966411113739014,-0.08241569250822067,0.5435650944709778
0.011726709082722664,0.0004311993543524295,4.812888145446777,-0.08233068883419037,0.5464195609092712
0.011807547882199287,0.000435656780609861,4.9053449630737305,-0.08219508826732635,0.5409165024757385
0.011766086332499981,0.0004325427580624819,5.0068039894104,-0.08221427351236343,0.547235906124115
0.011636755429208279,0.00042388628935441375,4.881972789764404,-0.08251308649778366,0.5418325662612915
0.01150476187467575,0.0004129292501602322,4.691483497619629,-0.08264238387346268,0.544130265712738
0.011612971313297749,0.000418095791246742,4.954683780670166,-0.08210451155900955,0.5428280234336853
0.011363453231751919,0.00040248053846880794,4.54500150680542,-0.08244816213846207,0.544463038444519
0.0113522969186306,0.00040648304275237024,4.624444007873535,-0.08247897773981094,0.5414440631866455
0.011721658520400524,0.0004354352713562548,5.030988693237305,-0.08254845440387726,0.5453424453735352
0.011858134530484676,0.00044005014933645725,4.922261714935303,-0.08185591548681259,0.5339486002922058
0.011819981038570404,0.00043765551527030766,5.01291561126709,-0.08253998309373856,0.5437924861907959
0.011909524910151958,0.0004434120492078364,5.163657188415527,-0.0822334885597229,0.5461065769195557
0.011745143681764603,0.00042849400779232383,4.840785980224609,-0.08238980919122696,0.5438694357872009
0.011687442660331726,0.0004278425476513803,4.769242763519287,-0.08257744461297989,0.5414813160896301
0.011847371235489845,0.0004458471084944904,4.994413375854492,-0.0821341797709465,0.5450450778007507
0.011761615984141827,0.00043491102405823767,4.961668968200684,-0.08281704038381577,0.5441579222679138
0.012376395054161549,0.00048303385847248137,5.277069091796875,-0.08206645399332047,0.5427628755569458
0.011918388307094574,0.0004483857483137399,5.0462541580200195,-0.08235139399766922,0.5424416661262512
0.011698849499225616,0.0004336172132752836,4.957427024841309,-0.08246681839227676,0.5445892214775085
0.011536333709955215,0.0004157086950726807,4.785763740539551,-0.08231108635663986,0.5453991293907166
0.011242146603763103,0.00039745555841363966,4.578980445861816,-0.08225785940885544,0.5453101396560669
0.010971452109515667,0.0003784028231166303,4.370843410491943,-0.08244115114212036,0.5496671199798584
0.010862208902835846,0.00036978302523493767,4.4010090827941895,-0.0822792649269104,0.5497140884399414
0.01071659754961729,0.0003629212733358145,4.231034278869629,-0.08250243961811066,0.5457810759544373
0.010448233224451542,0.0003479564329609275,4.15964412689209,-0.08234500885009766,0.5485150218009949
0.01029190793633461,0.00034139788476750255,3.9757494926452637,-0.08242006599903107,0.5490456819534302
0.010129712522029877,0.0003334189532324672,3.8407628536224365,-0.08256866037845612,0.5480008721351624
0.010213307105004787,0.00033670509583316743,3.893416404724121,-0.0824255719780922,0.5474805235862732
0.01013874914497137,0.0003339145623613149,3.8082284927368164,-0.08222135156393051,0.5463129281997681
0.010182158090174198,0.00033454445656389,3.7686564922332764,-0.08255394548177719,0.5481148362159729
0.010175053030252457,0.0003359306720085442,3.8926775455474854,-0.08248686790466309,0.5466974377632141
0.010218196548521519,0.0003357397799845785,3.9424943923950195,-0.0823454037308693,0.54209965467453
0.010321855545043945,0.0003426883486099541,3.8359830379486084,-0.08230974525213242,0.5446142554283142
0.010380423627793789,0.00034506883821450174,4.193728446960449,-0.08246872574090958,0.5444819927215576
0.010445988737046719,0.00034815838444046676,4.047158241271973,-0.0822116881608963,0.5442764163017273
0.010615049861371517,0.000360297504812479,4.209397315979004,-0.08263835310935974,0.5427220463752747
0.01092345267534256,0.0003773155913222581,4.550506591796875,-0.08214856684207916,0.5417162775993347
0.011216153390705585,0.0003939484304282814,4.64152193069458,-0.0825832411646843,0.5420066714286804
0.011489810422062874,0.0004147941363044083,4.860930442810059,-0.08226141333580017,0.5447514653205872
0.011681025847792625,0.0004290099604986608,5.142001628875732,-0.08249509334564209,0.5461767315864563
0.012044841423630714,0.000452943320851773,5.248166561126709,-0.08230967819690704,0.5493627786636353
0.011804132722318172,0.0004351498791947961,4.932708263397217,-0.08239690214395523,0.5460444092750549
0.011609322391450405,0.00042134494287893176,5.081268787384033,-0.08238279074430466,0.5484569668769836
0.01169049832969904,0.00043212203308939934,4.997194290161133,-0.08211673051118851,0.5475712418556213
0.012061002664268017,0.00045602195314131677,5.209406852722168,-0.08257085829973221,0.5464065670967102
0.012669431045651436,0.0005108039476908743,5.6565260887146,-0.08232267946004868,0.5430892109870911
0.01361622754484415,0.0005927807069383562,6.326637268066406,-0.08201059699058533,0.5449241399765015
0.013992049731314182,0.0006300228415057063,6.363569736480713,-0.08301074802875519,0.5428386330604553
0.013179690577089787,0.0005493045900948346,5.829317569732666,-0.08210460096597672,0.545310914516449
0.012538936920464039,0.0004894058220088482,5.5457329750061035,-0.0823313444852829,0.545101523399353
0.0119556225836277,0.0004540819791145623,5.131385326385498,-0.08245284855365753,0.5482385754585266
0.011589974164962769,0.0004219749534968287,4.718669891357422,-0.08234460651874542,0.5442063212394714
0.011285211890935898,0.0003993749269284308,4.677062511444092,-0.08266659826040268,0.5434924960136414
0.010976014658808708,0.0003801333368755877,4.55108642578125,-0.08229008316993713,0.5430510640144348
0.010865196585655212,0.00037578324554488063,4.21735954284668,-0.0824066773056984,0.5473279356956482
0.010703220032155514,0.0003642472147475928,4.358194351196289,-0.08220244199037552,0.5450482368469238
0.010655757039785385,0.0003604961384553462,4.208418846130371,-0.08266380429267883,0.544444739818573
0.010504684410989285,0.0003526087384670973,4.019516468048096,-0.08222926408052444,0.5437063574790955
0.01025682408362627,0.0003388973418623209,3.9449315071105957,-0.08234935253858566,0.5473347306251526
0.010289309546351433,0.0003379817062523216,4.11934232711792,-0.08239209651947021,0.5477338433265686
0.01021365262567997,0.0003329348110128194,3.880467176437378,-0.08226297050714493,0.5494441390037537
0.009950311854481697,0.0003218192723579705,3.6051580905914307,-0.08261758089065552,0.5444786548614502
0.00984148308634758,0.0003169550036545843,3.5571749210357666,-0.08229155838489532,0.5455978512763977
0.009841524064540863,0.0003167264221701771,3.7552905082702637,-0.0823923796415329,0.5477226376533508
0.00981389544904232,0.00031588104320690036,3.5584685802459717,-0.082329660654068,0.5476892590522766
0.009908213280141354,0.0003205232787877321,3.7337183952331543,-0.08245167136192322,0.5479697585105896
0.010165343061089516,0.00033330978476442397,3.8898513317108154,-0.08239898830652237,0.5451443791389465
0.010306064039468765,0.0003400991845410317,3.9871747493743896,-0.08253172785043716,0.5463967323303223
0.010260212235152721,0.00033522004378028214,3.8653571605682373,-0.08258654177188873,0.5494256615638733
0.010348386131227016,0.00034145236713811755,3.9881503582000732,-0.08236730098724365,0.5480958819389343
0.010575840249657631,0.00035269418731331825,4.241514205932617,-0.08228816837072372,0.5454120635986328
0.010505152866244316,0.00034776126267388463,4.061334133148193,-0.08244254440069199,0.5471971035003662
0.010392588563263416,0.0003452898235991597,4.1427903175354,-0.08247752487659454,0.5472345948219299
0.01046482753008604,0.0003492578980512917,4.0394415855407715,-0.08227788656949997,0.5476139783859253
0.01068826112896204,0.0003636900510173291,4.271973133087158,-0.08257409930229187,0.5476810932159424
0.011192294768989086,0.0003910851082764566,4.708302021026611,-0.08247212320566177,0.545455276966095
0.011401034891605377,0.00040249028825201094,4.962651252746582,-0.08246712386608124,0.5475800037384033
0.011443893425166607,0.0004085458640474826,4.851208686828613,-0.08216443657875061,0.5481193661689758
0.011140821501612663,0.0003882188757415861,4.566686153411865,-0.08236820250749588,0.5489123463630676
0.011314013972878456,0.00039988470962271094,4.512825965881348,-0.08257025480270386,0.5501236319541931
0.0112483324483037,0.0003932300896849483,4.5758280754089355,-0.08212026953697205,0.5450955033302307
0.011212997138500214,0.0003905484336428344,4.602545738220215,-0.08270885050296783,0.5477045178413391
0.011211298406124115,0.0003963311028201133,4.578260898590088,-0.08246943354606628,0.5423416495323181
0.011779502034187317,0.0004338601720519364,4.951060771942139,-0.0823880210518837,0.5469334125518799
0.01194179430603981,0.0004520151996985078,5.30908203125,-0.08216442912817001,0.5431427359580994
0.01176578737795353,0.00042918030521832407,4.999594211578369,-0.08223666250705719,0.542112410068512
0.011281011626124382,0.0004026317910756916,4.802738189697266,-0.0826076865196228,0.5449755787849426
0.011134715750813484,0.0003882227756548673,4.8052802085876465,-0.08237992972135544,0.5462729930877686
0.010763818398118019,0.0003654547326732427,4.378927230834961,-0.08238314837217331,0.5471997857093811
0.010851423256099224,0.0003706721181515604,4.41962194442749,-0.08229944854974747,0.5488706231117249
0.010846768505871296,0.0003693227772600949,4.350012302398682,-0.08248666673898697,0.5503608584403992
0.010663495399057865,0.00035796326119452715,4.277272701263428,-0.08232464641332626,0.5506912469863892
0.010847882367670536,0.0003678426146507263,4.4967427253723145,-0.08252304047346115,0.5495546460151672
0.01125050988048315,0.0003969758399762213,4.587641716003418,-0.08246437460184097,0.5432870388031006
0.011081816628575325,0.00038422225043177605,4.564091205596924,-0.08238516747951508,0.5450782179832458
0.010934361256659031,0.00037231892929412425,4.431007385253906,-0.0819488987326622,0.5479961633682251
0.011163979768753052,0.00039249364635907114,4.623185634613037,-0.08253204822540283,0.5471457242965698
0.011053121648728848,0.00038206414319574833,4.500465393066406,-0.0824236273765564,0.5468252897262573
0.011107934638857841,0.00038914562901481986,4.588368892669678,-0.08246801793575287,0.5489209294319153
0.011441058479249477,0.0004133212787564844,4.889495849609375,-0.08262253552675247,0.5439831614494324
0.01121036522090435,0.00039424403803423047,4.87531852722168,-0.08228392153978348,0.5460032820701599
0.011167610995471478,0.00039521706639789045,4.590418815612793,-0.08214791864156723,0.5450828671455383
0.011019352823495865,0.00038905307883396745,4.481654167175293,-0.08243712037801743,0.5521098971366882
0.011157692410051823,0.00038992767804302275,4.513829231262207,-0.08252809941768646,0.5515046715736389
0.010858980007469654,0.0003716062055900693,4.438870906829834,-0.0824497640132904,0.5439837574958801
0.01081659086048603,0.00037107360549271107,4.250005722045898,-0.08251459896564484,0.5509430766105652
0.01117085013538599,0.0003937525034416467,4.599855899810791,-0.08261987566947937,0.5514078140258789
0.011247782967984676,0.00039350218139588833,4.59843111038208,-0.08216627687215805,0.5472250580787659
0.010819126851856709,0.00036733990418724716,4.295773506164551,-0.08216454088687897,0.5527970194816589
0.010839174501597881,0.00036645171348936856,4.409547805786133,-0.08241766691207886,0.5485296845436096
0.010694866068661213,0.00036194708081893623,4.497581481933594,-0.08248469978570938,0.5465173125267029
0.010877806693315506,0.0003742121043615043,4.590286731719971,-0.08252766728401184,0.5494635701179504
0.010983153246343136,0.0003733612538781017,4.332540035247803,-0.08240748196840286,0.5516443848609924
0.010742905549705029,0.00036244140937924385,4.215931415557861,-0.08218025416135788,0.5448035001754761
0.010740934871137142,0.0003645889519248158,4.335258960723877,-0.08242988586425781,0.5441542267799377
0.01065912563353777,0.00035690615186467767,4.16107702255249,-0.08251582086086273,0.5454590320587158
0.010675744153559208,0.000359841447789222,4.3184990882873535,-0.0823974460363388,0.5501003861427307
0.010745667852461338,0.0003598843759391457,4.426026344299316,-0.08232983946800232,0.5460755228996277
0.01046599168330431,0.0003467071510385722,4.056019306182861,-0.08239717036485672,0.5490124821662903
0.010416887700557709,0.0003446039045229554,4.163661956787109,-0.08254285156726837,0.5512120723724365
0.010333925485610962,0.00033717931364662945,4.026469707489014,-0.08227656781673431,0.5476696491241455
0.010257934220135212,0.0003333941858727485,3.982180595397949,-0.08269273489713669,0.5469923615455627
0.010142595507204533,0.0003270323504693806,3.932072162628174,-0.08212342858314514,0.5514279007911682
0.010045552626252174,0.00032211432699114084,3.907923460006714,-0.08268628269433975,0.5501163601875305
0.009974978864192963,0.000317293539410457,3.710738182067871,-0.08235936611890793,0.5488840937614441
0.009873525239527225,0.0003109867393504828,3.699904203414917,-0.08243902027606964,0.5515506863594055
0.00985995028167963,0.0003123475762549788,3.770796060562134,-0.08247740566730499,0.5517683625221252
0.009853092022240162,0.0003120217297691852,3.766583204269409,-0.08244538307189941,0.5474865436553955
0.009987476281821728,0.00031911596306599677,3.8356375694274902,-0.08232617378234863,0.5470609068870544
0.010102725587785244,0.0003249440633226186,3.862544298171997,-0.08254744857549667,0.5480045676231384
0.010083574801683426,0.0003241608792450279,3.8930251598358154,-0.08249806612730026,0.5497499108314514
0.010114901699125767,0.0003258332726545632,4.012707710266113,-0.08227577805519104,0.545050859451294
0.010249471291899681,0.00033233227441087365,3.9517576694488525,-0.08225246518850327,0.5514925122261047
0.010536719113588333,0.0003492973919492215,4.359991073608398,-0.08261491358280182,0.5471324324607849
0.010537036694586277,0.0003481140302028507,4.149475574493408,-0.0826636329293251,0.5527042746543884
0.01090310513973236,0.0003692232712637633,4.384319305419922,-0.08236468583345413,0.5508076548576355
0.01130683347582817,0.0003968131495639682,4.674196720123291,-0.0821700245141983,0.5483907461166382
0.011488204821944237,0.0004115363990422338,4.7665910720825195,-0.08266562968492508,0.5417484641075134
0.011806365102529526,0.0004350415547378361,5.025607109069824,-0.08273515850305557,0.5493852496147156
0.011721083894371986,0.00042584355105645955,5.1443610191345215,-0.08212868124246597,0.5471603870391846
0.011302391067147255,0.00040292207268066704,4.694233417510986,-0.0823102667927742,0.5462746620178223
0.011064517311751842,0.0003838985867332667,4.6255645751953125,-0.08235392719507217,0.551222026348114
0.0107711898162961,0.0003634943859651685,4.430989742279053,-0.08256227523088455,0.551706075668335
0.010661418549716473,0.00035811818088404834,4.287881374359131,-0.08229583501815796,0.5534003376960754
0.010551364161074162,0.00034890457754954696,4.140549182891846,-0.08244208991527557,0.5509852766990662
0.010562742128968239,0.0003527269000187516,4.221136569976807,-0.08240887522697449,0.5495691895484924
0.010468761436641216,0.00034864689223468304,4.13777494430542,-0.08254139125347137,0.5526191592216492
0.010576692409813404,0.00035573026980273426,4.463438987731934,-0.08220185339450836,0.5522500872612
0.010643627494573593,0.00035808628308586776,4.339374542236328,-0.08257704228162766,0.5522913336753845
0.010642693378031254,0.0003564940416254103,4.333471775054932,-0.08228222280740738,0.5505098700523376
0.010755084455013275,0.00036157056456431746,4.349289894104004,-0.08253786712884903,0.5506588816642761
0.010634815320372581,0.00035518751246854663,4.253154277801514,-0.08242662996053696,0.5502357482910156
0.010568873956799507,0.0003520340542308986,4.209303855895996,-0.08246348053216934,0.548051118850708
0.010438946075737476,0.00034522253554314375,4.080782413482666,-0.08246000111103058,0.5494582056999207
0.010661955922842026,0.0003611602878663689,4.435502052307129,-0.0823325589299202,0.5470287203788757
0.010905779898166656,0.00037237099604681134,4.469091415405273,-0.0824604257941246,0.5541998744010925
0.011067749932408333,0.00038352172123268247,4.67287015914917,-0.08207829296588898,0.5501335263252258
0.010969690978527069,0.00037695502396672964,4.5309062004089355,-0.08237266540527344,0.5543266534805298
0.010995917022228241,0.00037453806726261973,4.666735649108887,-0.08240560442209244,0.5511009693145752
0.010812920518219471,0.000364575011190027,4.349849224090576,-0.08270196616649628,0.5552793145179749
0.010582678020000458,0.00035004792152903974,4.185628414154053,-0.08223757147789001,0.5515840649604797
0.010451778769493103,0.00034277269151061773,4.102573394775391,-0.08249375969171524,0.5528900623321533
0.010481001809239388,0.00034445567871443927,4.068391799926758,-0.0824957862496376,0.5522200465202332
0.010282282717525959,0.00033347829594276845,4.1719560623168945,-0.08234895020723343,0.553412139415741
0.010031369514763355,0.0003221393853891641,4.008144855499268,-0.08224859088659286,0.5479798913002014
0.010149773210287094,0.0003262109821662307,4.118124485015869,-0.0824730396270752,0.5518791079521179
0.01027135644108057,0.00033484690356999636,4.13895320892334,-0.08247165381908417,0.5501967072486877
0.010461507365107536,0.0003478922008071095,4.4315876960754395,-0.08236237615346909,0.5509855151176453
0.010639344342052937,0.0003555934817995876,4.297648906707764,-0.082206130027771,0.556077778339386
0.010933411307632923,0.000373642920749262,4.575566291809082,-0.08270967751741409,0.5509331226348877
0.010846439749002457,0.0003656925691757351,4.536412715911865,-0.08226104080677032,0.5516349673271179
0.010760173201560974,0.00036148616345599294,4.400574207305908,-0.0824642926454544,0.5531070232391357
0.010760405100882053,0.0003588335239328444,4.398739814758301,-0.08254212886095047,0.5544571876525879
0.01058872789144516,0.00034855870762839913,4.433816909790039,-0.08262621611356735,0.5550539493560791
0.010660583153367043,0.0003569918917492032,4.373176574707031,-0.08242499083280563,0.5506159663200378
0.010849674232304096,0.00036876913509331644,4.715632438659668,-0.08223303407430649,0.5535803437232971
0.010655487887561321,0.0003560934273991734,4.389939308166504,-0.08255967497825623,0.5509254336357117
0.010636412538588047,0.00035305609344504774,4.308909893035889,-0.0824442207813263,0.5468911528587341
0.010531671345233917,0.000346457032719627,4.1277689933776855,-0.08218549937009811,0.5519635677337646
0.010431216098368168,0.0003412296646274626,4.131584167480469,-0.08263642340898514,0.5559317469596863
0.010201366618275642,0.0003293846966698766,3.971992254257202,-0.08240672200918198,0.5544484257698059
0.01013101078569889,0.0003259525110479444,3.9091336727142334,-0.08257301896810532,0.5521765351295471
0.010029209777712822,0.0003163930377922952,4.019773960113525,-0.08224302530288696,0.5540397763252258
0.010006673634052277,0.0003177841426804662,3.950302839279175,-0.08249863982200623,0.5509312748908997
0.009924745187163353,0.0003118439926765859,3.745481491088867,-0.0824737697839737,0.5508304238319397
0.009951002895832062,0.0003119410830549896,3.786936044692993,-0.08261120319366455,0.5568035840988159
0.009966167621314526,0.0003138755273539573,4.0011515617370605,-0.08243875205516815,0.5528209209442139
0.010102882981300354,0.0003226317057851702,3.8709065914154053,-0.08249037712812424,0.5559753775596619
0.0101622911170125,0.0003255491319578141,3.979992389678955,-0.08226799219846725,0.551675021648407
0.010073047131299973,0.000321810191962868,3.995488405227661,-0.08244361728429794,0.555324137210846
0.010053801350295544,0.0003197697806172073,3.913837194442749,-0.08237449824810028,0.5537347793579102
0.010225223377346992,0.0003294019552413374,4.061307907104492,-0.08257825672626495,0.5551378130912781
0.01041259802877903,0.0003435406251810491,4.171211242675781,-0.08261900395154953,0.5555084347724915
0.010583320632576942,0.00035196036333218217,4.381697177886963,-0.08217895030975342,0.5522747039794922
0.01076654251664877,0.00036518025444820523,4.423635959625244,-0.08259502798318863,0.5539179444313049
0.010789034888148308,0.00036099887802265584,4.353581428527832,-0.08248730003833771,0.553372323513031
0.010548536665737629,0.0003512083785608411,4.374602794647217,-0.08247614651918411,0.550919234752655
0.010246878489851952,0.00032856990583240986,4.0591139793396,-0.08229422569274902,0.556209146976471
0.010268391110002995,0.00033156719291582704,4.129976749420166,-0.08241194486618042,0.5535356402397156
0.010248444974422455,0.00033020941191352904,4.182077884674072,-0.08260146528482437,0.5524888634681702
0.010351895354688168,0.00033664682996459305,4.2939300537109375,-0.08246972411870956,0.5550298094749451
0.010389748960733414,0.0003382809227332473,4.239334583282471,-0.08242186158895493,0.5535564422607422
0.0103923873975873,0.0003378987603355199,4.201193332672119,-0.08217546343803406,0.5526830554008484
0.010268799029290676,0.0003286349819973111,4.069960594177246,-0.08246175944805145,0.5532174706459045
0.01020585373044014,0.0003300571406725794,3.959529399871826,-0.08261742442846298,0.5529181361198425
0.010246449150145054,0.00033097152481786907,4.129144668579102,-0.08239828795194626,0.5513288974761963
0.010210790671408176,0.0003266902931500226,3.9995789527893066,-0.08239297568798065,0.5552940368652344
0.010215796530246735,0.00032918050419539213,4.148289203643799,-0.0825917050242424,0.5566641688346863
0.010294390842318535,0.00033282069489359856,4.174527168273926,-0.08233442902565002,0.5551594495773315
0.010315204039216042,0.00033503075246699154,4.214311122894287,-0.08241069316864014,0.5520117282867432
0.010351978242397308,0.00033434262149967253,4.100243091583252,-0.08255381882190704,0.549115002155304
0.0102376788854599,0.0003292245673947036,4.114950180053711,-0.08250820636749268,0.5535337328910828
0.010331334546208382,0.0003328555030748248,4.157594680786133,-0.08236358314752579,0.5544317364692688
0.010302186012268066,0.00033417248050682247,4.203684329986572,-0.08243631571531296,0.5484817624092102
0.01014122273772955,0.0003235025214962661,4.082546710968018,-0.08253003656864166,0.556756854057312
0.010191159322857857,0.0003304801066406071,4.212183952331543,-0.08227528631687164,0.5540053248405457
0.010379237122833729,0.00033699901541695,4.061121940612793,-0.08263612538576126,0.5543301105499268
0.010716969147324562,0.0003566710220184177,4.377560615539551,-0.0824628472328186,0.5555055737495422
0.010836071334779263,0.00036418845411390066,4.565576076507568,-0.08231747895479202,0.5544126629829407
0.01087262760847807,0.0003663880343083292,4.489365577697754,-0.08244926482439041,0.5518338084220886
0.010918003506958485,0.00036937117693014443,4.649946212768555,-0.08244352042675018,0.5547971129417419
0.010823499411344528,0.0003666371339932084,4.558627128601074,-0.08234675228595734,0.5531401634216309
0.010557811707258224,0.00034743922878988087,4.297168731689453,-0.08242340385913849,0.5547190308570862
0.010431286878883839,0.00034138094633817673,4.419682025909424,-0.082393579185009,0.5542643070220947
0.010217614471912384,0.00032701529562473297,4.204432010650635,-0.08250334858894348,0.5559417009353638
0.010531269013881683,0.0003495446580927819,4.163700580596924,-0.08246704190969467,0.5567847490310669
