mean_absolute_error,mean_square_error,mean_absolute_percentage_error,log_poisson_loss,r_square
1.2399564981460571,2.3787763118743896,313.1423034667969,1.9783817529678345,-90536.5234375
1.5187995433807373,3.4126155376434326,389.3502197265625,4.0454325675964355,-116431.6796875
1.329638123512268,2.819093942642212,331.7654113769531,3.1259586811065674,-93827.4609375
1.1326847076416016,1.9770749807357788,277.535888671875,1.7964609861373901,-71934.0078125
1.3705333471298218,2.697967052459717,317.8815002441406,2.7912845611572266,-96586.25
1.147533655166626,2.0061194896698,286.7817687988281,1.8436894416809082,-69384.640625
1.100350022315979,1.8241742849349976,258.3401794433594,1.7013393640518188,-64545.49609375
1.09864342212677,1.8810291290283203,293.47943115234375,1.2722282409667969,-61846.83203125
1.2263529300689697,2.26823353767395,323.7433776855469,1.7206542491912842,-69780.78125
1.3025033473968506,2.6774606704711914,343.0395202636719,2.33174467086792,-85606.984375
1.1476891040802002,1.9582240581512451,270.4538879394531,1.7784652709960938,-69403.1953125
1.0715559720993042,1.7325292825698853,264.4139404296875,1.548221230506897,-57896.06640625
1.2774662971496582,2.4688446521759033,304.3203430175781,2.670877456665039,-84472.0390625
1.266219139099121,2.449612617492676,314.4880065917969,2.041828155517578,-80947.8515625
1.179689645767212,2.05897855758667,274.82147216796875,1.905279517173767,-73950.5
1.1096112728118896,1.900344729423523,267.31439208984375,1.8890928030014038,-68844.0703125
0.8503677248954773,1.1535931825637817,242.34849548339844,0.49839338660240173,-33326.00390625
1.0497958660125732,1.6515358686447144,261.5950012207031,1.291963815689087,-53804.84375
1.1523473262786865,2.0128612518310547,285.8779296875,1.8484277725219727,-70084.078125
1.1858718395233154,2.1607837677001953,282.5464172363281,2.0497825145721436,-72642.1796875
0.9326350092887878,1.3304986953735352,235.6313934326172,0.9483094215393066,-41483.05078125
0.8982167840003967,1.2471293210983276,238.43447875976562,0.848682701587677,-39678.24609375
0.9965013265609741,1.5128562450408936,250.7550048828125,1.0172638893127441,-49368.28125
1.0434832572937012,1.6172515153884888,255.389892578125,1.3919824361801147,-54994.51953125
0.9472018480300903,1.384407877922058,232.17848205566406,1.094489336013794,-43712.34765625
1.118230938911438,2.057321786880493,286.2731018066406,2.120002269744873,-71285.6953125
1.0392601490020752,1.8217508792877197,285.8001403808594,1.2919986248016357,-51115.36328125
1.0261565446853638,1.6003919839859009,268.1372375488281,0.834884524345398,-44411.07421875
0.8951511979103088,1.2490237951278687,224.80657958984375,0.9391834139823914,-39587.57421875
1.0631227493286133,1.6730166673660278,264.0907287597656,1.2446582317352295,-52927.78125
0.9528607130050659,1.425750970840454,278.53546142578125,0.23655208945274353,-32680.84375
1.0163191556930542,1.6114143133163452,265.1743469238281,0.9761549830436707,-46792.484375
0.9713082909584045,1.4569936990737915,260.4761657714844,0.7486003637313843,-42087.5625
0.9523372650146484,1.4817830324172974,262.18170166015625,0.8926640152931213,-45592.125
0.9313371777534485,1.3390414714813232,248.61135864257812,0.8926507830619812,-41871.76171875
0.9093466997146606,1.285834789276123,237.4239044189453,0.707075297832489,-37438.73828125
1.0828816890716553,1.9039751291275024,265.5310974121094,1.8583617210388184,-65229.12109375
1.1354397535324097,2.060344696044922,295.875,0.8716726303100586,-62779.06640625
1.0732280015945435,1.8727079629898071,261.40338134765625,1.756742000579834,-61093.1875
1.0349172353744507,1.6474297046661377,279.47576904296875,0.7980207204818726,-47073.31640625
0.8950520157814026,1.2306493520736694,236.1288604736328,0.6934028267860413,-38138.80078125
0.8355421423912048,1.0855395793914795,233.08409118652344,0.5577250719070435,-30994.080078125
1.070738673210144,1.8742759227752686,303.79833984375,0.8253967761993408,-52378.28515625
0.9676120281219482,1.4742350578308105,255.3895263671875,0.8553904891014099,-42465.62890625
0.8896109461784363,1.2473630905151367,243.14529418945312,0.7008615732192993,-41077.875
0.8750021457672119,1.209059238433838,243.7353973388672,0.5511906743049622,-36021.8203125
0.952387809753418,1.3890597820281982,259.18353271484375,0.6941778063774109,-39448.19921875
0.925714910030365,1.3313339948654175,265.7687683105469,0.5078887939453125,-35582.1171875
0.9340784549713135,1.3387576341629028,233.7446746826172,0.8668124079704285,-41519.73046875
0.926401674747467,1.3296133279800415,274.9800109863281,0.311515212059021,-34556.4609375
0.8831126093864441,1.2047193050384521,227.06732177734375,0.8206088542938232,-37648.21484375
0.9500609040260315,1.3710142374038696,241.87576293945312,0.9841867089271545,-44544.47265625
0.8939339518547058,1.2399182319641113,253.1219024658203,0.523711621761322,-30534.412109375
0.9139785170555115,1.2696983814239502,250.4208526611328,0.6250213384628296,-40675.81640625
0.9931764006614685,1.4934138059616089,273.9649353027344,0.7642236948013306,-47026.328125
1.082457184791565,1.7626289129257202,294.2852478027344,1.0908396244049072,-53863.06640625
0.8937869071960449,1.2885771989822388,285.3831481933594,0.07518673688173294,-29357.189453125
1.0607690811157227,1.7373647689819336,270.4234619140625,1.4843285083770752,-66480.3046875
1.070713996887207,1.7287585735321045,291.013916015625,0.7395536303520203,-44329.484375
0.9666377902030945,1.447793960571289,267.5263366699219,0.87296462059021,-44652.41796875
0.977507472038269,1.463257908821106,253.2156982421875,0.9991247057914734,-45193.140625
0.9015801548957825,1.2501477003097534,252.913818359375,0.43050050735473633,-31758.806640625
0.8881704211235046,1.1958558559417725,223.15872192382812,0.622958779335022,-34294.12109375
0.9499691128730774,1.4309478998184204,271.5818176269531,0.4487153887748718,-40282.48046875
0.9213977456092834,1.3013337850570679,239.36672973632812,0.8469930291175842,-46121.26171875
0.7980847954750061,1.0230708122253418,260.505126953125,0.03786292299628258,-21954.861328125
0.866055965423584,1.1630072593688965,239.88026428222656,0.3950318396091461,-31580.53125
0.9645809531211853,1.4588767290115356,243.4805145263672,1.1952106952667236,-45424.71875
0.9140048027038574,1.3064419031143188,238.957275390625,0.8834946751594543,-39291.04296875
0.8959004878997803,1.2857365608215332,241.68502807617188,0.6676881313323975,-39203.5
0.8923308253288269,1.2774368524551392,259.0733337402344,0.5170528292655945,-36001.02734375
0.9631035923957825,1.4368172883987427,264.5404052734375,0.7158569097518921,-44224.25390625
0.7637931704521179,0.9298108220100403,235.5560760498047,0.13031005859375,-20987.837890625
0.9230695366859436,1.299681544303894,239.99819946289062,0.8192762732505798,-45222.48828125
0.9731769561767578,1.5415042638778687,267.4619140625,1.0833055973052979,-52239.16015625
0.8240166306495667,1.0666123628616333,233.78680419921875,0.43942201137542725,-31101.203125
0.8510456085205078,1.1257562637329102,216.2522735595703,0.7314508557319641,-36027.99609375
0.8289281129837036,1.105963110923767,252.0621795654297,0.22994132339954376,-27091.9296875
0.8930373787879944,1.2440134286880493,271.848388671875,0.1049884706735611,-28644.794921875
0.8813034296035767,1.2009400129318237,241.90206909179688,0.6911868453025818,-37023.9921875
0.7782210111618042,0.9844735264778137,247.79290771484375,0.08132583647966385,-23523.455078125
0.8220912218093872,1.0477077960968018,211.59426879882812,0.7825758457183838,-35227.04296875
0.9641659259796143,1.4213188886642456,256.48138427734375,0.6369314789772034,-45161.28515625
0.81772780418396,1.0520026683807373,235.06451416015625,0.2658833861351013,-25102.201171875
0.8159705400466919,1.0349785089492798,222.96664428710938,0.537950336933136,-27337.578125
0.949576735496521,1.3898510932922363,270.7520446777344,0.4349289834499359,-36002.875
0.8454777598381042,1.1074601411819458,228.25193786621094,0.6705886721611023,-34272.10546875
0.8222328424453735,1.0539870262145996,219.23745727539062,0.6012588739395142,-30567.09375
0.8234710097312927,1.0685350894927979,245.1300811767578,0.26697662472724915,-27090.017578125
0.8519986867904663,1.1164427995681763,226.6150665283203,0.7077136039733887,-33461.94140625
0.8832738995552063,1.2096130847930908,243.98818969726562,0.5249269604682922,-36721.66796875
0.818709671497345,1.0426218509674072,232.35011291503906,0.4150346517562866,-28834.708984375
0.8097390532493591,1.0192148685455322,214.0720977783203,0.59047532081604,-32972.52734375
0.8122726082801819,1.035709023475647,240.05535888671875,0.24652405083179474,-21775.732421875
0.8414826393127441,1.0972082614898682,238.62158203125,0.5236907005310059,-33214.421875
0.8700436353683472,1.2241628170013428,276.7264404296875,0.08365267515182495,-25358.107421875
0.8211541771888733,1.0502077341079712,235.92837524414062,0.4249885082244873,-31677.40625
0.8403752446174622,1.0891587734222412,226.20602416992188,0.644225001335144,-34928.125
0.9111863970756531,1.3051613569259644,283.9015808105469,0.07683670520782471,-32314.892578125
0.8377194404602051,1.0908950567245483,230.0850067138672,0.6082245111465454,-30105.255859375
0.8615580797195435,1.1669063568115234,236.0746307373047,0.5845342874526978,-33978.04296875
0.8125141859054565,1.0245158672332764,221.95272827148438,0.5481187701225281,-32175.1796875
0.8092984557151794,1.018283724784851,231.50543212890625,0.3427097499370575,-28035.787109375
0.763088047504425,0.927134096622467,222.24887084960938,0.22895854711532593,-25193.578125
0.790183424949646,0.9873479008674622,230.24313354492188,0.3220471143722534,-27083.318359375
0.7688608765602112,0.9399063587188721,230.8224334716797,0.2339768260717392,-24191.662109375
0.7319284081459045,0.8470174670219421,219.15316772460938,0.217026948928833,-21613.720703125
0.9199870824813843,1.3239972591400146,277.5479736328125,0.2302812784910202,-34989.56640625
0.8023419976234436,1.0042458772659302,228.93565368652344,0.3773658573627472,-27438.548828125
0.8567990660667419,1.1381820440292358,229.4348602294922,0.6125777959823608,-33682.44140625
0.7706646919250488,0.9494253993034363,240.9397430419922,0.0965416207909584,-21218.3828125
0.8204975128173828,1.0395454168319702,217.3234405517578,0.6480304002761841,-32512.599609375
0.8758170008659363,1.1665008068084717,226.96441650390625,0.6941556930541992,-35983.60546875
0.7735759019851685,0.937092125415802,225.42437744140625,0.35607093572616577,-24229.693359375
0.8066632747650146,1.0159549713134766,242.0952606201172,0.28844091296195984,-25538.673828125
0.8600363731384277,1.1402066946029663,223.7346649169922,0.8367171287536621,-33373.9140625
0.8008538484573364,1.0074663162231445,232.7082061767578,0.26753538846969604,-26308.6953125
0.8423271775245667,1.0778559446334839,216.2705078125,0.7315117716789246,-34342.02734375
0.7857311964035034,0.970197319984436,226.3596649169922,0.4019820988178253,-28851.517578125
0.8068342208862305,1.0386583805084229,250.5955047607422,0.046006686985492706,-21190.404296875
0.8381639122962952,1.0753488540649414,207.9288787841797,0.8236677646636963,-36024.25390625
0.8400799632072449,1.1082240343093872,239.8018035888672,0.465423047542572,-31523.771484375
0.8514533042907715,1.1375353336334229,244.20059204101562,0.44923293590545654,-31083.970703125
0.8143829703330994,1.0380054712295532,232.0213165283203,0.46933943033218384,-31159.7421875
0.8111159205436707,1.0540722608566284,246.61026000976562,0.3111535310745239,-27405.857421875
0.814151406288147,1.031587839126587,222.39129638671875,0.4965789020061493,-32102.072265625
0.794685423374176,0.9875842928886414,217.0089569091797,0.5415461659431458,-29182.068359375
0.7966420650482178,0.9863178133964539,222.32809448242188,0.4719923138618469,-27284.322265625
0.8857418894767761,1.2384757995605469,269.5373840332031,0.3477075397968292,-31057.642578125
0.8329105377197266,1.0683274269104004,227.9935302734375,0.5457853078842163,-31212.125
0.8476771712303162,1.1229934692382812,226.4890899658203,0.6269827485084534,-33642.328125
0.8124225735664368,1.0237159729003906,222.12171936035156,0.5195834636688232,-31228.892578125
0.7522667646408081,0.915490448474884,238.83706665039062,0.05479038506746292,-19264.568359375
0.7836710810661316,0.9677459001541138,227.3219451904297,0.45820385217666626,-25953.25
0.8039088845252991,1.0145083665847778,253.4938507080078,0.16493210196495056,-23977.40625
0.8208372592926025,1.0656042098999023,237.00389099121094,0.2831125855445862,-26636.1953125
0.7363042831420898,0.854682207107544,213.900146484375,0.37055397033691406,-21336.4765625
0.7814172506332397,0.9542731642723083,222.02772521972656,0.42909011244773865,-27061.330078125
0.7438561320304871,0.8809959292411804,236.2318115234375,0.12120751291513443,-19762.021484375
0.8096826672554016,1.0219460725784302,216.429931640625,0.648247241973877,-31018.28125
0.8161462545394897,1.033339262008667,235.06996154785156,0.4219343662261963,-28005.611328125
0.7810832262039185,0.9576740860939026,234.1024169921875,0.2310805320739746,-23067.048828125
0.738448441028595,0.866582453250885,231.31272888183594,0.18841542303562164,-20470.876953125
0.7712442874908447,0.9426776766777039,225.9842987060547,0.3266960084438324,-24827.9765625
0.8347467184066772,1.0855884552001953,239.82386779785156,0.3008125424385071,-26668.8125
0.744088888168335,0.8650144934654236,210.9652862548828,0.3785495162010193,-24867.974609375
0.7811680436134338,0.9494227170944214,223.70973205566406,0.4022403657436371,-26511.6171875
0.7724980711936951,0.938051164150238,220.62522888183594,0.4314521551132202,-25376.833984375
0.7411913871765137,0.8713228106498718,223.88999938964844,0.2450295388698578,-20194.078125
0.7411813139915466,0.8631250262260437,212.1204376220703,0.31884464621543884,-22722.0390625
0.7591571807861328,0.8977761268615723,214.68585205078125,0.4269029200077057,-24908.013671875
0.7834221720695496,0.9778021574020386,233.63548278808594,0.2851234972476959,-23210.4921875
0.7719401121139526,0.9429448843002319,230.60452270507812,0.23641157150268555,-22643.7890625
0.7550614476203918,0.894043505191803,213.39358520507812,0.42348533868789673,-22220.71875
0.7633212208747864,0.9176585674285889,225.33535766601562,0.32386040687561035,-24280.84375
0.794674277305603,0.9978517293930054,219.31735229492188,0.45564591884613037,-29947.896484375
0.7564896941184998,0.9009367823600769,213.80345153808594,0.3819584846496582,-23055.533203125
0.789459764957428,0.9823240637779236,232.51573181152344,0.2673714756965637,-28352.623046875
0.7785388827323914,0.9641687870025635,247.650146484375,0.05378503352403641,-20918.240234375
0.7866663932800293,0.9535719156265259,207.68089294433594,0.5313014388084412,-25956.318359375
0.7769092917442322,0.9529852867126465,227.44195556640625,0.2623707354068756,-21997.751953125
0.7874978184700012,0.9548783302307129,209.54327392578125,0.6419199109077454,-31293.259765625
0.7980683445930481,0.9979737997055054,220.67852783203125,0.4903870224952698,-28431.783203125
0.7604020833969116,0.9070408940315247,220.02183532714844,0.4250040054321289,-24625.017578125
0.7850522398948669,0.9745028018951416,225.8878936767578,0.35098403692245483,-25130.658203125
0.7695627212524414,0.9304081797599792,221.7084503173828,0.3398829400539398,-22565.029296875
0.7586173415184021,0.9076706171035767,228.07264709472656,0.27098801732063293,-25142.810546875
0.8178081512451172,1.0657240152359009,250.71224975585938,0.15139442682266235,-23623.908203125
0.7796668410301208,0.9592093825340271,214.01356506347656,0.39996761083602905,-25303.451171875
0.7633935809135437,0.9246106743812561,235.21595764160156,0.19107751548290253,-19734.00390625
0.7454497814178467,0.8763401508331299,212.938720703125,0.29756736755371094,-23988.478515625
0.7482587695121765,0.8788927793502808,222.34231567382812,0.2643425762653351,-20447.396484375
0.7270111441612244,0.8244578838348389,209.10543823242188,0.33453208208084106,-23797.728515625
0.7646158337593079,0.9016785025596619,210.96542358398438,0.46999409794807434,-22710.580078125
0.7597442269325256,0.9036544561386108,221.9812469482422,0.32550325989723206,-21377.298828125
0.7452211976051331,0.8724128007888794,216.0816192626953,0.3162093162536621,-28644.841796875
0.7860084772109985,0.9877590537071228,232.93955993652344,0.25395864248275757,-24533.15625
0.7134257555007935,0.8031649589538574,213.9410400390625,0.23064500093460083,-20637.634765625
0.7460232973098755,0.8739756345748901,217.78823852539062,0.3388217091560364,-22923.041015625
0.7178971767425537,0.8212628364562988,218.63482666015625,0.20857904851436615,-22780.501953125
0.7475427389144897,0.862698495388031,200.8335418701172,0.48575907945632935,-25997.5390625
0.7527713179588318,0.9088969230651855,233.6306915283203,0.12914472818374634,-19659.513671875
0.7499039769172668,0.8830624222755432,207.67291259765625,0.38048219680786133,-25449.119140625
0.7467929124832153,0.8753323554992676,232.31117248535156,0.2444734126329422,-22735.7890625
0.7117525339126587,0.808133602142334,224.03668212890625,0.12362352758646011,-18254.345703125
0.7536379098892212,0.8991811275482178,225.7804718017578,0.3070128560066223,-25276.111328125
0.7518821358680725,0.8805325031280518,204.46115112304688,0.49097028374671936,-23637.869140625
0.7592569589614868,0.900897741317749,207.50413513183594,0.4787032902240753,-26627.75
0.7488135695457458,0.8819284439086914,210.822509765625,0.40750694274902344,-25290.3515625
0.7275593280792236,0.8299053907394409,198.602783203125,0.3682471513748169,-20933.435546875
0.7363771796226501,0.859934389591217,216.43313598632812,0.22486329078674316,-20364.927734375
0.7438614964485168,0.8648959994316101,211.15211486816406,0.3666495680809021,-24486.4140625
0.7518137097358704,0.8831967711448669,229.82765197753906,0.23493146896362305,-22642.359375
0.739933431148529,0.8730120062828064,229.51849365234375,0.19316048920154572,-23051.509765625
0.7261173725128174,0.8471512794494629,237.61874389648438,0.06293492764234543,-17694.271484375
0.750863790512085,0.8783042430877686,219.77230834960938,0.3854587972164154,-23281.416015625
0.733789324760437,0.859182596206665,223.55194091796875,0.1659141480922699,-18738.677734375
0.7727040648460388,0.9241499304771423,222.37103271484375,0.42766526341438293,-24782.587890625
0.7452642321586609,0.8795737624168396,218.9748992919922,0.23516623675823212,-21469.908203125
0.7262011766433716,0.8343995809555054,222.8472137451172,0.2666422128677368,-20964.212890625
0.7853251695632935,0.9736708402633667,231.12100219726562,0.4147483706474304,-27042.9296875
0.7590860724449158,0.9014161229133606,225.52845764160156,0.318406343460083,-23219.021484375
0.7477902173995972,0.8760994672775269,219.8456573486328,0.2901645600795746,-23688.453125
0.7153672575950623,0.8095085024833679,215.1406707763672,0.2722269594669342,-22413.314453125
0.7588772773742676,0.8930653929710388,205.44927978515625,0.5103867650032043,-24138.958984375
0.7301602363586426,0.8378726243972778,209.44635009765625,0.34018638730049133,-20133.76171875
0.7544190883636475,0.9012774229049683,236.21026611328125,0.1527871936559677,-20949.630859375
0.7198418378829956,0.8153738975524902,214.72764587402344,0.2346692681312561,-19752.623046875
0.745667040348053,0.8697206974029541,217.74732971191406,0.291359007358551,-22608.3671875
0.7174087166786194,0.8143524527549744,210.36924743652344,0.2662716507911682,-21136.70703125
0.7802903652191162,0.9728812575340271,226.9076385498047,0.33435672521591187,-25455.404296875
0.7515923976898193,0.879906952381134,212.2044219970703,0.37855297327041626,-23171.2578125
0.7219038009643555,0.8236187696456909,207.4185791015625,0.28163474798202515,-20592.53515625
0.7538481950759888,0.8920090198516846,213.0943603515625,0.4027271270751953,-23679.779296875
0.7342092394828796,0.8612573146820068,226.37342834472656,0.2011670619249344,-22445.583984375
0.7236703634262085,0.8243831992149353,209.1826629638672,0.3319167196750641,-21375.833984375
0.7333003878593445,0.8537806868553162,219.51051330566406,0.2067323476076126,-18905.005859375
0.7324662208557129,0.8334329724311829,214.74488830566406,0.36881470680236816,-22332.564453125
0.7474825382232666,0.8773819208145142,214.2303466796875,0.33640193939208984,-21511.361328125
0.7077583074569702,0.8090145587921143,222.12489318847656,0.0894635021686554,-17613.013671875
0.7225950360298157,0.8299221992492676,218.51109313964844,0.16249358654022217,-19421.955078125
0.7329897284507751,0.8419362902641296,214.192138671875,0.3895738422870636,-22175.865234375
0.7382223010063171,0.8673422932624817,224.24757385253906,0.1963268369436264,-21479.16796875
0.711781919002533,0.8047146201133728,220.30636596679688,0.18467040359973907,-19269.603515625
0.7232807874679565,0.8208854794502258,206.2122344970703,0.36184707283973694,-22704.2734375
0.7456387281417847,0.8722564578056335,217.12127685546875,0.3089991807937622,-21380.2890625
0.7354585528373718,0.8405125737190247,206.99658203125,0.37742292881011963,-22294.505859375
0.7305302619934082,0.8342581391334534,195.73744201660156,0.46077823638916016,-22294.421875
0.7519782185554504,0.9009805917739868,227.11643981933594,0.239988774061203,-21828.287109375
0.7153973579406738,0.801923930644989,206.09844970703125,0.38780391216278076,-20049.998046875
0.7069352865219116,0.7986512780189514,213.13331604003906,0.2541452944278717,-20354.751953125
0.7200199961662292,0.8153168559074402,214.71873474121094,0.30783650279045105,-21342.220703125
0.724687933921814,0.8273025155067444,215.43714904785156,0.2696882486343384,-20837.748046875
0.7070993781089783,0.7964812517166138,208.7570343017578,0.1911267787218094,-18517.869140625
0.7362421154975891,0.8396202325820923,208.1665802001953,0.3962463140487671,-23017.001953125
0.7425728440284729,0.8711228966712952,217.1073760986328,0.2627090513706207,-22305.0703125
0.7205500602722168,0.8308035731315613,228.9882354736328,0.09992673248052597,-17284.33984375
0.7186658382415771,0.8200222253799438,216.02963256835938,0.21130740642547607,-19936.265625
0.7017948031425476,0.7716608643531799,200.49896240234375,0.3433651626110077,-21703.318359375
0.7451959252357483,0.8771695494651794,222.37289428710938,0.26278921961784363,-21615.888671875
0.7307806611061096,0.8320566415786743,201.8632354736328,0.37636181712150574,-23727.634765625
0.7073029279708862,0.7841975092887878,198.10882568359375,0.33198776841163635,-20677.947265625
0.7194702625274658,0.8199321627616882,218.46827697753906,0.19425496459007263,-22864.232421875
0.705383837223053,0.7836790680885315,213.4456024169922,0.21025732159614563,-22392.208984375
0.7224279642105103,0.8172628283500671,213.2522430419922,0.29746779799461365,-20708.919921875
0.7700943350791931,0.939721941947937,215.5865936279297,0.3752506673336029,-25862.419921875
0.7304843664169312,0.8407531380653381,209.22080993652344,0.2886916399002075,-19908.806640625
0.707417368888855,0.7998335957527161,218.09149169921875,0.19666147232055664,-19051.939453125
0.7333922982215881,0.8555931448936462,231.4710693359375,0.1298065036535263,-20928.8125
0.7207524180412292,0.8234930038452148,221.81622314453125,0.25713929533958435,-19021.916015625
0.7476197481155396,0.8701122999191284,219.45359802246094,0.3859061598777771,-26982.90625
0.7156192064285278,0.8105295896530151,222.8811492919922,0.17786236107349396,-17772.478515625
0.7176675796508789,0.8168063163757324,205.81439208984375,0.2011108100414276,-22451.849609375
0.7318409085273743,0.8340954780578613,210.16488647460938,0.3151366710662842,-21101.5546875
0.7129263281822205,0.7939264178276062,198.19395446777344,0.3504944145679474,-20777.2734375
0.761478066444397,0.9123430252075195,216.59579467773438,0.39431601762771606,-25527.947265625
0.7029311060905457,0.7870550751686096,208.13906860351562,0.19466660916805267,-20186.984375
0.7352825403213501,0.8566920161247253,223.13241577148438,0.2747706472873688,-20392.177734375
0.7307416200637817,0.830854594707489,208.84288024902344,0.35338473320007324,-25422.279296875
0.7217004895210266,0.8229877352714539,213.82022094726562,0.24698558449745178,-19582.158203125
0.7265496850013733,0.8222883343696594,206.13601684570312,0.3919171094894409,-24309.349609375
0.7101194262504578,0.7962110638618469,217.10389709472656,0.21264979243278503,-20742.580078125
0.7094437479972839,0.7955338358879089,203.31167602539062,0.3021051585674286,-23039.6171875
0.7040547132492065,0.7877292037010193,217.82080078125,0.15576322376728058,-17900.708984375
0.7118455767631531,0.7937066555023193,210.8567352294922,0.28132686018943787,-20395.732421875
0.7186219096183777,0.807729959487915,205.3061981201172,0.408446341753006,-22648.927734375
0.7127512097358704,0.8073921799659729,219.0782012939453,0.22718408703804016,-18100.873046875
0.7229946851730347,0.8262357711791992,215.51663208007812,0.2534876763820648,-20275.044921875
0.7212375998497009,0.8185693025588989,214.54566955566406,0.25387898087501526,-20457.384765625
0.7161646485328674,0.8078907132148743,214.57705688476562,0.2508872151374817,-20714.134765625
0.7123580574989319,0.7999858260154724,216.82574462890625,0.2582058012485504,-20597.17578125
0.7277143001556396,0.8430318236351013,225.169921875,0.1096799373626709,-18579.62890625
0.7113052606582642,0.7986540794372559,208.59085083007812,0.2842288613319397,-20199.75
0.7277977466583252,0.8331223130226135,209.17578125,0.3110729157924652,-20710.369140625
0.7070448398590088,0.782016932964325,198.40968322753906,0.3115861117839813,-20819.978515625
0.7211393713951111,0.8183250427246094,216.929443359375,0.2254611849784851,-19531.298828125
0.7164115309715271,0.8029646277427673,207.7065887451172,0.34347209334373474,-19833.552734375
0.7147241234779358,0.8161972761154175,221.2080078125,0.12926402688026428,-18913.205078125
0.7128546237945557,0.8091075420379639,221.38868713378906,0.20671790838241577,-17745.44140625
0.7118340730667114,0.7975949645042419,206.60031127929688,0.32318392395973206,-25069.576171875
0.7159108519554138,0.8214942216873169,224.3600311279297,0.14068225026130676,-19719.185546875
0.7151364684104919,0.7996671795845032,210.2864532470703,0.33839151263237,-20170.810546875
0.7079859972000122,0.7930839657783508,217.52688598632812,0.1402183473110199,-17791.876953125
0.7124671339988708,0.8045480251312256,212.0838623046875,0.21325668692588806,-20866.880859375
0.7222709059715271,0.8144460916519165,205.70347595214844,0.3911338448524475,-20023.041015625
0.7368981242179871,0.8516885638237,213.19552612304688,0.3659553527832031,-21672.330078125
0.7125004529953003,0.8029604554176331,214.11346435546875,0.2165423035621643,-17815.53125
0.716382622718811,0.8082515001296997,215.88319396972656,0.26794788241386414,-20386.84375
0.7249363660812378,0.8261645436286926,219.4497528076172,0.2643362283706665,-19087.77734375
0.704654335975647,0.7840111255645752,209.5460968017578,0.3015381395816803,-22749.28125
0.7213116884231567,0.8321712017059326,223.23963928222656,0.12150293588638306,-18303.318359375
0.7198367118835449,0.8226552605628967,223.08216857910156,0.2144349068403244,-18853.904296875
0.708304762840271,0.7831439971923828,204.63894653320312,0.31169363856315613,-20352.408203125
0.726386308670044,0.8302954435348511,214.5661163330078,0.25881466269493103,-20188.16796875
0.7231780290603638,0.8256490230560303,207.651611328125,0.274241179227829,-21774.302734375
0.7203235030174255,0.8164477348327637,211.5220489501953,0.29263168573379517,-22383.677734375
0.71561598777771,0.8135591149330139,214.80018615722656,0.22806239128112793,-20707.263671875
0.695941686630249,0.762520432472229,205.61639404296875,0.22347618639469147,-20443.076171875
0.7069279551506042,0.7964854836463928,219.7149200439453,0.12607650458812714,-19239.806640625
0.7233092784881592,0.8201441764831543,207.78701782226562,0.3287392854690552,-20369.001953125
0.701883852481842,0.7817890048027039,212.91587829589844,0.20027320086956024,-20144.13671875
0.7058674097061157,0.7837319374084473,201.71664428710938,0.2592875063419342,-19516.326171875
0.7179983258247375,0.8114393949508667,209.68797302246094,0.3269748091697693,-22130.841796875
0.7230660915374756,0.8296864628791809,222.51747131347656,0.2266576737165451,-19839.498046875
0.702799916267395,0.7782085537910461,213.21896362304688,0.2573414742946625,-18868.314453125
0.6918228268623352,0.7630714774131775,219.40187072753906,0.17128801345825195,-16538.728515625
0.7138135433197021,0.7974292635917664,204.84356689453125,0.29602253437042236,-21030.326171875
0.719996988773346,0.8159616589546204,210.43450927734375,0.28967568278312683,-18597.33203125
0.7026218175888062,0.7737617492675781,203.9530792236328,0.27918702363967896,-17295.783203125
0.7139098644256592,0.806793749332428,210.1953582763672,0.24049223959445953,-20225.642578125
0.7224873900413513,0.8142876625061035,213.43209838867188,0.347037136554718,-21151.173828125
0.7006853818893433,0.7790613174438477,209.7262420654297,0.22132641077041626,-19657.6015625
0.7065205574035645,0.780616819858551,210.89727783203125,0.25191688537597656,-20064.111328125
0.7102383971214294,0.800153374671936,202.6446533203125,0.29950228333473206,-21385.91796875
0.703504204750061,0.7799901962280273,210.20999145507812,0.2317206859588623,-19096.19921875
0.705504834651947,0.7980503439903259,217.67147827148438,0.1663646101951599,-18709.52734375
0.7072837352752686,0.7817137241363525,196.70802307128906,0.3705289363861084,-23898.505859375
0.6954894065856934,0.7688004970550537,211.4644775390625,0.18967747688293457,-17730.791015625
0.707904577255249,0.7967880964279175,210.85470581054688,0.22036491334438324,-21207.107421875
0.7032122015953064,0.7716614007949829,194.5050811767578,0.3596245348453522,-20174.099609375
0.6915444135665894,0.7624405026435852,208.2567901611328,0.18002109229564667,-20346.095703125
0.7166370153427124,0.8120622038841248,208.091064453125,0.30450406670570374,-20875.853515625
0.6990707516670227,0.7730528712272644,205.41993713378906,0.23964416980743408,-18135.375
0.7115448713302612,0.7853595018386841,199.4524383544922,0.36391088366508484,-24405.234375
0.7042452096939087,0.7889614105224609,209.52700805664062,0.1785295158624649,-16828.705078125
0.7031091451644897,0.7825810313224792,210.29513549804688,0.237318754196167,-22205.84375
0.7109490036964417,0.7839604020118713,207.3101348876953,0.3253105580806732,-21135.966796875
0.7103284001350403,0.791149377822876,220.18492126464844,0.2317679524421692,-20098.353515625
0.7065287828445435,0.789426863193512,203.97555541992188,0.2570168077945709,-17794.568359375
0.7053150534629822,0.7957618236541748,210.6125946044922,0.23814767599105835,-19245.244140625
0.6936508417129517,0.7807218432426453,219.0125732421875,0.11485619843006134,-15365.0283203125
0.7422898411750793,0.8587511777877808,211.5026397705078,0.4167706072330475,-24866.150390625
0.6931272745132446,0.7568925619125366,203.65121459960938,0.22043561935424805,-19722.859375
0.7158828973770142,0.808987021446228,213.7310028076172,0.2571251392364502,-20616.650390625
0.7115498185157776,0.8117142915725708,212.83383178710938,0.25408685207366943,-19785.24609375
0.6990477442741394,0.7758412957191467,209.41705322265625,0.2221149504184723,-17886.158203125
0.7103840708732605,0.7951886653900146,213.9759063720703,0.2568351626396179,-21869.037109375
0.706478476524353,0.7951072454452515,216.3538360595703,0.1987358033657074,-19692.05078125
0.6995964646339417,0.769573450088501,200.27401733398438,0.31346386671066284,-18603.625
0.7012401223182678,0.7740055918693542,205.98953247070312,0.30797067284584045,-20117.71875
0.6934974789619446,0.7583500146865845,204.52528381347656,0.28110331296920776,-18629.791015625
0.6988343596458435,0.7703157067298889,213.8163604736328,0.20930753648281097,-19784.470703125
0.7076995968818665,0.7832005023956299,202.92434692382812,0.3034995198249817,-21919.017578125
0.7040233612060547,0.7872537970542908,211.7075653076172,0.18626521527767181,-19605.658203125
0.6931448578834534,0.7649848461151123,217.85255432128906,0.17303889989852905,-18962.826171875
0.7014986872673035,0.7820671796798706,211.80636596679688,0.1875169426202774,-22761.869140625
0.6965141296386719,0.7660877704620361,202.8437042236328,0.26247766613960266,-20411.103515625
0.6999874711036682,0.7773484587669373,216.0455322265625,0.23307602107524872,-18591.01953125
0.6952943205833435,0.7670721411705017,209.24188232421875,0.26944616436958313,-19294.314453125
0.7104027271270752,0.7926088571548462,214.6418914794922,0.27750852704048157,-19692.470703125
0.707754909992218,0.7839855551719666,202.90992736816406,0.3942207098007202,-25363.0078125
0.6956967115402222,0.7726154327392578,213.23837280273438,0.22030583024024963,-17879.490234375
0.7045412063598633,0.790524423122406,220.48416137695312,0.17606061697006226,-18301.451171875
0.7094617486000061,0.8004787564277649,218.4305877685547,0.20716215670108795,-19991.83203125
0.7063552737236023,0.7913807034492493,211.1005401611328,0.2239530384540558,-19539.541015625
0.6963760256767273,0.7644903063774109,210.7194366455078,0.2531788647174835,-19318.212890625
0.695435643196106,0.7571804523468018,207.4958038330078,0.28107401728630066,-20393.826171875
0.7110004425048828,0.792949914932251,212.1352996826172,0.279367595911026,-18973.095703125
0.7129230499267578,0.8088001012802124,218.38491821289062,0.20340216159820557,-19475.697265625
0.7027674317359924,0.776573657989502,205.50845336914062,0.29524338245391846,-19970.197265625
0.7001550197601318,0.7806028723716736,211.61705017089844,0.15425416827201843,-17646.279296875
0.7004224061965942,0.7710093259811401,194.95529174804688,0.34256747364997864,-21168.484375
0.6981476545333862,0.7718665599822998,209.13214111328125,0.20387490093708038,-18379.60546875
0.686542272567749,0.7528214454650879,208.42510986328125,0.18753865361213684,-16417.154296875
0.6939177513122559,0.7621141076087952,207.31944274902344,0.27298882603645325,-20624.451171875
0.6970401406288147,0.7762550711631775,212.60374450683594,0.20120319724082947,-18546.177734375
0.7101782560348511,0.7929483652114868,218.31532287597656,0.2679520845413208,-20749.884765625
0.7009243965148926,0.776550829410553,207.70034790039062,0.24651943147182465,-17113.935546875
0.7054939270019531,0.7857036590576172,213.81358337402344,0.2558794617652893,-18028.34765625
0.7070368528366089,0.7871335744857788,211.1388702392578,0.2759912312030792,-21339.615234375
0.6905171871185303,0.7536561489105225,203.3431396484375,0.24399034678936005,-19397.556640625
0.6999057531356812,0.7747313380241394,206.34490966796875,0.21803297102451324,-18764.158203125
0.69855135679245,0.7704042792320251,206.61309814453125,0.27695232629776,-19979.3671875
0.7058524489402771,0.7820088267326355,212.52908325195312,0.2831614017486572,-18092.8828125
0.6995287537574768,0.77666175365448,214.62118530273438,0.22235874831676483,-18600.869140625
0.7017037272453308,0.7767075896263123,205.59231567382812,0.2567738890647888,-21529.435546875
0.6980421543121338,0.7684082388877869,214.26356506347656,0.2379864901304245,-20608.03125
0.6838149428367615,0.7432035207748413,209.90249633789062,0.17445683479309082,-17483.51953125
0.696884036064148,0.7680546045303345,210.8765869140625,0.25807300209999084,-18904.78515625
0.7169515490531921,0.8069824576377869,202.9730682373047,0.37152376770973206,-21431.248046875
0.6966842412948608,0.7681375741958618,204.60292053222656,0.2548885643482208,-18739.123046875
0.6954153776168823,0.7780458331108093,209.26089477539062,0.1553415060043335,-18137.763671875
0.6915807127952576,0.7561081647872925,209.5080108642578,0.18030573427677155,-19745.80078125
0.7091488242149353,0.7941280007362366,218.57151794433594,0.23552754521369934,-18974.76171875
0.7121906280517578,0.7864360809326172,199.55738830566406,0.4133748412132263,-22060.7421875
0.6933606266975403,0.7685766220092773,215.00050354003906,0.19997765123844147,-19532.349609375
0.6893898248672485,0.762488603591919,213.87109375,0.17796018719673157,-16512.65625
0.6961008310317993,0.7662252187728882,210.1715087890625,0.16295509040355682,-17045.001953125
0.6922988891601562,0.7616450786590576,206.1331024169922,0.23032476007938385,-18603.505859375
0.6987149715423584,0.7655009627342224,198.56585693359375,0.30421289801597595,-18995.21484375
0.6901705861091614,0.7631837725639343,205.42018127441406,0.21912765502929688,-17798.109375
0.6976327300071716,0.7787399888038635,213.0794219970703,0.19968795776367188,-19566.544921875
0.6990816593170166,0.7795851826667786,216.73097229003906,0.1824064999818802,-19110.041015625
0.6908182501792908,0.7555809020996094,210.39376831054688,0.18310800194740295,-18326.658203125
0.7116459012031555,0.7924271821975708,201.05433654785156,0.3549198508262634,-22944.1796875
0.6930325031280518,0.7590306997299194,208.9485626220703,0.24176529049873352,-19496.7109375
0.698011577129364,0.7697008848190308,206.9481201171875,0.27760589122772217,-18257.025390625
0.6928417682647705,0.7534826397895813,204.94198608398438,0.21832574903964996,-19826.755859375
0.6875998377799988,0.7550780773162842,206.75408935546875,0.23924586176872253,-18481.83984375
0.6981115937232971,0.769125759601593,206.59524536132812,0.2408505231142044,-18563.126953125
0.7011585831642151,0.7705644965171814,199.3820343017578,0.29386916756629944,-20733.935546875
0.6976709961891174,0.7709697484970093,211.27259826660156,0.19168135523796082,-17471.173828125
0.6948311924934387,0.767554759979248,217.49964904785156,0.1740735024213791,-17168.099609375
0.6981886029243469,0.7628328204154968,203.5153350830078,0.27474191784858704,-20352.80078125
0.7005522847175598,0.779319167137146,210.6787872314453,0.27290162444114685,-21012.8359375
0.6985966563224792,0.7773229479789734,210.61485290527344,0.2123873382806778,-17613.080078125
0.700596272945404,0.7824715971946716,215.223876953125,0.1493903249502182,-16596.982421875
0.6988035440444946,0.7733677625656128,207.35606384277344,0.24059660732746124,-19128.978515625
0.7061309218406677,0.7785440683364868,203.73471069335938,0.33201929926872253,-22686.146484375
0.6946524977684021,0.7663571834564209,211.35382080078125,0.20451171696186066,-17927.5390625
0.699184000492096,0.7856085896492004,220.214599609375,0.14544816315174103,-18960.353515625
0.698424756526947,0.7731305360794067,219.5540008544922,0.20634207129478455,-20219.982421875
0.700286328792572,0.772563636302948,205.4356231689453,0.298842191696167,-19564.541015625
0.6882463693618774,0.747730553150177,193.62477111816406,0.29129287600517273,-20520.271484375
0.6947841644287109,0.7633759379386902,209.00238037109375,0.26904118061065674,-19895.36328125
0.6965579390525818,0.7689079642295837,208.17779541015625,0.21226590871810913,-18648.498046875
0.6975552439689636,0.7763242125511169,210.5198516845703,0.23206613957881927,-20511.7265625
0.6955984234809875,0.765678882598877,212.6049041748047,0.24628707766532898,-20255.244140625
0.7015106081962585,0.7822086811065674,220.00643920898438,0.1988307386636734,-19141.427734375
0.6925156712532043,0.7573720216751099,200.34613037109375,0.2333911508321762,-16396.853515625
0.6870338916778564,0.7573046088218689,219.0597381591797,0.13674524426460266,-16645.388671875
0.6964014768600464,0.762029767036438,203.35556030273438,0.24492096900939941,-19957.541015625
0.7024699449539185,0.7735829949378967,206.1275634765625,0.28317949175834656,-18905.19921875
0.7003633379936218,0.7763045430183411,213.05674743652344,0.22528597712516785,-18410.380859375
0.6947058439254761,0.7659955024719238,201.45339965820312,0.24266953766345978,-20579.587890625
0.6935787796974182,0.7633442282676697,206.02374267578125,0.2261466383934021,-19524.220703125
0.7021601796150208,0.7868615984916687,214.818115234375,0.18901310861110687,-21310.0703125
0.6977115273475647,0.7649586796760559,211.41571044921875,0.2804676294326782,-18261.193359375
0.6897735595703125,0.7465582489967346,205.69969177246094,0.2714911997318268,-18815.734375
0.6868477463722229,0.7486980557441711,206.7138671875,0.2232322245836258,-19116.955078125
0.694666862487793,0.7715497016906738,211.1014862060547,0.24076242744922638,-18108.90234375
0.6937589049339294,0.7592292428016663,210.70021057128906,0.23047491908073425,-17061.994140625
0.6999595761299133,0.7668930888175964,200.42083740234375,0.33446604013442993,-18423.70703125
0.6903032064437866,0.7576190829277039,202.6056671142578,0.1997261494398117,-18955.0078125
0.6902338266372681,0.760918378829956,207.0690155029297,0.24647316336631775,-16339.0673828125
0.6915248036384583,0.7577207684516907,211.14463806152344,0.2222219854593277,-18534.140625
0.6943140029907227,0.7647705078125,207.4922332763672,0.20488418638706207,-18634.462890625
0.6887839436531067,0.7513110041618347,204.57546997070312,0.24682247638702393,-17310.759765625
0.6798082590103149,0.7440646886825562,207.98361206054688,0.16569030284881592,-16651.861328125
0.6974210143089294,0.7680420875549316,204.5594482421875,0.23155923187732697,-18768.357421875
0.6914757490158081,0.7575883865356445,210.81668090820312,0.2386474460363388,-16721.951171875
0.6975521445274353,0.7617520093917847,206.33660888671875,0.29640719294548035,-22735.189453125
0.6863548755645752,0.7447872757911682,212.33258056640625,0.22191746532917023,-17468.7109375
0.6942407488822937,0.7582464814186096,207.39730834960938,0.2484181523323059,-20735.919921875
0.6876642107963562,0.7515347599983215,206.04437255859375,0.21080318093299866,-18354.2734375
0.6920926570892334,0.7613549828529358,210.12289428710938,0.20108509063720703,-18515.736328125
0.6894588470458984,0.7569985389709473,204.42559814453125,0.22203212976455688,-20057.79296875
0.6966488361358643,0.7640199065208435,210.9319305419922,0.2130902260541916,-20173.474609375
0.6988268494606018,0.7686191201210022,200.19845581054688,0.34898561239242554,-18666.177734375
0.6881700754165649,0.755067765712738,209.11468505859375,0.15055879950523376,-18597.447265625
0.6939998269081116,0.7584847211837769,205.9560546875,0.25699564814567566,-19593.08203125
0.6976591944694519,0.7709057331085205,207.92982482910156,0.22473323345184326,-18101.482421875
0.6877450346946716,0.7497907280921936,202.97975158691406,0.2363964021205902,-17974.638671875
0.6827430725097656,0.7362443804740906,200.6934814453125,0.1855834722518921,-18019.7265625
0.6868926286697388,0.7601256966590881,204.71620178222656,0.19468030333518982,-18338.958984375
0.6900510787963867,0.7503538131713867,202.5088348388672,0.23686069250106812,-18696.001953125
0.7051723003387451,0.7830330729484558,195.0182647705078,0.3084801435470581,-20229.46484375
0.6969293355941772,0.7603964805603027,208.38412475585938,0.2914871871471405,-21777.904296875
0.6924935579299927,0.7635131478309631,214.60423278808594,0.13524273037910461,-18185.326171875
0.6992636322975159,0.7754522562026978,201.7032470703125,0.26689109206199646,-18697.39453125
0.6960028409957886,0.7708868384361267,211.6468505859375,0.20840412378311157,-16474.84375
0.6798522472381592,0.7343913316726685,206.73558044433594,0.22759471833705902,-18223.4765625
0.693372905254364,0.7558547258377075,205.65988159179688,0.22979819774627686,-17712.41015625
0.688295304775238,0.7525176405906677,210.56411743164062,0.19737935066223145,-18824.32421875
0.6894089579582214,0.7560601830482483,205.88204956054688,0.24416206777095795,-17892.080078125
0.6865226030349731,0.7455589771270752,209.22328186035156,0.2537131905555725,-20332.533203125
0.696479082107544,0.7617536783218384,204.5886688232422,0.29429203271865845,-19502.90234375
0.6899952292442322,0.7579779028892517,209.48231506347656,0.23695985972881317,-20045.279296875
0.6851730346679688,0.750429093837738,209.34640502929688,0.17264999449253082,-17407.673828125
0.6930715441703796,0.757355272769928,203.65538024902344,0.25580713152885437,-19200.728515625
0.6945928931236267,0.7619933485984802,203.1680145263672,0.23710055649280548,-20299.927734375
0.6927366852760315,0.7603191137313843,211.35081481933594,0.20519603788852692,-18463.025390625
0.6959823369979858,0.7615355253219604,209.7576141357422,0.25219541788101196,-17860.083984375
0.691897451877594,0.7515624165534973,200.62399291992188,0.263089656829834,-21084.59375
0.68707275390625,0.757527232170105,213.2839813232422,0.17056682705879211,-16075.16796875
0.6933707594871521,0.7634584307670593,216.56825256347656,0.18708184361457825,-18719.8046875
0.6888232231140137,0.7533226013183594,212.25665283203125,0.18780866265296936,-19483.58203125
0.6939998865127563,0.7574514746665955,209.50733947753906,0.2715981900691986,-18406.658203125
0.6890482306480408,0.7600875496864319,209.78689575195312,0.18121644854545593,-18750.009765625
0.6870877146720886,0.7467703223228455,206.82386779785156,0.23535384237766266,-20393.693359375
0.6895022988319397,0.7573097348213196,204.96681213378906,0.2502543032169342,-20495.36328125
0.6881054639816284,0.7464455962181091,209.73316955566406,0.2434013932943344,-19183.517578125
0.6960447430610657,0.757462203502655,205.91004943847656,0.24957320094108582,-18777.361328125
0.6946243047714233,0.7575139403343201,196.68521118164062,0.2740715742111206,-19066.271484375
0.6908957958221436,0.7566515803337097,215.62722778320312,0.21191154420375824,-17688.123046875
0.6944393515586853,0.7588989734649658,213.06674194335938,0.20301984250545502,-20117.501953125
0.6937990784645081,0.7747645378112793,212.25877380371094,0.1665661334991455,-16890.181640625
0.6954470276832581,0.7655084729194641,209.3839569091797,0.2565845847129822,-19267.345703125
0.689767599105835,0.7527271509170532,209.5775604248047,0.22829729318618774,-19091.615234375
0.6882570385932922,0.7515891194343567,203.89614868164062,0.2718590795993805,-20787.564453125
0.6923673152923584,0.7505823373794556,214.8280029296875,0.21808825433254242,-18241.27734375
0.6840706467628479,0.7421055436134338,202.6207733154297,0.25275689363479614,-21008.486328125
0.6928162574768066,0.7638376355171204,215.84181213378906,0.21245862543582916,-19932.353515625
0.6890599727630615,0.7562889456748962,207.43174743652344,0.20855392515659332,-17619.943359375
0.6801247596740723,0.7395284175872803,200.05001831054688,0.21525810658931732,-16780.208984375
0.6883018016815186,0.7476274967193604,204.47193908691406,0.27468734979629517,-19318.216796875
0.6976324915885925,0.764561653137207,210.70452880859375,0.23860111832618713,-17555.943359375
0.6856123208999634,0.7437065243721008,206.6902313232422,0.21645714342594147,-18713.501953125
0.6927604675292969,0.7550406455993652,203.29579162597656,0.25140103697776794,-21471.451171875
0.6918431520462036,0.7579519152641296,201.25340270996094,0.23270033299922943,-19020.833984375
0.6867354512214661,0.7476711869239807,209.41574096679688,0.2089829444885254,-20184.783203125
0.6802096962928772,0.7371783256530762,201.57305908203125,0.2644067108631134,-18056.349609375
0.7021089792251587,0.7800069451332092,207.30886840820312,0.24462786316871643,-19276.033203125
0.6925972104072571,0.7639865875244141,218.36669921875,0.19124332070350647,-19301.439453125
0.6838929057121277,0.7354316115379333,205.7191925048828,0.2766561806201935,-18085.052734375
0.6882256269454956,0.7457267642021179,207.63589477539062,0.21114374697208405,-20288.744140625
0.6907215118408203,0.7577460408210754,206.6050567626953,0.23582172393798828,-21467.54296875
0.6918128132820129,0.7615955471992493,209.09347534179688,0.20383533835411072,-18033.9296875
0.6886016130447388,0.7594696879386902,203.84617614746094,0.2074742168188095,-17011.650390625
0.6976603865623474,0.7691639065742493,202.41378784179688,0.26664337515830994,-20005.267578125
0.6878863573074341,0.7487382292747498,203.30946350097656,0.2271406054496765,-18718.431640625
0.6923342347145081,0.7620830535888672,210.43075561523438,0.2190549224615097,-18199.646484375
0.687300443649292,0.7549559473991394,206.30670166015625,0.22380204498767853,-16653.232421875
0.6863092184066772,0.7434994578361511,208.23806762695312,0.19707217812538147,-17918.646484375
0.6903830766677856,0.7558684349060059,204.09255981445312,0.22420375049114227,-17367.72265625
0.6912250518798828,0.7488414645195007,212.75389099121094,0.20741821825504303,-18487.947265625
0.6863706707954407,0.7449992299079895,208.9788055419922,0.26908037066459656,-17971.693359375
0.6904937624931335,0.7517051696777344,205.69842529296875,0.24994219839572906,-20438.798828125
0.6845267415046692,0.7485301494598389,202.89181518554688,0.22524496912956238,-18421.626953125
0.6922593712806702,0.7543576955795288,206.5332794189453,0.23515969514846802,-17344.236328125
0.6879550814628601,0.7578339576721191,213.16221618652344,0.20772553980350494,-18708.861328125
0.6905601620674133,0.7546874284744263,205.0901336669922,0.21035708487033844,-18109.8515625
0.6903386116027832,0.7522010803222656,203.95069885253906,0.2775990068912506,-19341.373046875
0.6878402233123779,0.7445410490036011,200.82861328125,0.23256923258304596,-17872.814453125
0.6833164691925049,0.7358523011207581,208.9326934814453,0.22649718821048737,-18546.625
0.6880171298980713,0.7457603216171265,201.8671417236328,0.23529940843582153,-18156.947265625
0.6883020401000977,0.7482724785804749,205.06796264648438,0.2324087917804718,-17922.01953125
0.6890295743942261,0.754554033279419,206.61073303222656,0.2106958031654358,-16433.21875
0.6829419732093811,0.7415563464164734,206.284912109375,0.22521379590034485,-17627.142578125
0.6914483904838562,0.7452811598777771,201.46823120117188,0.2481108009815216,-18041.943359375
0.6919652223587036,0.7552966475486755,205.5208740234375,0.2479887306690216,-18825.6953125
0.689636766910553,0.7589253187179565,214.84388732910156,0.20430846512317657,-17636.388671875
0.6831088066101074,0.7463030815124512,211.05126953125,0.2328057885169983,-17971.732421875
0.6877895593643188,0.7499602437019348,204.1596221923828,0.24582616984844208,-19230.92578125
0.6907755732536316,0.7610187530517578,211.70408630371094,0.2418794482946396,-18232.158203125
0.6930828094482422,0.7603140473365784,213.1897430419922,0.17268510162830353,-18438.140625
0.6869304776191711,0.7443021535873413,207.11875915527344,0.24205629527568817,-18686.8046875
0.6905868053436279,0.7531737685203552,207.3245849609375,0.1954968422651291,-19116.9921875
0.6851973533630371,0.7410904169082642,200.57652282714844,0.22688303887844086,-18336.88671875
0.6864785552024841,0.746785044670105,199.2461395263672,0.2744177579879761,-20175.4609375
0.680779755115509,0.7363120913505554,207.64479064941406,0.19362644851207733,-19151.419921875
0.6849750876426697,0.7480551600456238,209.67007446289062,0.24563053250312805,-17991.970703125
0.6886504292488098,0.7478950619697571,206.1203155517578,0.2532615661621094,-20044.05859375
0.6883331537246704,0.7462974786758423,208.99041748046875,0.24269616603851318,-19404.0390625
0.6886272430419922,0.7472593784332275,201.0196990966797,0.20884579420089722,-20858.1796875
0.6895484924316406,0.7579464316368103,205.60948181152344,0.19950881600379944,-18081.064453125
0.6878179311752319,0.7488956451416016,203.71923828125,0.23605996370315552,-17499.212890625
0.6925079226493835,0.7629967331886292,207.92581176757812,0.21658705174922943,-16298.2763671875
0.6818840503692627,0.7437921166419983,204.38726806640625,0.23003798723220825,-18731.681640625
0.6859560608863831,0.741808295249939,205.92112731933594,0.22211231291294098,-16799.302734375
0.6902097463607788,0.7530621886253357,208.2250518798828,0.2500377297401428,-19124.732421875
0.6806911826133728,0.736502468585968,209.673828125,0.2050052136182785,-18185.83984375
0.6936355233192444,0.751475989818573,209.75938415527344,0.24439993500709534,-19704.384765625
0.6844651699066162,0.7425012588500977,215.35179138183594,0.19440077245235443,-18034.125
0.6869773268699646,0.7443989515304565,209.57249450683594,0.25756973028182983,-18611.12109375
0.6927768588066101,0.7572138905525208,203.0660400390625,0.22589430212974548,-17307.27734375
0.6862546801567078,0.7455660104751587,203.01910400390625,0.2340417504310608,-19169.533203125
0.6935067772865295,0.7604753375053406,209.80831909179688,0.2247038632631302,-18615.13671875
0.6889871954917908,0.7492903470993042,210.2532501220703,0.20509251952171326,-16906.23828125
0.6876717209815979,0.7503328323364258,201.8597869873047,0.24940066039562225,-18416.119140625
0.6877661943435669,0.748901903629303,210.82798767089844,0.23801001906394958,-17489.107421875
0.6889404058456421,0.7545362710952759,207.72857666015625,0.23016394674777985,-18960.115234375
0.6934440732002258,0.7540709972381592,201.3892059326172,0.2730531096458435,-18188.873046875
0.6902488470077515,0.7561478614807129,208.8022003173828,0.1926010400056839,-16348.8125
0.6916234493255615,0.7565898895263672,204.20745849609375,0.25030919909477234,-16858.931640625
0.6800891160964966,0.7367638945579529,207.3952178955078,0.2255702167749405,-17698.693359375
0.6873352527618408,0.7512819170951843,209.07571411132812,0.19374731183052063,-17594.4375
0.6858495473861694,0.7398282885551453,206.5649871826172,0.2675062417984009,-17808.361328125
0.685903787612915,0.7477297782897949,209.9291534423828,0.1922924667596817,-17106.03125
0.683791995048523,0.7422941327095032,203.2800750732422,0.24957580864429474,-18882.869140625
0.6895009875297546,0.75359046459198,208.94639587402344,0.2023993581533432,-17752.8203125
0.6888766288757324,0.7516735792160034,205.0047149658203,0.20779235661029816,-19764.599609375
0.6961559653282166,0.7663010954856873,211.7040252685547,0.241195410490036,-18110.36328125
0.6859747171401978,0.7451090216636658,212.1793212890625,0.19526521861553192,-18743.080078125
0.6776605844497681,0.7270877957344055,195.923095703125,0.25288140773773193,-17039.267578125
0.6867537498474121,0.7517960667610168,208.7925567626953,0.20601432025432587,-18796.751953125
0.6856610774993896,0.7487865686416626,204.14625549316406,0.2156364768743515,-19875.017578125
0.6931797862052917,0.7584300637245178,204.58062744140625,0.23984570801258087,-18990.962890625
0.690500020980835,0.7608333826065063,211.1999969482422,0.210094153881073,-18520.798828125
0.6907666325569153,0.7532902359962463,210.35546875,0.22176238894462585,-18638.3515625
0.6864627599716187,0.7414552569389343,199.25892639160156,0.24331995844841003,-21272.861328125
0.6908958554267883,0.7641732692718506,209.12786865234375,0.22299440205097198,-18986.404296875
0.680819571018219,0.7364652752876282,201.57867431640625,0.2237377017736435,-17764.173828125
0.6856939196586609,0.7409053444862366,206.2373809814453,0.24401021003723145,-20163.369140625
0.6877633333206177,0.750554621219635,210.49838256835938,0.22904126346111298,-17405.654296875
0.6888123154640198,0.7462321519851685,205.46322631835938,0.22882799804210663,-20128.673828125
0.6920587420463562,0.7540552020072937,211.53504943847656,0.21861286461353302,-17581.115234375
0.6804805397987366,0.732306182384491,200.28201293945312,0.26021257042884827,-19507.74609375
0.6852014064788818,0.7494632005691528,206.4274139404297,0.19578228890895844,-16914.083984375
0.6830849647521973,0.7396026253700256,201.9288787841797,0.24401327967643738,-19585.654296875
0.6851655840873718,0.7472485303878784,204.37620544433594,0.20979145169258118,-17846.869140625
0.6827018857002258,0.740116536617279,205.4817352294922,0.23886792361736298,-16415.916015625
0.6887712478637695,0.7487972378730774,214.16453552246094,0.18773244321346283,-16791.486328125
0.6909783482551575,0.7542150616645813,207.8157958984375,0.22201234102249146,-20604.380859375
0.6916671395301819,0.7544077038764954,205.21542358398438,0.2616049349308014,-20719.392578125
0.6814293265342712,0.7336669564247131,208.52450561523438,0.2179972380399704,-17024.498046875
0.6788431406021118,0.734982430934906,206.1300048828125,0.18130233883857727,-18043.400390625
0.6902363896369934,0.7555661797523499,204.13870239257812,0.27962586283683777,-21340.85546875
0.6917170286178589,0.7533906102180481,212.8859405517578,0.21059277653694153,-18499.939453125
0.687271773815155,0.7438474893569946,210.3501434326172,0.24110817909240723,-19245.166015625
0.690949559211731,0.7551071643829346,207.05453491210938,0.23623523116111755,-20042.486328125
0.6884059309959412,0.7516593337059021,209.06443786621094,0.2396438866853714,-19534.583984375
0.6822262406349182,0.7431086301803589,207.33636474609375,0.20794187486171722,-19216.78125
0.6868144273757935,0.745389461517334,194.67245483398438,0.2703656852245331,-20042.326171875
0.6944131255149841,0.7627002596855164,212.60891723632812,0.221061110496521,-18968.8203125
0.677150547504425,0.7293145060539246,202.79592895507812,0.22626152634620667,-17254.8125
0.6865702271461487,0.7427152395248413,205.96096801757812,0.25650253891944885,-19530.177734375
0.6893066167831421,0.7521248459815979,210.2945556640625,0.20646220445632935,-18458.794921875
0.6969439387321472,0.766434907913208,210.2044677734375,0.2550743818283081,-19809.361328125
0.6877871155738831,0.7487469911575317,207.67042541503906,0.264505535364151,-19979.076171875
0.6849445104598999,0.7395017743110657,202.7894287109375,0.24555368721485138,-18874.044921875
0.6863977313041687,0.74348384141922,211.32484436035156,0.21518783271312714,-17953.115234375
0.6883950233459473,0.7529067397117615,205.8152313232422,0.21815215051174164,-17190.6015625
0.6943112015724182,0.762184739112854,205.24188232421875,0.2484932392835617,-21550.826171875
0.6900663375854492,0.757651686668396,206.1548614501953,0.22231726348400116,-18318.04296875
0.6856041550636292,0.7416126132011414,210.5036163330078,0.21441537141799927,-17060.52734375
0.6852552890777588,0.7385164499282837,204.289794921875,0.22272223234176636,-15793.5703125
0.6880439519882202,0.7518491148948669,209.05987548828125,0.23608650267124176,-19064.1484375
0.6907570958137512,0.7535635232925415,206.99009704589844,0.24192103743553162,-17433.283203125
0.6878074407577515,0.749606192111969,212.2813720703125,0.1852659285068512,-18245.87109375
0.6882238388061523,0.7516587972640991,209.03829956054688,0.21897363662719727,-17155.904296875
0.6797690987586975,0.7294989228248596,202.0442352294922,0.23726022243499756,-18495.078125
0.6780027747154236,0.7272824048995972,204.25762939453125,0.1907624751329422,-18749.0390625
0.695590078830719,0.7604470252990723,202.44970703125,0.26545634865760803,-18199.19140625
0.682801365852356,0.7390350699424744,209.9822540283203,0.23602238297462463,-16797.990234375
0.6802113652229309,0.7323906421661377,210.0920867919922,0.21245154738426208,-18521.9375
0.6869045495986938,0.7444676160812378,204.9080047607422,0.25471070408821106,-19993.861328125
0.6913669109344482,0.7498732209205627,216.5090789794922,0.19440166652202606,-17038.93359375
0.6865787506103516,0.745158851146698,202.9124755859375,0.23983225226402283,-19775.4296875
0.6823561191558838,0.7336395382881165,205.43756103515625,0.21158519387245178,-17570.369140625
0.6842681169509888,0.7413564920425415,207.0352020263672,0.220224529504776,-17766.44140625
0.6914637088775635,0.7552120685577393,208.70376586914062,0.22812320291996002,-18026.76171875
0.6870373487472534,0.7477516531944275,205.6206512451172,0.2295883148908615,-21819.119140625
0.6940387487411499,0.7573412656784058,211.82334899902344,0.23481352627277374,-20588.802734375
0.6890654563903809,0.7497072815895081,204.8783416748047,0.24529270827770233,-18038.873046875
0.6815159916877747,0.735577404499054,207.68856811523438,0.18804091215133667,-17429.314453125
0.6831616163253784,0.7381488680839539,203.73594665527344,0.22703048586845398,-16700.1953125
0.693507969379425,0.7602398991584778,205.07594299316406,0.23427096009254456,-17608.396484375
0.6886827349662781,0.7451249361038208,205.49545288085938,0.22582599520683289,-17652.55078125
0.6838692426681519,0.740320086479187,204.45506286621094,0.23646952211856842,-18818.046875
0.6915258169174194,0.7561266422271729,207.21217346191406,0.21477332711219788,-18105.568359375
0.6875954270362854,0.7459150552749634,209.4410400390625,0.2204863280057907,-17573.259765625
0.6827583312988281,0.7449420094490051,208.01144409179688,0.2155846506357193,-18992.505859375
0.6804515719413757,0.7351948618888855,200.08670043945312,0.21872864663600922,-16814.240234375
0.682446300983429,0.74037766456604,208.2157745361328,0.2014772593975067,-17792.748046875
0.683475911617279,0.7414053082466125,205.4488525390625,0.2532848119735718,-18920.470703125
0.684141218662262,0.7395457625389099,201.50149536132812,0.1794399470090866,-15827.3564453125
0.6835303902626038,0.7366976737976074,214.06272888183594,0.22934238612651825,-18291.583984375
0.6926258206367493,0.759667694568634,213.04354858398438,0.21702654659748077,-18229.103515625
0.6950705647468567,0.7671107053756714,210.3447265625,0.2368128001689911,-18344.666015625
0.6829736828804016,0.7375131249427795,207.9949951171875,0.2084706872701645,-17334.388671875
0.6867473721504211,0.738383948802948,209.72930908203125,0.24019627273082733,-20608.62109375
0.6910527944564819,0.7543694972991943,202.78677368164062,0.22157078981399536,-21551.23828125
0.6823701858520508,0.7431267499923706,210.12689208984375,0.241677924990654,-18230.216796875
0.6857604384422302,0.7436458468437195,213.34555053710938,0.21641390025615692,-18008.833984375
0.68002849817276,0.7310482263565063,203.79454040527344,0.23481889069080353,-19801.759765625
0.6851882934570312,0.7383414506912231,203.72122192382812,0.20956285297870636,-19210.814453125
0.6854263544082642,0.743066132068634,203.59628295898438,0.2621535658836365,-18606.310546875
0.6793521642684937,0.7379850149154663,199.67478942871094,0.1726135015487671,-16694.001953125
0.6838379502296448,0.7398601174354553,211.7752685546875,0.22911663353443146,-18695.146484375
0.6868990659713745,0.7459859251976013,206.80548095703125,0.1971932053565979,-17547.673828125
0.6884384751319885,0.7511456608772278,205.24864196777344,0.23875652253627777,-19157.6796875
0.6898009181022644,0.7511563301086426,207.96556091308594,0.22162702679634094,-17672.369140625
0.6857777237892151,0.748695969581604,206.541015625,0.22623726725578308,-17245.513671875
0.6870339512825012,0.746626079082489,209.4608917236328,0.2316267192363739,-17969.353515625
0.6826573014259338,0.7364711165428162,201.93955993652344,0.21764501929283142,-18029.923828125
0.6802201271057129,0.7352170348167419,205.7782440185547,0.23270034790039062,-16803.447265625
0.6817525625228882,0.7352410554885864,210.4871063232422,0.19747813045978546,-17374.365234375
0.6873725652694702,0.7451032400131226,205.48379516601562,0.23393256962299347,-18043.447265625
0.6841700077056885,0.7396606802940369,206.76766967773438,0.1998266726732254,-17957.326171875
0.6870336532592773,0.7433515787124634,195.93995666503906,0.26293760538101196,-18000.404296875
0.6840542554855347,0.7419449090957642,201.7698974609375,0.21302011609077454,-18253.169921875
0.6828449964523315,0.734741747379303,203.68658447265625,0.21825341880321503,-17796.931640625
0.6879149675369263,0.7444049715995789,200.87696838378906,0.23032782971858978,-19579.833984375
0.6847202181816101,0.7433069944381714,198.39418029785156,0.22294537723064423,-19933.634765625
0.6889979243278503,0.7507295608520508,208.55389404296875,0.1990271657705307,-18781.251953125
0.6863098740577698,0.749993622303009,203.43331909179688,0.18660742044448853,-17159.875
0.6939442753791809,0.7635170817375183,209.64183044433594,0.25321149826049805,-19837.537109375
0.691763162612915,0.7573752403259277,209.23162841796875,0.2118295133113861,-18254.5390625
0.680633544921875,0.7322680950164795,207.38404846191406,0.21806453168392181,-18436.296875
0.6881221532821655,0.7498006224632263,207.87742614746094,0.23062822222709656,-19432.458984375
0.6845775842666626,0.7412934899330139,203.85543823242188,0.2378435730934143,-19823.67578125
0.6823915839195251,0.7396336793899536,207.94798278808594,0.2396208643913269,-17549.068359375
0.6823122501373291,0.7322269082069397,203.91993713378906,0.231431782245636,-18023.865234375
0.6860951781272888,0.7565637230873108,209.74716186523438,0.21507441997528076,-18764.05859375
0.6892234683036804,0.7533894181251526,211.0711669921875,0.18735437095165253,-18098.037109375
0.6928538680076599,0.7557047009468079,205.3893585205078,0.2318650186061859,-18286.310546875
0.6893877983093262,0.7488146424293518,213.73574829101562,0.19797579944133759,-18682.529296875
0.692895233631134,0.7574297785758972,206.05860900878906,0.2488301396369934,-20834.296875
0.6859675049781799,0.7449778318405151,208.46893310546875,0.24038879573345184,-19517.173828125
0.6728914976119995,0.714751660823822,198.7630615234375,0.19625309109687805,-17246.791015625
0.6947808265686035,0.7609187960624695,206.8085174560547,0.22013786435127258,-20015.927734375
0.6847223043441772,0.7411104440689087,209.68629455566406,0.23000332713127136,-18943.87890625
0.6821277141571045,0.7373311519622803,212.51010131835938,0.22210504114627838,-18964.486328125
0.684700608253479,0.7357147336006165,202.3963165283203,0.21738915145397186,-18313.14453125
0.6865583658218384,0.7409449815750122,205.47830200195312,0.23487555980682373,-19491.427734375
0.6799906492233276,0.7303663492202759,204.04627990722656,0.19563964009284973,-16782.990234375
0.6838728189468384,0.7345837354660034,201.6251678466797,0.22027170658111572,-18367.466796875
0.6885532140731812,0.7458323240280151,208.21609497070312,0.20456989109516144,-17847.154296875
0.6806564927101135,0.7331840991973877,205.44955444335938,0.22294050455093384,-18219.3203125
0.6859113574028015,0.7396880984306335,208.11920166015625,0.22204238176345825,-20037.876953125
0.681740403175354,0.7331365942955017,204.62896728515625,0.2607714533805847,-17967.103515625
0.6820784211158752,0.7379177212715149,204.15342712402344,0.2018004208803177,-16060.4287109375
0.6829178929328918,0.7378368377685547,204.8919677734375,0.2399662584066391,-18457.90625
0.6889531016349792,0.7470791935920715,203.98997497558594,0.19337941706180573,-16363.1865234375
0.6887766718864441,0.7412583231925964,201.55804443359375,0.26205146312713623,-19770.865234375
0.6793394684791565,0.7285205721855164,208.1297149658203,0.18702946603298187,-19462.236328125
0.6903694272041321,0.7477442622184753,206.36570739746094,0.24084873497486115,-16938.55078125
0.6834551095962524,0.7395856380462646,207.5682373046875,0.22772668302059174,-18067.49609375
0.6833178400993347,0.7377813458442688,203.8986358642578,0.22519823908805847,-19680.767578125
0.6845750212669373,0.7398768067359924,205.91500854492188,0.22212062776088715,-19308.0546875
0.683872640132904,0.7455586194992065,207.85430908203125,0.19607560336589813,-19216.87109375
0.6847286820411682,0.7401717901229858,201.6988067626953,0.20923128724098206,-18329.84765625
0.682831346988678,0.7334426641464233,202.53488159179688,0.2397027164697647,-17807.1953125
0.6873176693916321,0.7473700642585754,204.53245544433594,0.2218707948923111,-16688.28515625
0.681628406047821,0.7370328903198242,201.89749145507812,0.2037639170885086,-16833.806640625
0.6859086751937866,0.7443434000015259,207.26341247558594,0.25023043155670166,-21054.513671875
0.686981737613678,0.7436894178390503,204.67025756835938,0.22523419559001923,-19285.279296875
0.6887895464897156,0.7490130066871643,212.52783203125,0.21778522431850433,-17263.9375
0.6837599873542786,0.7410153746604919,212.35948181152344,0.19650353491306305,-19655.783203125
0.6782850027084351,0.7223522067070007,201.61610412597656,0.22572924196720123,-18145.416015625
0.6837362051010132,0.7371498346328735,206.7046661376953,0.19296570122241974,-18297.388671875
0.6833536624908447,0.7362812161445618,201.50767517089844,0.2318188101053238,-18462.3671875
0.6840270757675171,0.7385111451148987,203.26358032226562,0.2266707420349121,-20368.548828125
0.6909181475639343,0.7560646533966064,209.53134155273438,0.19609153270721436,-18415.7890625
0.6926890015602112,0.7521131038665771,212.22166442871094,0.2292475402355194,-18305.435546875
0.6829508543014526,0.7393572330474854,207.1046600341797,0.2182699739933014,-16980.482421875
0.6845371723175049,0.7349957227706909,204.01373291015625,0.24399492144584656,-18785.162109375
0.6860222816467285,0.7440578937530518,204.8750762939453,0.2115148901939392,-19743.83984375
0.6836427450180054,0.7443886399269104,213.95840454101562,0.2325507253408432,-18537.259765625
0.6811004281044006,0.7351832389831543,212.60537719726562,0.19937175512313843,-18974.3203125
0.6859435439109802,0.7430426478385925,202.15414428710938,0.26187005639076233,-19107.822265625
0.6777142882347107,0.7282183766365051,205.40237426757812,0.1723020374774933,-20084.89453125
0.6865257024765015,0.7444412708282471,201.83871459960938,0.2574828267097473,-19000.146484375
0.6823660731315613,0.7374399900436401,208.110595703125,0.21281522512435913,-18372.736328125
0.6880163550376892,0.7426549196243286,205.9539031982422,0.25670355558395386,-18882.310546875
0.6814163327217102,0.7348960638046265,205.1676788330078,0.2345864325761795,-19103.876953125
0.6887115240097046,0.7424254417419434,203.28353881835938,0.22267678380012512,-18601.11328125
0.6816086173057556,0.7357256412506104,197.7393798828125,0.25422048568725586,-18841.693359375
0.6869299411773682,0.7473485469818115,209.1061248779297,0.20290860533714294,-16657.603515625
0.6773173213005066,0.7273680567741394,208.3661651611328,0.23174729943275452,-18479.556640625
0.6793895363807678,0.7369188070297241,205.15370178222656,0.19539736211299896,-19126.099609375
0.6782592535018921,0.7253875732421875,197.69058227539062,0.25325438380241394,-18178.4453125
0.6837440729141235,0.7373199462890625,209.4759063720703,0.2023034691810608,-18529.59765625
0.6854695081710815,0.7409279942512512,207.57826232910156,0.2216387391090393,-17422.939453125
0.6777428984642029,0.7274644374847412,201.23626708984375,0.20847700536251068,-18727.90625
0.6814653873443604,0.737650454044342,209.4246826171875,0.2250378429889679,-17420.712890625
0.6821112036705017,0.7345872521400452,202.69580078125,0.20963327586650848,-20479.822265625
0.6828144788742065,0.7372002601623535,201.30360412597656,0.2181580811738968,-17283.048828125
0.6826565265655518,0.7368522882461548,202.25033569335938,0.21312002837657928,-18690.416015625
0.6851564049720764,0.7379804849624634,209.08270263671875,0.2371591031551361,-18225.58984375
0.6792948842048645,0.7327331304550171,205.3282470703125,0.2280074805021286,-19623.087890625
0.6847981214523315,0.7442368865013123,206.49749755859375,0.22492071986198425,-19377.90234375
0.6799307465553284,0.7355454564094543,206.92877197265625,0.2023659646511078,-17993.06640625
0.6867796182632446,0.7453528642654419,209.46534729003906,0.2201903611421585,-17979.380859375
0.6777535676956177,0.7341083288192749,206.75482177734375,0.21874405443668365,-18072.197265625
0.6878306865692139,0.7417970299720764,205.60507202148438,0.2401503473520279,-18380.955078125
0.6853756904602051,0.7414436936378479,206.0775604248047,0.22804585099220276,-18526.611328125
0.6740917563438416,0.7204205393791199,198.18421936035156,0.22545336186885834,-17623.083984375
0.6828481554985046,0.7420308589935303,202.81822204589844,0.21537688374519348,-17438.447265625
0.6813603043556213,0.7368006110191345,203.8634490966797,0.22156891226768494,-19165.390625
0.6831235885620117,0.7385043501853943,206.8544464111328,0.2128162533044815,-17805.037109375
0.6818228960037231,0.7340111136436462,200.2664794921875,0.2286725491285324,-18981.951171875
0.6857730746269226,0.7436036467552185,205.1861572265625,0.24209439754486084,-18636.5390625
0.6841365098953247,0.7359037399291992,203.14852905273438,0.22290997207164764,-16742.599609375
0.6827818751335144,0.7378491163253784,208.16249084472656,0.20765356719493866,-17799.1953125
0.6764084100723267,0.7215437889099121,206.3497314453125,0.19370289146900177,-16593.59375
0.6759164929389954,0.7192595601081848,203.64320373535156,0.24338263273239136,-17922.421875
0.6883828639984131,0.7437847256660461,201.96397399902344,0.21626460552215576,-19577.03515625
0.6868333220481873,0.7379353642463684,215.33078002929688,0.23031477630138397,-17279.576171875
0.686448872089386,0.7428938150405884,207.00469970703125,0.22698478400707245,-19887.845703125
0.6813965439796448,0.7308658957481384,206.24974060058594,0.22438539564609528,-18069.220703125
0.6778644919395447,0.7291988134384155,202.58226013183594,0.20870958268642426,-16178.83203125
0.6850024461746216,0.7410455346107483,208.4983367919922,0.20845244824886322,-18025.10546875
0.6838149428367615,0.7321487069129944,207.13304138183594,0.22356362640857697,-18263.98046875
0.6798313856124878,0.7336541414260864,202.190185546875,0.23256051540374756,-20175.666015625
0.6748436689376831,0.7214210629463196,199.9415740966797,0.19899684190750122,-16463.849609375
0.6811357140541077,0.7295248508453369,198.8786163330078,0.22053426504135132,-20310.39453125
0.6858190894126892,0.7405962347984314,205.803466796875,0.21970516443252563,-17207.69140625
0.6865366101264954,0.7461798787117004,208.01853942871094,0.23137834668159485,-18490.279296875
0.6784602403640747,0.7298344373703003,202.71267700195312,0.1965760439634323,-17546.107421875
0.6809807419776917,0.7320431470870972,201.74124145507812,0.2225160449743271,-17309.1484375
0.681061327457428,0.731441855430603,202.58966064453125,0.20760507881641388,-16560.662109375
0.683259904384613,0.7363715767860413,203.5342254638672,0.2360001653432846,-18198.630859375
0.6816537976264954,0.7268432378768921,208.1474151611328,0.23579707741737366,-20804.9921875
0.6786076426506042,0.7254299521446228,207.4449920654297,0.2148381471633911,-17581.7265625
0.6846172213554382,0.7370972633361816,200.16197204589844,0.2455410212278366,-19024.240234375
0.6898743510246277,0.7519185543060303,209.88816833496094,0.21179331839084625,-18408.115234375
0.6839625835418701,0.7336931824684143,205.50906372070312,0.2235773503780365,-18659.845703125
0.681659460067749,0.7315874695777893,207.35519409179688,0.20386481285095215,-15773.9052734375
0.6817760467529297,0.735236644744873,209.53758239746094,0.21348734200000763,-17306.986328125
0.684654712677002,0.7358905673027039,202.84608459472656,0.23833568394184113,-19739.435546875
0.6817129254341125,0.7319803237915039,204.2454833984375,0.21249155700206757,-17947.80859375
0.6815547347068787,0.7330967783927917,202.9510040283203,0.24390587210655212,-19769.375
0.6827210187911987,0.73539137840271,200.7447967529297,0.22231940925121307,-17260.1015625
0.6773126721382141,0.7251579761505127,198.50506591796875,0.20914776623249054,-18449.931640625
0.6888128519058228,0.7463377118110657,209.30308532714844,0.2155490219593048,-17985.775390625
0.683555006980896,0.7346968054771423,202.79107666015625,0.2259811908006668,-18292.099609375
0.6832512021064758,0.7376304864883423,199.18341064453125,0.2191142439842224,-18348.990234375
0.6748913526535034,0.718184769153595,201.3365478515625,0.21940205991268158,-18444.271484375
0.6799525022506714,0.7273367643356323,208.90460205078125,0.20487451553344727,-19205.552734375
0.6778239607810974,0.7253948450088501,202.70114135742188,0.20710799098014832,-18466.654296875
0.6858922243118286,0.7430403232574463,208.00726318359375,0.2342114895582199,-18006.888671875
0.683722734451294,0.7408385872840881,199.762939453125,0.22214849293231964,-18117.26171875
0.6844063401222229,0.7382288575172424,196.55859375,0.2342083901166916,-19496.6171875
0.6842279434204102,0.7386224865913391,207.67828369140625,0.19670911133289337,-18557.216796875
0.6772830486297607,0.7202675342559814,201.84327697753906,0.2054399847984314,-17388.646484375
0.6847108006477356,0.7401753664016724,198.58323669433594,0.22394481301307678,-16742.435546875
0.6857168078422546,0.7421444058418274,203.8275604248047,0.23185473680496216,-18065.734375
0.6831114292144775,0.730914294719696,206.21658325195312,0.21897336840629578,-18806.00390625
0.6796234846115112,0.7299016714096069,197.37429809570312,0.2109161764383316,-17345.564453125
0.6844582557678223,0.7433527708053589,210.0360107421875,0.21180525422096252,-19086.798828125
0.6777826547622681,0.7265921235084534,206.26788330078125,0.21704138815402985,-20031.888671875
0.6792115569114685,0.7296466827392578,199.6658172607422,0.20516186952590942,-17747.447265625
0.6916419267654419,0.7519940137863159,210.11801147460938,0.23523633182048798,-17589.623046875
0.6787523031234741,0.7295438647270203,199.4832305908203,0.2263185679912567,-16677.890625
0.6762259006500244,0.725334107875824,196.9496612548828,0.2194414734840393,-17248.05859375
0.6814079284667969,0.7283936142921448,205.50918579101562,0.21372677385807037,-19969.052734375
0.6763962507247925,0.7247267365455627,200.97369384765625,0.2161789834499359,-18508.341796875
0.6740376949310303,0.718829870223999,202.3850860595703,0.21739713847637177,-17525.603515625
0.6860578060150146,0.7386742830276489,205.38519287109375,0.22605814039707184,-19433.861328125
0.6875245571136475,0.7390152215957642,209.0050506591797,0.19740226864814758,-16791.505859375
0.6821231245994568,0.736042320728302,198.73439025878906,0.2451663464307785,-18351.154296875
0.682495653629303,0.7315225601196289,203.70352172851562,0.21583543717861176,-18449.87109375
0.6762202978134155,0.7223648428916931,204.97328186035156,0.19814518094062805,-17302.962890625
0.6837444305419922,0.7379662990570068,206.4723663330078,0.2339574694633484,-21362.455078125
0.6855677962303162,0.7401047945022583,204.22743225097656,0.21628069877624512,-16830.5234375
0.6804591417312622,0.7347787618637085,204.82350158691406,0.19707080721855164,-16136.0869140625
0.6896986365318298,0.7555357813835144,208.35829162597656,0.23255056142807007,-18892.333984375
0.6822888255119324,0.7382189035415649,203.49044799804688,0.20222222805023193,-18334.798828125
0.6837950348854065,0.7371311783790588,206.77725219726562,0.19728074967861176,-20859.37890625
0.6857575178146362,0.7367487549781799,200.22528076171875,0.23512332141399384,-17361.279296875
0.6781643629074097,0.7297477722167969,207.0667266845703,0.2180025279521942,-17484.203125
0.6793484687805176,0.7289941906929016,197.74806213378906,0.24037691950798035,-19314.888671875
0.6771831512451172,0.7244716882705688,208.57382202148438,0.20480865240097046,-19794.330078125
0.6914014220237732,0.7531300783157349,206.94940185546875,0.2252451479434967,-19815.85546875
0.6784876585006714,0.7257631421089172,198.3561248779297,0.2290574014186859,-19757.5859375
0.6810897588729858,0.7342663407325745,205.22076416015625,0.19784100353717804,-16339.74609375
0.6841820478439331,0.7375946044921875,200.1573028564453,0.2176300585269928,-17170.77734375
0.6897009015083313,0.747070848941803,206.9861297607422,0.22739270329475403,-19999.365234375
0.6875705718994141,0.7429312467575073,205.06166076660156,0.23845753073692322,-19812.001953125
0.6780014038085938,0.7252650260925293,200.25564575195312,0.2052307277917862,-17692.18359375
0.6819214820861816,0.7346408367156982,209.85205078125,0.21322105824947357,-20849.513671875
0.6836206912994385,0.736689031124115,202.52252197265625,0.21746864914894104,-17683.732421875
0.6821107268333435,0.7284832000732422,202.12440490722656,0.22208687663078308,-17360.248046875
0.6786227226257324,0.7312850952148438,200.9353485107422,0.21146149933338165,-17975.892578125
0.6846174597740173,0.7414582371711731,200.75161743164062,0.20882432162761688,-20753.271484375
0.670993983745575,0.7116662263870239,197.6008758544922,0.2136816382408142,-16769.771484375
0.6771835088729858,0.7226159572601318,202.44383239746094,0.18987177312374115,-16259.4951171875
0.6876516938209534,0.7405915856361389,203.40548706054688,0.22460433840751648,-17949.85546875
0.6749827265739441,0.718609094619751,205.33872985839844,0.21779446303844452,-20235.33984375
0.6850122213363647,0.7364528179168701,202.40908813476562,0.22326035797595978,-21866.3359375
0.6761037707328796,0.7262800335884094,201.48696899414062,0.18513932824134827,-16874.041015625
0.679692804813385,0.7263498902320862,205.305908203125,0.23109805583953857,-20069.646484375
0.6803874969482422,0.7329931855201721,206.69741821289062,0.20742863416671753,-17396.783203125
0.6812030076980591,0.7378963232040405,202.7216339111328,0.21402762830257416,-19573.376953125
0.6838159561157227,0.730347752571106,208.1549835205078,0.20880647003650665,-18224.666015625
0.6816239356994629,0.7336744666099548,204.44517517089844,0.18673774600028992,-18400.107421875
0.6791099309921265,0.7334758639335632,202.41680908203125,0.21741150319576263,-18433.060546875
0.6832309365272522,0.7399660348892212,206.825439453125,0.22773562371730804,-19610.05078125
0.6685564517974854,0.7073954343795776,200.83619689941406,0.20192953944206238,-16704.328125
0.691999614238739,0.7520028948783875,205.65081787109375,0.23772723972797394,-19364.8515625
0.6924613118171692,0.7488005757331848,202.60427856445312,0.2384827584028244,-19760.865234375
0.6791134476661682,0.7236025333404541,198.133544921875,0.22436688840389252,-19036.37109375
0.6778117418289185,0.7236685752868652,205.0103759765625,0.22240899503231049,-16212.4921875
0.6875668168067932,0.7429907321929932,214.6544189453125,0.22647354006767273,-17911.916015625
0.6804152131080627,0.7327905297279358,200.30288696289062,0.20743735134601593,-16524.470703125
0.6860725283622742,0.7409588098526001,207.43377685546875,0.22755539417266846,-20961.884765625
0.6875847578048706,0.7438361644744873,204.3972930908203,0.22022631764411926,-20025.7890625
0.6752991676330566,0.7207443714141846,198.33287048339844,0.208145409822464,-17991.251953125
0.6814773082733154,0.7342068552970886,203.86032104492188,0.2061343491077423,-19513.59765625
0.677718460559845,0.7195078134536743,200.0780792236328,0.20865152776241302,-17077.830078125
0.6721150279045105,0.7193296551704407,200.57749938964844,0.19993115961551666,-20022.216796875
0.6743672490119934,0.7193413376808167,200.29310607910156,0.21402119100093842,-17927.650390625
0.6845511794090271,0.7399786114692688,197.63262939453125,0.24665695428848267,-17297.203125
0.6773249506950378,0.7261150479316711,203.51507568359375,0.2270650863647461,-19036.328125
0.6759220957756042,0.7228559851646423,197.21139526367188,0.19437329471111298,-17506.365234375
0.6846798658370972,0.7395943999290466,208.95680236816406,0.20504631102085114,-18502.443359375
0.6873167157173157,0.7427554130554199,195.1461944580078,0.2565918266773224,-18626.3125
0.680061399936676,0.7313876152038574,204.1625213623047,0.2095785290002823,-17198.517578125
0.6810886859893799,0.7323845624923706,208.21987915039062,0.2079855501651764,-18492.732421875
0.6850651502609253,0.7368680834770203,197.23497009277344,0.23994143307209015,-17946.833984375
0.6798281669616699,0.7338567972183228,208.2588348388672,0.2001337856054306,-16003.8955078125
0.6748570203781128,0.7203637957572937,199.9233856201172,0.20412786304950714,-16507.740234375
0.6879004240036011,0.7394170165061951,202.0906524658203,0.23142622411251068,-18913.923828125
0.6884466409683228,0.7446943521499634,198.3579864501953,0.2431628555059433,-20337.431640625
0.6783754229545593,0.7263157367706299,201.39122009277344,0.19715458154678345,-18414.3984375
0.6814082264900208,0.7279550433158875,200.5001983642578,0.2202610820531845,-19279.736328125
0.6697081327438354,0.7069119811058044,196.02647399902344,0.2072533518075943,-16338.4326171875
0.6740817427635193,0.7168956995010376,197.8168182373047,0.19081392884254456,-17513.7109375
0.675849437713623,0.7216374278068542,203.97418212890625,0.1937587857246399,-18195.412109375
0.6858102083206177,0.7403425574302673,195.5274200439453,0.24048712849617004,-19389.119140625
0.6831669807434082,0.7428231239318848,212.4077911376953,0.2180737555027008,-16880.6484375
0.6780270338058472,0.7241532802581787,202.961181640625,0.2144562304019928,-18052.7265625
0.6864187121391296,0.7460435032844543,207.17520141601562,0.24089594185352325,-19352.697265625
0.6773043870925903,0.7303532361984253,200.45404052734375,0.2267206907272339,-18731.52734375
0.6792070269584656,0.7267925143241882,202.85983276367188,0.20646759867668152,-17663.712890625
0.6793503761291504,0.7250536680221558,199.1744384765625,0.20628127455711365,-16258.4765625
0.6777753829956055,0.7263179421424866,199.03414916992188,0.2227911800146103,-18109.970703125
0.6769108772277832,0.7205485701560974,195.2506103515625,0.21445779502391815,-18269.693359375
0.6781705617904663,0.7240709662437439,203.3367919921875,0.21162624657154083,-17579.626953125
0.6869847178459167,0.7472478747367859,208.5734100341797,0.21034719049930573,-17621.6015625
0.6799829602241516,0.7298755049705505,205.73983764648438,0.2091764658689499,-20636.85546875
0.6787132620811462,0.7313302159309387,199.49880981445312,0.21835032105445862,-17008.509765625
0.6756631135940552,0.7174122929573059,197.59774780273438,0.23292960226535797,-18616.734375
0.6783549785614014,0.726256787776947,201.95066833496094,0.22618678212165833,-18658.869140625
0.6756700873374939,0.7192461490631104,201.68580627441406,0.2027137279510498,-17978.521484375
0.6781124472618103,0.7235686182975769,194.80166625976562,0.21477258205413818,-20500.01953125
0.6750850081443787,0.7199509739875793,208.920166015625,0.2214135229587555,-18436.919921875
0.6806246042251587,0.7305852770805359,205.3685760498047,0.20837253332138062,-17784.203125
0.6775734424591064,0.724134624004364,196.67381286621094,0.22300000488758087,-18024.177734375
0.6826296448707581,0.7322303652763367,205.85171508789062,0.2307666689157486,-18639.84765625
0.68679279088974,0.7379732131958008,208.84136962890625,0.1992257833480835,-20471.6015625
0.6819270849227905,0.7331309914588928,202.77716064453125,0.21777966618537903,-18895.94140625
0.6837818026542664,0.728939950466156,199.32244873046875,0.2074810117483139,-18351.01953125
0.6845941543579102,0.7384935617446899,202.01478576660156,0.2318703979253769,-19349.8203125
0.6828407049179077,0.7321938276290894,209.00384521484375,0.20177802443504333,-16315.84375
0.6775426864624023,0.7274559140205383,203.89881896972656,0.21645595133304596,-19415.861328125
0.677707314491272,0.722175121307373,197.94003295898438,0.21610969305038452,-20194.595703125
0.6800165176391602,0.7282502055168152,208.92916870117188,0.19225066900253296,-17984.517578125
0.6783905625343323,0.7273399829864502,203.84385681152344,0.20634891092777252,-19358.525390625
0.6832864284515381,0.7432421445846558,202.89276123046875,0.2234947234392166,-16735.314453125
0.6761055588722229,0.7224242687225342,202.04978942871094,0.21471543610095978,-19541.5078125
0.6824784278869629,0.732358455657959,206.51864624023438,0.23357263207435608,-20047.970703125
0.684819221496582,0.7459242939949036,207.88357543945312,0.21832610666751862,-18593.216796875
0.6787461638450623,0.7297489643096924,206.66610717773438,0.21403343975543976,-19337.580078125
0.6789759397506714,0.7253012657165527,195.15260314941406,0.207390695810318,-17830.896484375
0.6788389682769775,0.7242471575737,200.76495361328125,0.19751673936843872,-17615.384765625
0.6777127981185913,0.719384491443634,208.7876739501953,0.21228954195976257,-19172.8984375
0.6829485297203064,0.7358497381210327,204.73202514648438,0.23153942823410034,-19451.130859375
0.6895550489425659,0.7496662139892578,200.9591522216797,0.25266388058662415,-17450.640625
0.6794698238372803,0.7318543791770935,198.95321655273438,0.21135097742080688,-19294.666015625
0.6824251413345337,0.7314035892486572,201.2319793701172,0.22866412997245789,-20043.5234375
0.6778362989425659,0.721470832824707,199.10865783691406,0.2140974998474121,-19233.798828125
0.6770197153091431,0.7267942428588867,201.37559509277344,0.19994845986366272,-17640.044921875
0.6840420365333557,0.7379162311553955,207.37815856933594,0.2175864428281784,-17169.240234375
0.6910659074783325,0.7489585876464844,206.324951171875,0.22483104467391968,-20205.99609375
0.6769545674324036,0.7221004366874695,204.57118225097656,0.19314603507518768,-20640.345703125
0.6832161545753479,0.7374593019485474,205.9849090576172,0.24687384068965912,-21632.927734375
0.6893807053565979,0.7412022352218628,200.8665008544922,0.22725896537303925,-17991.583984375
0.6719436645507812,0.7220383286476135,206.59616088867188,0.16277942061424255,-16790.4296875
0.6809561252593994,0.7316398024559021,202.24481201171875,0.2273612916469574,-17029.0234375
0.6825273036956787,0.7314054369926453,206.58981323242188,0.21930401027202606,-18759.72265625
0.6755484342575073,0.7217013835906982,199.0894012451172,0.2245054692029953,-18984.595703125
0.6840156316757202,0.7356923222541809,205.65737915039062,0.21947121620178223,-20290.26953125
0.6771048307418823,0.7270190119743347,199.4771270751953,0.21559125185012817,-18687.521484375
0.6819978952407837,0.7324736714363098,196.00950622558594,0.2303423285484314,-18800.791015625
0.6849334239959717,0.7448205947875977,203.5457763671875,0.20524485409259796,-20518.357421875
0.6901114583015442,0.7543621063232422,210.40599060058594,0.2079552412033081,-17924.4921875
0.6796622276306152,0.727425754070282,208.35923767089844,0.21303673088550568,-17257.962890625
0.676827073097229,0.7238617539405823,205.57737731933594,0.22503282129764557,-18448.888671875
0.6841250061988831,0.7314521670341492,196.87037658691406,0.2192792296409607,-19838.146484375
0.6802778840065002,0.7291580438613892,205.34446716308594,0.1999017745256424,-16994.216796875
0.6817871332168579,0.7308481931686401,199.11375427246094,0.22168569266796112,-20040.935546875
0.6750936508178711,0.722265899181366,202.52137756347656,0.20537075400352478,-17103.78125
0.685204267501831,0.7367523908615112,203.2931365966797,0.22175143659114838,-17970.841796875
0.6770270466804504,0.724928081035614,204.74380493164062,0.1968405395746231,-17853.42578125
0.6807113885879517,0.7321943044662476,203.3109893798828,0.19887645542621613,-17085.615234375
0.6805610060691833,0.7289798855781555,206.20108032226562,0.214216411113739,-18695.650390625
0.6848067045211792,0.7372168898582458,201.53857421875,0.21273848414421082,-17930.47265625
0.6869638562202454,0.745273232460022,203.6726531982422,0.2273646593093872,-18437.185546875
0.6817494034767151,0.728177547454834,203.9541778564453,0.22597496211528778,-18483.958984375
0.680278480052948,0.7334217429161072,205.6894989013672,0.22319619357585907,-18901.94921875
0.6777434945106506,0.7224667072296143,205.497802734375,0.2207704335451126,-22290.009765625
0.6849671006202698,0.7395218014717102,203.72283935546875,0.20547547936439514,-18035.18359375
0.678430438041687,0.7222707867622375,202.66896057128906,0.22722114622592926,-18449.34375
0.67624831199646,0.7235068678855896,200.6119842529297,0.20353534817695618,-18531.482421875
0.6805390119552612,0.7298112511634827,201.8778839111328,0.19183577597141266,-19277.953125
0.6801435947418213,0.7326158285140991,205.92633056640625,0.2180902361869812,-17109.732421875
0.6778972744941711,0.7243747711181641,198.1208038330078,0.2257065623998642,-17457.064453125
0.670936107635498,0.7130482196807861,205.85562133789062,0.18856970965862274,-17636.271484375
0.6815794706344604,0.7277621626853943,208.16961669921875,0.21464277803897858,-17966.724609375
0.6827815771102905,0.7390826344490051,208.46241760253906,0.20857451856136322,-16715.603515625
0.6830369234085083,0.737284243106842,205.68043518066406,0.20313750207424164,-16262.7197265625
0.6831017732620239,0.73708176612854,203.85232543945312,0.23765085637569427,-19241.765625
0.6772914528846741,0.7256697416305542,194.98492431640625,0.22836703062057495,-19906.0859375
0.6775769591331482,0.7234810590744019,206.01019287109375,0.19345515966415405,-18754.228515625
0.6765447854995728,0.7198914885520935,195.25732421875,0.2213229238986969,-17595.390625
0.6829652786254883,0.7325878143310547,201.46031188964844,0.2123037874698639,-18792.509765625
0.6749083399772644,0.7240540385246277,194.77911376953125,0.21057690680027008,-19050.966796875
0.6712172031402588,0.7126297950744629,197.9496307373047,0.20285627245903015,-16893.486328125
0.6823025345802307,0.7327920198440552,204.04833984375,0.21954111754894257,-18427.896484375
0.6758180856704712,0.7224384546279907,205.64144897460938,0.21195188164710999,-17840.841796875
0.6740639805793762,0.7176530957221985,199.66241455078125,0.22153864800930023,-19064.80078125
0.6770070791244507,0.7251935601234436,200.33470153808594,0.20921693742275238,-19558.369140625
0.6786017417907715,0.7256133556365967,198.73626708984375,0.21203432977199554,-16812.3125
0.6761606931686401,0.7211372256278992,200.42742919921875,0.21122252941131592,-20220.60546875
0.6816352605819702,0.731140673160553,203.1576385498047,0.2260804921388626,-17942.994140625
0.6703556776046753,0.7125874757766724,200.90760803222656,0.18455030024051666,-18604.654296875
0.675767183303833,0.7225358486175537,204.7342529296875,0.20416446030139923,-17581.505859375
0.6829293370246887,0.7317721247673035,206.4488983154297,0.219535231590271,-18050.0234375
0.6782628297805786,0.728323221206665,201.75999450683594,0.20255930721759796,-17300.041015625
0.6820017695426941,0.7256889343261719,201.87620544433594,0.23412685096263885,-17221.525390625
0.6841376423835754,0.7364803552627563,200.6350555419922,0.20085322856903076,-16845.34375
0.6753143668174744,0.7297402620315552,202.48480224609375,0.2075384110212326,-20926.00390625
0.6740254163742065,0.7235985994338989,200.58370971679688,0.22225159406661987,-18632.908203125
0.6752321720123291,0.723520040512085,195.0500030517578,0.20718291401863098,-16526.193359375
0.6830240488052368,0.7351114749908447,206.80259704589844,0.21805258095264435,-18034.0859375
0.6811802387237549,0.7320358157157898,208.53683471679688,0.21804410219192505,-17627.06640625
0.6785933375358582,0.7249436974525452,198.99232482910156,0.2241818904876709,-19476.654296875
0.6772628426551819,0.7255109548568726,199.08056640625,0.21163657307624817,-18304.904296875
0.6843534708023071,0.7418152689933777,209.2979278564453,0.20273463428020477,-18346.896484375
0.6825888156890869,0.7306250333786011,206.0382843017578,0.2209508866071701,-16678.537109375
0.6763500571250916,0.7260316610336304,201.44406127929688,0.21103724837303162,-18655.658203125
0.676337480545044,0.7198947072029114,205.43026733398438,0.20549872517585754,-17817.361328125
0.685723602771759,0.7395424842834473,203.68702697753906,0.2262137234210968,-18752.748046875
0.6805667877197266,0.733476996421814,205.5325469970703,0.2091646045446396,-16625.1484375
0.679412305355072,0.7277191877365112,203.06961059570312,0.20980116724967957,-20033.845703125
0.6768230199813843,0.7237370610237122,203.44607543945312,0.21250011026859283,-19057.255859375
0.6846501231193542,0.7388741970062256,204.56239318847656,0.2215106338262558,-19977.544921875
0.6777841448783875,0.7214487791061401,201.922607421875,0.2200847715139389,-19131.763671875
0.6806908249855042,0.7282744646072388,201.6210479736328,0.21168093383312225,-20020.708984375
0.6756930947303772,0.7208036780357361,204.55203247070312,0.1952521950006485,-17570.6640625
0.6791906356811523,0.7246456742286682,203.51058959960938,0.22038395702838898,-18485.736328125
0.6817759275436401,0.7338008284568787,202.76193237304688,0.21213826537132263,-19481.146484375
0.6818864941596985,0.7390208840370178,201.31141662597656,0.22105933725833893,-18649.935546875
0.6780830025672913,0.7259520292282104,197.35699462890625,0.2331647425889969,-21180.158203125
0.6833105087280273,0.7340606451034546,209.7142333984375,0.21475985646247864,-20026.271484375
0.6862596869468689,0.7365093231201172,203.55145263671875,0.21118807792663574,-19820.0703125
0.6851324439048767,0.7389833927154541,203.1127471923828,0.21085640788078308,-18109.763671875
0.6815376281738281,0.7350724935531616,207.50015258789062,0.22288121283054352,-19550.990234375
0.6826514005661011,0.7346194982528687,205.06715393066406,0.21395482122898102,-19884.837890625
0.6787132024765015,0.7280852794647217,204.79299926757812,0.23133635520935059,-17533.263671875
0.6825361847877502,0.7352119088172913,212.69525146484375,0.17579908668994904,-18954.107421875
0.6852343082427979,0.7399404048919678,208.390625,0.2260054498910904,-17334.119140625
0.6734856367111206,0.7200280427932739,196.26539611816406,0.2075018733739853,-19137.15625
0.6849746108055115,0.7380940914154053,206.0574188232422,0.22632378339767456,-16938.615234375
0.6869783997535706,0.7474514842033386,205.02099609375,0.21580317616462708,-18821.095703125
0.6818589568138123,0.7366410493850708,215.2188262939453,0.18629619479179382,-17608.98828125
0.6874518394470215,0.7415068745613098,204.81922912597656,0.24519222974777222,-20364.615234375
0.6717904806137085,0.7150347232818604,208.4428253173828,0.20274308323860168,-19893.3828125
0.6799558401107788,0.7312754988670349,206.86184692382812,0.21058498322963715,-16986.166015625
0.6823549866676331,0.7365479469299316,198.4775390625,0.2247491031885147,-20801.751953125
0.6774079203605652,0.7243938446044922,201.22775268554688,0.21671529114246368,-19921.74609375
0.6857262849807739,0.7364476919174194,201.4237518310547,0.20694585144519806,-18302.49609375
0.6792867183685303,0.730169415473938,205.24583435058594,0.21288639307022095,-18481.3046875
0.6809056401252747,0.7349798679351807,202.07313537597656,0.21051090955734253,-18161.166015625
0.6807326674461365,0.7310577630996704,200.32040405273438,0.19688141345977783,-17924.689453125
0.6753289699554443,0.7161247730255127,199.80125427246094,0.21616682410240173,-17761.716796875
0.6814083456993103,0.7288891077041626,203.38430786132812,0.20514926314353943,-17050.478515625
0.6846280097961426,0.7419025301933289,201.1264190673828,0.1984669715166092,-19996.6796875
0.6756111979484558,0.7212252020835876,195.74298095703125,0.2102077305316925,-19742.240234375
0.6799129843711853,0.7305480241775513,200.34677124023438,0.21179713308811188,-17906.654296875
0.6742769479751587,0.7203127145767212,202.82907104492188,0.20431829988956451,-18865.0859375
0.6782138347625732,0.7230789065361023,207.251953125,0.21114151179790497,-20296.423828125
0.6789271831512451,0.7278606295585632,205.65805053710938,0.22316239774227142,-17648.025390625
0.6875643730163574,0.7481496930122375,203.0416717529297,0.2164008617401123,-18305.962890625
0.6824070811271667,0.7331598997116089,202.38653564453125,0.21744617819786072,-18433.833984375
0.6832442283630371,0.7356917262077332,204.754150390625,0.2336747646331787,-17339.537109375
0.6803644895553589,0.7268210053443909,203.3645782470703,0.21265731751918793,-19694.76953125
0.679172694683075,0.7321999669075012,207.81993103027344,0.20158246159553528,-19277.443359375
0.6811577677726746,0.728682279586792,193.404052734375,0.22252018749713898,-18082.837890625
0.680250883102417,0.7341058254241943,202.46719360351562,0.21666008234024048,-20207.869140625
0.6744547486305237,0.7160429954528809,200.7527313232422,0.2060272991657257,-18601.787109375
0.6808081269264221,0.7320533990859985,206.05799865722656,0.23219339549541473,-18572.927734375
0.6766471862792969,0.7187705636024475,205.5736846923828,0.20894823968410492,-16639.859375
0.6727594137191772,0.7087631225585938,198.01710510253906,0.20099706947803497,-16086.8466796875
0.6814228892326355,0.7329276204109192,204.1005096435547,0.21405382454395294,-19952.734375
0.6791344881057739,0.723495364189148,200.65036010742188,0.20903721451759338,-17579.4765625
0.677057147026062,0.7206975817680359,196.52452087402344,0.21303445100784302,-20986.326171875
0.6725564002990723,0.7110242247581482,198.97039794921875,0.19940944015979767,-17283.041015625
0.6841655969619751,0.7388048768043518,206.5391082763672,0.2090993970632553,-17893.033203125
0.6756507158279419,0.7219879627227783,195.90171813964844,0.2006104439496994,-18958.134765625
0.6847791075706482,0.7384796738624573,203.4165496826172,0.2222939133644104,-20505.251953125
0.6798273921012878,0.7259894013404846,204.795166015625,0.19611340761184692,-19262.78125
0.6789763569831848,0.7225598096847534,200.9527587890625,0.20493102073669434,-20085.34765625
0.6806728839874268,0.7327537536621094,206.33758544921875,0.20614251494407654,-18015.1171875
0.6752402782440186,0.7214730978012085,201.98507690429688,0.20509646832942963,-17647.79296875
0.6752842664718628,0.720041811466217,199.24830627441406,0.1996040791273117,-18646.802734375
0.6777881383895874,0.7242188453674316,201.3798370361328,0.20224620401859283,-18857.904296875
0.6770631074905396,0.7231982350349426,201.1142120361328,0.23325128853321075,-18791.986328125
0.6754618883132935,0.7213940620422363,200.35765075683594,0.2093854546546936,-17165.69140625
0.6867566108703613,0.7424938082695007,206.26058959960938,0.22458921372890472,-21230.0703125
0.6812180876731873,0.7324665784835815,199.02467346191406,0.20987847447395325,-20177.595703125
0.6786491274833679,0.7252893447875977,199.82286071777344,0.22306208312511444,-17980.048828125
0.6770886182785034,0.7179517149925232,201.74676513671875,0.197881281375885,-17471.751953125
0.6796634793281555,0.7252621650695801,201.99732971191406,0.2157323956489563,-20133.859375
0.6817069053649902,0.7340570092201233,198.18043518066406,0.20622920989990234,-18483.294921875
0.6804171204566956,0.7245005965232849,205.31021118164062,0.22338785231113434,-19173.603515625
0.6751003861427307,0.7177614569664001,203.23825073242188,0.18964043259620667,-17071.212890625
0.6877450346946716,0.7397183775901794,206.0072021484375,0.22227156162261963,-18335.369140625
0.6808782815933228,0.7343882322311401,210.56222534179688,0.22549141943454742,-22519.21875
0.6757245659828186,0.7192185521125793,195.72238159179688,0.23389381170272827,-20424.126953125
0.6784388422966003,0.7224467992782593,206.05642700195312,0.1936778426170349,-17253.708984375
0.6787608861923218,0.7291844487190247,196.9552764892578,0.2147049903869629,-18483.947265625
0.6838070750236511,0.738041341304779,202.4222412109375,0.20465172827243805,-19719.587890625
0.6770932674407959,0.723828911781311,199.78298950195312,0.2135242223739624,-18488.103515625
0.673090934753418,0.7190424799919128,203.83999633789062,0.1941019743680954,-17541.9453125
0.6831951141357422,0.7335631251335144,198.36166381835938,0.2210732251405716,-17667.544921875
0.6760872602462769,0.7158145308494568,206.879150390625,0.20026801526546478,-18264.181640625
0.6760557293891907,0.7202578186988831,208.03164672851562,0.20307306945323944,-17471.408203125
0.6781737208366394,0.7284753322601318,196.14781188964844,0.21650627255439758,-20453.7578125
0.6761833429336548,0.721145749092102,198.9330291748047,0.21856389939785004,-17514.537109375
0.6763718128204346,0.7195906043052673,200.70179748535156,0.2022807002067566,-17782.763671875
0.6832690834999084,0.7332304120063782,202.95614624023438,0.21839743852615356,-17888.76953125
0.6835774779319763,0.7396630048751831,208.16241455078125,0.20117519795894623,-16534.8671875
0.6823002099990845,0.7308717966079712,207.13970947265625,0.2041386365890503,-17342.19921875
0.6841525435447693,0.7295213341712952,205.87857055664062,0.21138723194599152,-18753.822265625
0.6791250109672546,0.7262774109840393,199.73387145996094,0.20818130671977997,-17328.36328125
0.6813920140266418,0.7281996607780457,198.24932861328125,0.22611260414123535,-18410.419921875
0.6851025819778442,0.7380669116973877,206.27113342285156,0.20471298694610596,-18772.751953125
0.6822749376296997,0.7311994433403015,207.9674530029297,0.1986362487077713,-18654.53515625
0.6871726512908936,0.7440504431724548,204.54261779785156,0.21384581923484802,-17895.748046875
0.6748449206352234,0.7234175801277161,202.70657348632812,0.2088954895734787,-18069.251953125
0.6732157468795776,0.7114437818527222,199.84268188476562,0.21189787983894348,-17851.162109375
0.6793569922447205,0.7275416851043701,201.18673706054688,0.2211899310350418,-20651.71484375
0.6766808032989502,0.7214187383651733,201.57342529296875,0.21034429967403412,-19692.396484375
0.686186671257019,0.7419900298118591,208.58399963378906,0.20151075720787048,-17983.390625
0.6796784996986389,0.7225168347358704,202.27389526367188,0.21660111844539642,-17812.365234375
0.6775900721549988,0.7198000550270081,202.9390106201172,0.20142024755477905,-18390.455078125
0.6809691786766052,0.7335378527641296,201.5491943359375,0.22570791840553284,-19285.443359375
0.679002046585083,0.7246741652488708,207.18531799316406,0.2179240882396698,-21441.83203125
0.6766671538352966,0.7254294753074646,197.78012084960938,0.20151963829994202,-18855.626953125
0.6788683533668518,0.7305607795715332,198.3851318359375,0.22890155017375946,-17191.392578125
0.681632399559021,0.7337157130241394,202.6731719970703,0.21094045042991638,-19020.423828125
0.6831167936325073,0.7309517860412598,202.75897216796875,0.21640591323375702,-17751.173828125
0.67940354347229,0.7236175537109375,202.24742126464844,0.20785611867904663,-17494.365234375
0.6874328851699829,0.7440953850746155,202.66175842285156,0.21226376295089722,-21039.255859375
0.6813594698905945,0.7360711097717285,207.48074340820312,0.21530821919441223,-19910.806640625
0.682049036026001,0.7280060648918152,210.912109375,0.19861768186092377,-19023.955078125
0.6847339272499084,0.7413647770881653,204.6093292236328,0.21787643432617188,-19383.515625
0.6770807504653931,0.7293148636817932,204.54791259765625,0.21053482592105865,-18046.662109375
0.681073784828186,0.730097770690918,203.90399169921875,0.21155954897403717,-18599.169921875
0.6730006337165833,0.7160599827766418,199.20077514648438,0.20589929819107056,-16214.4541015625
0.6761053204536438,0.7236540913581848,202.5687713623047,0.1940969079732895,-17725.24609375
0.6731127500534058,0.7130604982376099,199.3894805908203,0.2119237780570984,-20218.279296875
0.6804818511009216,0.7351736426353455,195.47360229492188,0.22282496094703674,-19704.822265625
0.6803732514381409,0.7329010963439941,201.8715057373047,0.20233720541000366,-19958.904296875
0.6811971068382263,0.7279288172721863,203.25204467773438,0.2274460792541504,-18843.32421875
0.6755051612854004,0.7191383838653564,201.87998962402344,0.19699789583683014,-18749.65234375
0.671510636806488,0.7117812037467957,199.98226928710938,0.1986011266708374,-16688.029296875
0.6801008582115173,0.7267269492149353,208.71278381347656,0.2175111621618271,-18564.873046875
0.6833204627037048,0.7355148196220398,201.51361083984375,0.22221946716308594,-19940.705078125
0.6853761672973633,0.7387768030166626,207.55465698242188,0.20356684923171997,-17285.599609375
0.6796643137931824,0.7333933711051941,197.92562866210938,0.22124497592449188,-16551.240234375
0.6849694848060608,0.7385509014129639,209.50067138671875,0.21606136858463287,-18439.892578125
0.676826000213623,0.7212389707565308,201.76210021972656,0.20297378301620483,-19920.572265625
0.6825579404830933,0.7292882204055786,202.93511962890625,0.20775273442268372,-18867.490234375
0.676153838634491,0.7238704562187195,200.68951416015625,0.21683089435100555,-18784.09765625
0.6700571179389954,0.709954023361206,200.99952697753906,0.19957223534584045,-17355.408203125
0.6799623370170593,0.7282168865203857,201.37818908691406,0.20636549592018127,-17808.490234375
0.674682080745697,0.7177245020866394,198.4744415283203,0.20741327106952667,-20711.232421875
0.6846321821212769,0.7385478019714355,209.9313507080078,0.2190815657377243,-18446.509765625
0.6814572811126709,0.733968198299408,206.02545166015625,0.20967741310596466,-17935.978515625
0.6801748871803284,0.7297901511192322,202.4353790283203,0.2221718579530716,-16866.64453125
0.6879188418388367,0.7430455088615417,207.82518005371094,0.23068293929100037,-19024.63671875
0.6813554763793945,0.729625940322876,197.61752319335938,0.2123667597770691,-18533.935546875
0.676941990852356,0.7267692685127258,204.36068725585938,0.2069796472787857,-18532.93359375
0.6839576959609985,0.7373481392860413,201.9156036376953,0.20692779123783112,-17901.810546875
0.6836986541748047,0.7380161881446838,199.93411254882812,0.21995536983013153,-17171.431640625
0.6777167320251465,0.7232009172439575,203.31002807617188,0.20451229810714722,-19603.970703125
0.6802489161491394,0.7222087979316711,198.0775909423828,0.2219168245792389,-18794.91796875
0.676581859588623,0.7166497111320496,204.2167205810547,0.19750402867794037,-18856.23828125
0.6757376790046692,0.7231799364089966,203.96754455566406,0.20294727385044098,-20036.853515625
0.6827709674835205,0.7304328680038452,196.43771362304688,0.20969367027282715,-17672.236328125
0.6755889058113098,0.7188235521316528,201.54969787597656,0.20982371270656586,-17303.97265625
0.6817547082901001,0.7314448356628418,209.18008422851562,0.21319842338562012,-19694.955078125
0.6762318015098572,0.7216029763221741,205.6905059814453,0.21491220593452454,-19825.900390625
0.6735329627990723,0.7141063213348389,192.268310546875,0.20784971117973328,-19472.607421875
0.6794375777244568,0.7288122177124023,200.01019287109375,0.22377607226371765,-17391.78515625
0.6825409531593323,0.7338536977767944,206.61001586914062,0.20025783777236938,-18870.142578125
0.6735066175460815,0.7135044932365417,207.70765686035156,0.2117035835981369,-19988.783203125
0.6726484298706055,0.7199003100395203,198.13250732421875,0.20230786502361298,-18518.751953125
0.6805248260498047,0.7277482151985168,198.05833435058594,0.2095453143119812,-17596.77734375
0.6835125684738159,0.7308352589607239,204.87599182128906,0.21224242448806763,-18486.134765625
0.6846649646759033,0.7385144829750061,202.670166015625,0.22563610970973969,-19796.271484375
0.6791094541549683,0.7248625755310059,204.41175842285156,0.1899113804101944,-16464.63671875
0.686173141002655,0.7355527281761169,200.2472686767578,0.22651007771492004,-19003.169921875
0.6788318753242493,0.7275571227073669,199.68084716796875,0.21884141862392426,-19045.427734375
0.6787524819374084,0.7265878319740295,206.68231201171875,0.2084513157606125,-17792.3828125
0.6832380294799805,0.7310088872909546,208.18832397460938,0.22221219539642334,-18332.826171875
0.6760022640228271,0.7188012599945068,203.3512420654297,0.20321905612945557,-19271.947265625
0.6795312166213989,0.7229449152946472,200.9656982421875,0.22801315784454346,-19283.3046875
0.6807937622070312,0.7306435704231262,205.46932983398438,0.18784357607364655,-17832.58984375
0.6839208006858826,0.7385680675506592,208.78164672851562,0.23959161341190338,-17234.078125
0.6714369654655457,0.719207763671875,201.0186767578125,0.19904276728630066,-18154.62890625
0.6780828833580017,0.7224091291427612,200.13218688964844,0.21122731268405914,-20507.9609375
0.6786582469940186,0.7278448343276978,206.5989227294922,0.20808450877666473,-20450.232421875
0.6775317788124084,0.7268453240394592,204.2459716796875,0.20625483989715576,-19092.18359375
0.6847428679466248,0.7386935353279114,213.84619140625,0.22448208928108215,-20782.0546875
0.6800861358642578,0.7230910658836365,202.7577667236328,0.20194269716739655,-18087.005859375
0.6874935626983643,0.7417487502098083,210.11219787597656,0.20608821511268616,-18050.234375
0.6845422387123108,0.7384926080703735,210.03033447265625,0.2258913516998291,-19305.833984375
0.6826550960540771,0.7369211316108704,201.45973205566406,0.21452641487121582,-19881.587890625
0.684897780418396,0.7404427528381348,204.11390686035156,0.21238480508327484,-19906.740234375
0.6748874187469482,0.7230114340782166,203.97740173339844,0.20180658996105194,-16747.04296875
0.6769817471504211,0.7219697833061218,198.1061248779297,0.2005087286233902,-18310.22265625
0.6792914867401123,0.7286645174026489,198.3777313232422,0.21912726759910583,-16860.71875
0.6876863241195679,0.7477113604545593,205.94720458984375,0.20808351039886475,-22141.970703125
0.6828441023826599,0.7310051918029785,204.37551879882812,0.2257896214723587,-18504.4375
0.6758344173431396,0.7218427062034607,200.6678924560547,0.2106575220823288,-20454.359375
0.6815828680992126,0.7334021329879761,203.2981719970703,0.20685259997844696,-20927.201171875
0.6772124767303467,0.722767174243927,203.00128173828125,0.20980575680732727,-19311.166015625
0.6781933903694153,0.7264226078987122,205.06484985351562,0.21017934381961823,-19491.744140625
0.6810154914855957,0.7327991127967834,201.93873596191406,0.22014370560646057,-18086.134765625
0.676300585269928,0.7220155596733093,203.34361267089844,0.21951685845851898,-19738.505859375
0.682098388671875,0.7390298843383789,208.04766845703125,0.20533736050128937,-21929.001953125
0.6710163354873657,0.7097772359848022,198.78683471679688,0.20146934688091278,-21110.490234375
0.6793951392173767,0.7298640012741089,204.8136444091797,0.2261429876089096,-19022.482421875
0.6758175492286682,0.721352219581604,205.96009826660156,0.1891026794910431,-17682.822265625
0.6788837909698486,0.720588207244873,201.4271240234375,0.2130182981491089,-17846.34765625
0.6758052110671997,0.7260141372680664,202.99037170410156,0.2019585371017456,-18097.173828125
0.6834796667098999,0.7388586401939392,208.95330810546875,0.21438348293304443,-17543.00390625
0.6765619516372681,0.7207896113395691,199.3498992919922,0.22844555974006653,-19388.3203125
0.6806294918060303,0.7376774549484253,203.1634521484375,0.2016575038433075,-18401.419921875
0.6757807731628418,0.7243813276290894,195.9238739013672,0.20686836540699005,-17533.44140625
0.6695534586906433,0.7108138799667358,200.28286743164062,0.21388113498687744,-20109.451171875
0.6831057071685791,0.7298832535743713,204.311279296875,0.2029692381620407,-19855.134765625
0.6835801601409912,0.7379124164581299,208.1565704345703,0.23112115263938904,-17803.517578125
0.6841548085212708,0.7346801161766052,202.87998962402344,0.20609398186206818,-18277.142578125
0.6763910055160522,0.7163431644439697,206.16896057128906,0.21621298789978027,-17721.166015625
0.6789770126342773,0.7269260883331299,193.45025634765625,0.21286854147911072,-16585.119140625
0.6776275038719177,0.7308539152145386,202.339111328125,0.20673665404319763,-20691.482421875
0.6779149174690247,0.7247656583786011,197.31263732910156,0.22238630056381226,-17501.384765625
0.6782814264297485,0.7224377393722534,200.83938598632812,0.2142370343208313,-17546.025390625
0.6787919402122498,0.7300196290016174,198.18592834472656,0.2261584848165512,-19288.091796875
0.6754593849182129,0.7168121337890625,201.02198791503906,0.20106835663318634,-19543.5546875
0.6783473491668701,0.7253106236457825,202.1981658935547,0.20839489996433258,-18718.373046875
0.6747903823852539,0.7187907695770264,206.9416961669922,0.21965192258358002,-19654.75
0.6852415204048157,0.739284336566925,198.30137634277344,0.21562395989894867,-17826.794921875
0.6788839101791382,0.7262855172157288,207.49337768554688,0.21399669349193573,-17473.583984375
0.6777065992355347,0.7240114212036133,196.78085327148438,0.2232779860496521,-18124.857421875
0.6760979294776917,0.7237094640731812,205.4265899658203,0.2063300460577011,-19147.255859375
0.6729468107223511,0.7140006422996521,196.8459014892578,0.2187228500843048,-16955.955078125
0.6780797839164734,0.723741888999939,200.17568969726562,0.2101074457168579,-20222.95703125
0.6808021068572998,0.7302758693695068,206.3005828857422,0.23015357553958893,-18724.431640625
0.6753605008125305,0.7221794724464417,197.85214233398438,0.20248495042324066,-17780.42578125
0.6779958605766296,0.7278531789779663,208.53057861328125,0.22413669526576996,-18419.267578125
0.6801449060440063,0.734978199005127,197.3435821533203,0.2284461110830307,-17275.279296875
0.6846601366996765,0.7323706746101379,206.42945861816406,0.21343645453453064,-19164.462890625
0.6825328469276428,0.7302412986755371,206.71151733398438,0.20760677754878998,-19842.728515625
0.6779086589813232,0.7327569723129272,204.9019775390625,0.2217889130115509,-21014.765625
0.6820915341377258,0.7334213852882385,202.6160125732422,0.1994657665491104,-19930.806640625
0.6837973594665527,0.739145815372467,210.7853546142578,0.1935165524482727,-17463.595703125
0.6863682270050049,0.7407703995704651,197.23460388183594,0.24338869750499725,-18487.306640625
0.6774029731750488,0.724510133266449,201.9452667236328,0.20784977078437805,-18822.4921875
0.6715399622917175,0.719762921333313,200.35047912597656,0.20765581727027893,-19224.978515625
0.6765830516815186,0.7237188220024109,213.4648895263672,0.18150010704994202,-18433.591796875
0.6801171898841858,0.7281116843223572,201.04237365722656,0.22636611759662628,-17619.326171875
0.6832260489463806,0.7333183288574219,206.34051513671875,0.2033478319644928,-18323.599609375
0.6778221130371094,0.727407693862915,198.6627655029297,0.2043057531118393,-17738.05859375
0.6773812174797058,0.7226451635360718,202.91958618164062,0.18082359433174133,-18268.056640625
0.6831782460212708,0.7285054326057434,204.46820068359375,0.2164371907711029,-17787.609375
0.6772838830947876,0.7214481234550476,204.17356872558594,0.23027823865413666,-19677.333984375
0.6781033277511597,0.7264788150787354,202.0574188232422,0.1932770162820816,-19226.525390625
0.6689465641975403,0.7133380174636841,201.44483947753906,0.21673598885536194,-18548.888671875
0.6849350333213806,0.7343305945396423,212.0731964111328,0.24346913397312164,-19472.400390625
0.6733538508415222,0.7169743776321411,206.1944580078125,0.19212310016155243,-17782.083984375
0.6718863248825073,0.7119178771972656,198.697021484375,0.20752419531345367,-17370.173828125
0.6792370080947876,0.7245587110519409,206.6285858154297,0.19775094091892242,-19666.900390625
0.6813861131668091,0.7328237295150757,203.67959594726562,0.2089618593454361,-18588.048828125
0.6811150312423706,0.7328224778175354,200.9340362548828,0.19095027446746826,-18440.181640625
0.6931873559951782,0.7565790414810181,203.229248046875,0.22448953986167908,-18875.759765625
0.6886702179908752,0.7471563816070557,202.65213012695312,0.2176540642976761,-19660.255859375
0.6856428384780884,0.7370653748512268,196.14910888671875,0.2337588369846344,-18948.080078125
0.6835134625434875,0.7296966314315796,202.73228454589844,0.22479474544525146,-18302.916015625
0.681197464466095,0.7297372221946716,198.6324462890625,0.21184949576854706,-19341.73828125
0.678347647190094,0.725715160369873,197.21275329589844,0.22771599888801575,-18241.826171875
