loss,val_loss
0.5470842719078064,0.39109161496162415
0.2646496891975403,0.16040092706680298
0.12608018517494202,0.0866035744547844
0.08354349434375763,0.06276417523622513
0.07312367111444473,0.06067383661866188
0.06990957260131836,0.0580081082880497
0.06794234365224838,0.0540168397128582
0.06610551476478577,0.053796879947185516
0.06523849815130234,0.05245645344257355
0.0638183131814003,0.05211004614830017
0.06279042363166809,0.051162511110305786
0.061644475907087326,0.04991802200675011
0.06112576648592949,0.049070458859205246
0.06074840575456619,0.04913119971752167
0.05992801487445831,0.05150653421878815
0.059502579271793365,0.052991896867752075
0.0590398833155632,0.05165760964155197
0.05847134813666344,0.04780353605747223
0.057529646903276443,0.04731745272874832
0.0577278658747673,0.04681621491909027
0.05693851038813591,0.04666190594434738
0.05669350177049637,0.04629367217421532
0.05756024643778801,0.048625398427248
0.0558144673705101,0.046895094215869904
0.054898831993341446,0.04809598624706268
0.05453569069504738,0.04646976664662361
0.053648315370082855,0.045448414981365204
0.053578536957502365,0.04809175804257393
0.05266996845602989,0.045328572392463684
0.05252617597579956,0.04463811218738556
0.052850913256406784,0.04406290501356125
0.05311431735754013,0.043861012905836105
0.05169130116701126,0.04642879590392113
0.05146784335374832,0.04355989024043083
0.05195154994726181,0.04537972807884216
0.0520869642496109,0.0478217788040638
0.05109883472323418,0.04462407901883125
0.05144471675157547,0.05003629997372627
0.05203558877110481,0.04452599212527275
0.05066727474331856,0.043695442378520966
0.05095513537526131,0.042486753314733505
0.05011163279414177,0.04609652981162071
0.05015960708260536,0.0436946377158165
0.049573514610528946,0.043371737003326416
0.04986352100968361,0.043487146496772766
0.051146652549505234,0.04222753643989563
0.049496956169605255,0.04210793599486351
0.04991075396537781,0.04291440546512604
0.050140783190727234,0.04329736530780792
0.05086418613791466,0.04271455854177475
0.04983692616224289,0.04214979708194733
0.04929002374410629,0.04423360154032707
0.049560170620679855,0.04239124059677124
0.04881226643919945,0.04198061302304268
0.04908525571227074,0.04491161182522774
0.049237098544836044,0.044808872044086456
0.049885157495737076,0.04350370913743973
0.05056553706526756,0.04282788187265396
0.04976048693060875,0.04267493262887001
0.04955700784921646,0.0436522550880909
0.04850112274289131,0.042393069714307785
0.049394309520721436,0.04334472492337227
0.048610102385282516,0.0461200587451458
0.04924642667174339,0.044041335582733154
0.04820545017719269,0.04208916425704956
0.04822809621691704,0.04341063275933266
0.04775010049343109,0.0453496053814888
0.04847966879606247,0.043200451880693436
0.048257991671562195,0.04519537836313248
0.048887576907873154,0.0450885072350502
0.0484151691198349,0.04381069168448448
0.04792284220457077,0.04253844544291496
0.04805669188499451,0.04299178346991539
0.04780956730246544,0.04238589480519295
0.047999367117881775,0.042980704456567764
0.047609955072402954,0.042478807270526886
0.048033177852630615,0.043950941413640976
0.047622185200452805,0.04258943349123001
0.04877970740199089,0.042785946279764175
0.04768938943743706,0.0417090579867363
0.04743683710694313,0.042639099061489105
0.047534823417663574,0.04314354434609413
0.047964856028556824,0.043287329375743866
0.04775848984718323,0.04417911544442177
0.04804256558418274,0.04337901994585991
0.04746221378445625,0.042209457606077194
0.047212544828653336,0.04257078841328621
0.047131478786468506,0.042940545827150345
0.047037187963724136,0.04395196959376335
0.04740489274263382,0.04177035018801689
0.04755062982439995,0.04258732125163078
0.04692162200808525,0.04254534840583801
0.04885926842689514,0.04379626736044884
0.04795994237065315,0.04495948180556297
0.04775546118617058,0.042077988386154175
0.04732644557952881,0.04447344318032265
0.04729149118065834,0.043330732733011246
0.04633564129471779,0.042309511452913284
0.04709954187273979,0.04419155418872833
0.046672116965055466,0.04505377262830734
0.04647612199187279,0.04337111487984657
0.047199830412864685,0.043047402054071426
0.046135999262332916,0.04541777819395065
0.04618430882692337,0.04345450550317764
0.04762875288724899,0.043489206582307816
0.0477130189538002,0.04508935287594795
0.04734437167644501,0.048356618732213974
0.04658070579171181,0.04382471367716789
0.04633481055498123,0.042721450328826904
0.04618125036358833,0.04319183900952339
0.04674932360649109,0.04356797784566879
0.04691605642437935,0.04250749200582504
0.045735009014606476,0.04256449639797211
0.04626978188753128,0.043531741946935654
0.045843783766031265,0.043456047773361206
0.045382995158433914,0.044751595705747604
0.04596893861889839,0.045433565974235535
0.04526621103286743,0.04367440566420555
0.04527783766388893,0.0435473807156086
0.04545528069138527,0.045569948852062225
0.045554909855127335,0.043786339461803436
0.045844219624996185,0.04405340179800987
0.0456208735704422,0.04370637238025665
0.045591749250888824,0.04384935647249222
0.04657990112900734,0.04286888614296913
0.04544243961572647,0.042872872203588486
0.04471312835812569,0.044470783323049545
0.046268805861473083,0.04474389925599098
0.04563949257135391,0.043236829340457916
0.044554974883794785,0.04533109813928604
0.04451730102300644,0.04430076479911804
0.044615115970373154,0.044260360300540924
0.045287150889635086,0.04267683997750282
0.04665001109242439,0.04403837397694588
0.045110009610652924,0.04453323408961296
0.04488411173224449,0.04447983205318451
0.04510487988591194,0.04725070670247078
0.044921621680259705,0.04459545016288757
0.04492103308439255,0.04511125013232231
0.04404474049806595,0.044362057000398636
0.044223662465810776,0.04411821812391281
0.04556353762745857,0.043357279151678085
0.04455837607383728,0.04513014107942581
0.043617453426122665,0.0439985953271389
0.044405195862054825,0.043428536504507065
0.044061366468667984,0.045086514204740524
0.04370725527405739,0.04456787556409836
0.04448184370994568,0.045501258224248886
0.04344632476568222,0.044435176998376846
0.04381163790822029,0.045126575976610184
0.04353657737374306,0.04472066089510918
0.04388751462101936,0.044995151460170746
0.04461851343512535,0.04620992764830589
0.044041551649570465,0.044615525752305984
0.0429513156414032,0.04532772675156593
0.04273586720228195,0.04537840187549591
0.04369619861245155,0.045686449855566025
0.043072544038295746,0.044284891337156296
0.04252535477280617,0.045737847685813904
0.042424362152814865,0.04469089210033417
0.04348917305469513,0.04752331227064133
0.042678579688072205,0.0452737994492054
0.042650625109672546,0.04580045863986015
0.04313652589917183,0.04618114233016968
0.04239697381854057,0.04578205943107605
0.04238191246986389,0.047244053333997726
0.04196479544043541,0.046042460948228836
0.04232089966535568,0.04840163514018059
0.04164654761552811,0.04588456451892853
0.04195193201303482,0.047296494245529175
0.043311577290296555,0.04674801230430603
0.04224317520856857,0.04504738375544548
0.04149889573454857,0.047701843082904816
0.041055984795093536,0.04785337299108505
0.0415181927382946,0.045908696949481964
0.04130032658576965,0.04982426390051842
0.04142563045024872,0.04887712374329567
0.04129492864012718,0.047431837767362595
0.04229121282696724,0.04615164175629616
0.041100721806287766,0.047302648425102234
0.04069867730140686,0.04691873863339424
0.04108697548508644,0.04852764308452606
0.04110424965620041,0.047442931681871414
0.04130367562174797,0.048348862677812576
0.04064556583762169,0.04861791059374809
0.04047004505991936,0.047817766666412354
0.04138559848070145,0.04871252551674843
0.04117150604724884,0.04630023613572121
0.04070590063929558,0.046877942979335785
0.04054341837763786,0.050186023116111755
0.04253276064991951,0.050723690539598465
0.04067736491560936,0.04903842508792877
0.03974354267120361,0.049578163772821426
0.03980535641312599,0.049843039363622665
0.03955383598804474,0.04914740100502968
0.03903868794441223,0.04910514876246452
0.038720548152923584,0.05061805993318558
0.0403447300195694,0.053849633783102036
0.03909764066338539,0.04886549338698387
0.03874021768569946,0.05283199995756149
0.039403073489665985,0.05084444209933281
0.03873274847865105,0.05215459316968918
0.03925679996609688,0.050173915922641754
0.03880363330245018,0.051756322383880615
0.0387599878013134,0.05284641310572624
0.04139256849884987,0.0479297861456871
0.04000159725546837,0.051012322306632996
0.038307834416627884,0.05018553137779236
0.03938894346356392,0.05093168839812279
0.038313645869493484,0.053532592952251434
0.03872203826904297,0.05319960042834282
0.03758672624826431,0.051498983055353165
0.038596123456954956,0.051556915044784546
0.039146531373262405,0.05732130631804466
0.03866121172904968,0.051262177526950836
0.03914669528603554,0.05408245697617531
0.038570161908864975,0.05117056891322136
0.03751451149582863,0.05277041718363762
0.03838646784424782,0.053789544850587845
0.03910847380757332,0.050720393657684326
0.0382029190659523,0.05237983539700508
0.03706475719809532,0.054460495710372925
0.03669866919517517,0.05412844941020012
0.03813209757208824,0.05573013052344322
0.03884671628475189,0.05990879237651825
0.03937028720974922,0.05298074334859848
0.03779664635658264,0.05541938170790672
0.03752010688185692,0.055960677564144135
0.0378844328224659,0.05231889337301254
0.03726635500788689,0.053126830607652664
0.03738345578312874,0.053353674709796906
0.038040850311517715,0.05413159728050232
0.0371362566947937,0.056586626917123795
0.03609410300850868,0.05354014039039612
0.036481525748968124,0.05641447380185127
0.036933623254299164,0.055617235600948334
0.03684106469154358,0.05754812806844711
0.036333318799734116,0.05717214196920395
0.03641717880964279,0.055640287697315216
0.03622497618198395,0.05660461634397507
0.03586501255631447,0.05722912773489952
0.035167429596185684,0.05815541371703148
0.036971643567085266,0.05908265337347984
0.035468876361846924,0.059057049453258514
0.03565514087677002,0.056207988411188126
0.03663862496614456,0.06151929497718811
0.03612896427512169,0.057100810110569
0.035453103482723236,0.0620390921831131
0.03661089390516281,0.058967359364032745
0.035123828798532486,0.05914009362459183
0.035860415548086166,0.05891817435622215
0.034978579729795456,0.05993204191327095
0.0361320897936821,0.05807144567370415
0.03499797359108925,0.059759050607681274
0.034786518663167953,0.060672201216220856
0.03591904789209366,0.06106376647949219
0.035852815955877304,0.05833827704191208
0.03685438260436058,0.05965831130743027
0.03584369644522667,0.0616304911673069
0.03665992245078087,0.05988970398902893
0.036049358546733856,0.057713836431503296
0.03737473860383034,0.05959975719451904
0.03587992116808891,0.06035473570227623
0.03554406389594078,0.062750905752182
0.03480155020952225,0.0636945590376854
0.03591170161962509,0.05973239615559578
0.034299515187740326,0.05761158466339111
0.03404780477285385,0.061263203620910645
0.03468029201030731,0.05667569488286972
0.03386354818940163,0.06047789379954338
0.03447089344263077,0.0634574368596077
0.03458617627620697,0.060984257608652115
0.03393962234258652,0.06109047681093216
0.033459778875112534,0.06012794002890587
0.03448234498500824,0.06330803781747818
0.03386981040239334,0.0625007227063179
0.03360197693109512,0.0620870478451252
0.033834394067525864,0.0615885965526104
0.03344695270061493,0.06461480259895325
0.03480823338031769,0.06293661147356033
0.03319965675473213,0.060954075306653976
0.03297334909439087,0.06301167607307434
0.03316938504576683,0.06291835755109787
0.03371228650212288,0.06325626373291016
0.03322828188538551,0.06509998440742493
0.03272590413689613,0.06348167359828949
0.03406472131609917,0.06419753283262253
0.03505691885948181,0.06144890561699867
0.03516151383519173,0.0614352710545063
0.033507607877254486,0.06592565774917603
0.03283482417464256,0.06212830916047096
0.032707855105400085,0.064224973320961
0.032873086631298065,0.06411054730415344
0.032853979617357254,0.06540743261575699
0.03274523839354515,0.062064435333013535
0.03171558678150177,0.0644451156258583
0.03261730447411537,0.061555106192827225
0.032044269144535065,0.06661613285541534
0.032007381319999695,0.06393159925937653
0.03191421926021576,0.06553057581186295
0.03165585175156593,0.06722056120634079
0.03338084742426872,0.06452488154172897
0.032020047307014465,0.06653135269880295
0.0318843238055706,0.06616862863302231
0.032342154532670975,0.06753061711788177
0.03205079212784767,0.06554441899061203
0.03162594139575958,0.06855396181344986
0.03132978454232216,0.06711230427026749
0.03157474100589752,0.06641934812068939
0.0315646156668663,0.06622231751680374
0.03132282942533493,0.06891974061727524
0.03102206625044346,0.06798955053091049
0.03175811842083931,0.06998508423566818
0.03220592066645622,0.06414110213518143
0.031234189867973328,0.06647692620754242
0.03178695961833,0.06727313995361328
0.03191890940070152,0.06560751050710678
0.03167782723903656,0.06687469035387039
0.03058781661093235,0.0678175687789917
0.030294127762317657,0.07079411298036575
0.03134605661034584,0.06733830273151398
0.03220294043421745,0.06758857518434525
0.03226599469780922,0.06325585395097733
0.033834535628557205,0.06858047842979431
0.032478056848049164,0.06549378484487534
0.03137287497520447,0.06702829152345657
0.031787242740392685,0.06818351149559021
0.030823368579149246,0.06754648685455322
0.030582265928387642,0.07088885456323624
0.030526624992489815,0.06735200434923172
0.030616438016295433,0.06897592544555664
0.030488595366477966,0.0705278292298317
0.03070256859064102,0.06607769429683685
0.031049251556396484,0.0653638169169426
0.030122367665171623,0.06680063158273697
0.03038390539586544,0.06908305734395981
0.030576607212424278,0.07187680155038834
0.03142636641860008,0.0695757195353508
0.029461899772286415,0.07063818722963333
0.02997712604701519,0.07189461588859558
0.031187959015369415,0.06934309005737305
0.029821347445249557,0.06866110116243362
0.030804146081209183,0.07032075524330139
0.029070604592561722,0.0711529478430748
0.029747793450951576,0.07059527188539505
0.030525965616106987,0.06978282332420349
0.029361236840486526,0.07246006280183792
0.029312117025256157,0.07017651945352554
0.029922010377049446,0.06969959288835526
0.028760600835084915,0.07385994493961334
0.02997836284339428,0.07177695631980896
0.029704764485359192,0.06897281110286713
0.02896876260638237,0.07202771306037903
0.02945561707019806,0.06928721815347672
0.029789496213197708,0.0723360925912857
0.028808020055294037,0.07510991394519806
0.02916375920176506,0.06828783452510834
0.028919866308569908,0.0728917196393013
0.03063051588833332,0.07427376508712769
0.029088158160448074,0.0684787854552269
0.029947299510240555,0.070252925157547
0.029972849413752556,0.07187370955944061
0.02901974506676197,0.07072065025568008
0.029313862323760986,0.07399711012840271
0.02939951792359352,0.06807614862918854
0.03021928109228611,0.07174880057573318
0.029626304283738136,0.07383866608142853
0.028239216655492783,0.07267071306705475
0.027400324121117592,0.0718025490641594
0.028947003185749054,0.07486622035503387
0.0292501337826252,0.07337503135204315
0.030058033764362335,0.07050032168626785
0.02835174649953842,0.07067901641130447
0.027840841561555862,0.0726936012506485
0.02916077896952629,0.07212293148040771
0.028907716274261475,0.07345208525657654
0.02962309867143631,0.06919840723276138
0.02819466032087803,0.0731358751654625
0.027786293998360634,0.0694662556052208
0.02786342054605484,0.06726010143756866
0.027907714247703552,0.07139609754085541
0.027171757072210312,0.07595314085483551
0.02883177436888218,0.07248451560735703
0.02839619480073452,0.07196606695652008
0.02767939493060112,0.07532921433448792
0.028012465685606003,0.06777450442314148
0.028846507892012596,0.07519199699163437
0.02768074907362461,0.07755978405475616
0.028209218755364418,0.07381875813007355
0.02671516314148903,0.07598032057285309
0.027420399710536003,0.07325080782175064
0.02777317352592945,0.07197421044111252
0.027272598817944527,0.07294528186321259
0.027357598766684532,0.07351071387529373
0.02897360920906067,0.06836862862110138
0.028376730158925056,0.07383380085229874
0.029002632945775986,0.07204756140708923
0.02723757177591324,0.07429517805576324
0.026981404051184654,0.0749686062335968
0.026554062962532043,0.0729130432009697
0.02679303288459778,0.07619805634021759
0.026669690385460854,0.07914905250072479
0.026636363938450813,0.07530580461025238
0.02631709724664688,0.07256986200809479
0.026211922988295555,0.07432980835437775
0.02680857479572296,0.07524344325065613
0.02827645279467106,0.07323844730854034
0.028342675417661667,0.07637517899274826
0.027473866939544678,0.07415979355573654
0.025787895545363426,0.07607460767030716
0.02613215707242489,0.07319997996091843
0.02686908468604088,0.07225707173347473
0.02616146206855774,0.07246661186218262
0.026945173740386963,0.08046798408031464
0.026338616386055946,0.0735970064997673
0.02582305297255516,0.0750807523727417
0.026122810319066048,0.07468973100185394
0.0260322168469429,0.07817286252975464
0.026534447446465492,0.0731695145368576
0.026106171309947968,0.07595447450876236
0.025683073326945305,0.07716163992881775
0.02573809213936329,0.07469243556261063
0.02627640776336193,0.07804465293884277
0.02720734104514122,0.07430710643529892
0.025492066517472267,0.07478440552949905
0.02587033063173294,0.07631010562181473
0.026095645502209663,0.07659997791051865
0.026299867779016495,0.07661101222038269
0.026646267622709274,0.07687348872423172
0.02639453113079071,0.07598517090082169
0.02514038048684597,0.07601058483123779
0.02563602663576603,0.07811107486486435
0.026529140770435333,0.07604138553142548
0.025132041424512863,0.07533520460128784
0.025489304214715958,0.07776028662919998
0.02547306753695011,0.07714740931987762
0.024811958894133568,0.07700979709625244
0.025519754737615585,0.07661093771457672
0.02637261338531971,0.0735003873705864
0.026265433058142662,0.07447686046361923
0.028764747083187103,0.07449433952569962
0.02699366770684719,0.0731484591960907
0.026714203879237175,0.07578086107969284
0.025471853092312813,0.07619958370923996
0.024605920538306236,0.07679075002670288
0.024766257032752037,0.07624717801809311
0.02491411194205284,0.08044721186161041
0.025141773745417595,0.07705401629209518
0.02535994164645672,0.07775848358869553
0.024904081597924232,0.07646618783473969
0.02547619864344597,0.07610441744327545
0.024287639185786247,0.07652151584625244
0.024465959519147873,0.07834558188915253
0.0247638076543808,0.07533939927816391
0.024279193952679634,0.07864020764827728
0.0248775202780962,0.07560954242944717
0.02448558434844017,0.07652856409549713
0.023996753618121147,0.0782313346862793
0.024803251028060913,0.07716283202171326
0.02504229173064232,0.07756392657756805
0.02630475163459778,0.07675249874591827
0.027439894154667854,0.07403698563575745
0.024959145113825798,0.07765259593725204
0.02517702244222164,0.07576660066843033
0.026132913306355476,0.07818468660116196
0.024952322244644165,0.07454957813024521
0.024153130128979683,0.0777202844619751
0.02367437072098255,0.0782327875494957
0.024240201339125633,0.07853403687477112
0.024258168414235115,0.07933243364095688
0.023729948326945305,0.07732482999563217
0.02363799698650837,0.07835837453603745
0.02351902797818184,0.08247043192386627
0.023718563839793205,0.07599996775388718
0.02295909821987152,0.0805889144539833
0.023582471534609795,0.07772552222013474
0.024922626093029976,0.07654750347137451
0.023589523509144783,0.07858071476221085
0.02312011830508709,0.08101561665534973
0.023209959268569946,0.08069878071546555
0.022824423387646675,0.08090633153915405
0.023998970165848732,0.0793287456035614
0.024414189159870148,0.07884853333234787
0.023537330329418182,0.07804159075021744
0.02450673282146454,0.07967178523540497
0.024215850979089737,0.0798950046300888
0.023758579045534134,0.07794883102178574
0.023150408640503883,0.07880495488643646
0.024526391178369522,0.07678090035915375
0.026580870151519775,0.07529059797525406
0.0261504128575325,0.07569675147533417
0.025325719267129898,0.07602714002132416
0.023840365931391716,0.07959944009780884
0.023801499977707863,0.07927659898996353
0.02280835621058941,0.07826045900583267
0.023207997903227806,0.07950709760189056
0.022526705637574196,0.07850494235754013
0.022587526589632034,0.08059650659561157
0.022847313433885574,0.07758913934230804
0.022432133555412292,0.07943061739206314
0.02232847362756729,0.08058546483516693
0.02354678139090538,0.08133517950773239
0.023931710049510002,0.08107660710811615
0.022901860997080803,0.08106152713298798
0.02268131449818611,0.08212798833847046
0.022552823647856712,0.08052931725978851
0.02273573726415634,0.08314085751771927
0.022988032549619675,0.08283964544534683
0.02198554202914238,0.0799514427781105
0.021850159391760826,0.08134546875953674
0.023690519854426384,0.08139581978321075
0.02331395633518696,0.08116840571165085
0.024438124150037766,0.08247648924589157
0.023804927244782448,0.07619084417819977
0.0223954189568758,0.0805264264345169
0.022463465109467506,0.08120319992303848
0.021822841838002205,0.0793662816286087
0.021932944655418396,0.0813075453042984
0.021618617698550224,0.08092647790908813
0.0230442862957716,0.08070655912160873
0.021791839972138405,0.08058527112007141
0.022127825766801834,0.07869233936071396
0.022857483476400375,0.08179166913032532
0.022636419162154198,0.08018732070922852
0.022705918177962303,0.07835667580366135
0.023759569972753525,0.07754690200090408
0.022919796407222748,0.07917383313179016
0.021622972562909126,0.07848373800516129
0.02122288942337036,0.08218855410814285
0.021700091660022736,0.082965187728405
0.020927829667925835,0.0805102214217186
0.022085774689912796,0.07992271333932877
0.02170010656118393,0.08139225095510483
0.02184216119349003,0.08261159807443619
0.021601010113954544,0.08043082058429718
0.022000322118401527,0.08149974793195724
0.021677035838365555,0.08492863923311234
0.021904578432440758,0.08350412547588348
0.022861264646053314,0.08320458233356476
0.022685494273900986,0.0827450379729271
0.020965397357940674,0.08140841871500015
0.020673006772994995,0.08346951752901077
0.020878873765468597,0.08436381816864014
0.021295059472322464,0.08309377729892731
0.02212371863424778,0.0834403708577156
0.022243786603212357,0.08417239785194397
0.021189125254750252,0.08328746259212494
0.022050853818655014,0.08089915663003922
0.020515447482466698,0.08505837619304657
0.020862307399511337,0.0840415358543396
0.020736752077937126,0.0842515081167221
0.02043919265270233,0.08175051212310791
0.021349243819713593,0.08335110545158386
0.020702125504612923,0.08359787613153458
0.020973512902855873,0.08530424535274506
0.020452845841646194,0.08659206330776215
0.020281856879591942,0.08512810617685318
0.020277058705687523,0.08320330083370209
0.020618407055735588,0.08743131160736084
0.020854001864790916,0.08301438391208649
0.02155817113816738,0.08327440172433853
0.02153102681040764,0.08571429550647736
0.02134593389928341,0.08198343962430954
0.02336883172392845,0.08208291232585907
0.022451208904385567,0.08272245526313782
0.021506402641534805,0.07967559248209
0.020793883129954338,0.0824165865778923
0.020164931192994118,0.0820627510547638
0.020100010558962822,0.0849541500210762
0.020443132147192955,0.08373389393091202
0.02047165110707283,0.0860738530755043
0.02076032944023609,0.08391565829515457
0.020464738830924034,0.08409810811281204
0.021368613466620445,0.08200252056121826
0.020832305774092674,0.08422696590423584
0.02036355249583721,0.08178014308214188
0.020290549844503403,0.08160815387964249
0.020460758358240128,0.08191388845443726
0.020432259887456894,0.08241185545921326
0.020477930083870888,0.08151796460151672
0.019650612026453018,0.08433440327644348
0.020897476002573967,0.08494934439659119
0.020228948444128036,0.08358035236597061
0.019596217200160027,0.08495799452066422
0.01978941634297371,0.08405760675668716
0.020046526566147804,0.0843905434012413
0.019603729248046875,0.08433222025632858
0.01986171118915081,0.08430739492177963
0.019450483843684196,0.08422455191612244
0.01973673515021801,0.0831318274140358
0.019171172752976418,0.08323075622320175
0.01968497596681118,0.08621933311223984
0.0204729363322258,0.08551507443189621
0.020283859223127365,0.08129769563674927
0.019793430343270302,0.08451803773641586
0.019216438755393028,0.0856994017958641
0.018789120018482208,0.08560628443956375
0.019141441211104393,0.08551733940839767
0.019222905859351158,0.08550682663917542
0.018937787041068077,0.08703223615884781
0.018756434321403503,0.08399773389101028
0.01912069506943226,0.0864076241850853
0.019136328250169754,0.0844743400812149
0.01946450024843216,0.08759622275829315
0.019433366134762764,0.08771315217018127
0.01958821527659893,0.08856996893882751
0.018988939002156258,0.08483295887708664
0.019693326205015182,0.08901328593492508
0.01849997416138649,0.08494981378316879
0.01851368509232998,0.09033283591270447
0.01954340934753418,0.08554945886135101
0.018698105588555336,0.08257673680782318
0.019602498039603233,0.08563563972711563
0.01894993521273136,0.08963974565267563
0.018286634236574173,0.08799246698617935
0.01920648291707039,0.08598426729440689
0.018792087212204933,0.08724669367074966
0.01874477230012417,0.08456173539161682
0.020484447479248047,0.08250196278095245
0.022488167509436607,0.08117825537919998
0.020482832565903664,0.08849253505468369
0.01889152079820633,0.08915822207927704
0.018370874226093292,0.08901666104793549
0.018401701003313065,0.08737555146217346
0.019811775535345078,0.09091579169034958
0.019115641713142395,0.09016604721546173
0.018367525190114975,0.08830220997333527
0.0182819664478302,0.08755546808242798
0.01857154257595539,0.09103341400623322
0.01920829899609089,0.08913334459066391
0.018741436302661896,0.08843778818845749
0.01844067871570587,0.08513365685939789
0.018326709046959877,0.08828748762607574
0.018796414136886597,0.08791503310203552
0.019153766334056854,0.08646145462989807
0.019070515409111977,0.09117910265922546
0.018325917422771454,0.08915483206510544
0.018616655841469765,0.08884275704622269
0.01847553253173828,0.0882968083024025
0.01842736080288887,0.09096624702215195
0.01824864000082016,0.08744464814662933
0.017830397933721542,0.08636923879384995
0.017956163734197617,0.0887177437543869
0.0189345832914114,0.0922023132443428
0.01905227266252041,0.08818276226520538
0.018113726750016212,0.08742658793926239
0.017847109586000443,0.08899208903312683
0.017862467095255852,0.08709053695201874
0.017600836232304573,0.08784104138612747
0.01855936087667942,0.08572617918252945
0.01892046071588993,0.09033001959323883
0.018270621076226234,0.08464253693819046
0.018462548032402992,0.08853506296873093
0.017758343368768692,0.0856727734208107
0.01828880049288273,0.0896841287612915
0.018602410331368446,0.08771301805973053
0.017213402315974236,0.0894925594329834
0.01813257485628128,0.08658356964588165
0.017838042229413986,0.08798348158597946
0.018992114812135696,0.09057150781154633
0.018370984122157097,0.08574114739894867
0.018658636137843132,0.08893751353025436
0.01905166730284691,0.08683138340711594
0.018532542511820793,0.08991149067878723
0.017551153898239136,0.08553978055715561
0.018348587676882744,0.08774342387914658
0.017803721129894257,0.08759653568267822
0.018637219443917274,0.08967223763465881
0.017604541033506393,0.08870081603527069
0.01807580702006817,0.08949889242649078
0.018154043704271317,0.09112068265676498
0.017780695110559464,0.08676119893789291
0.01722594164311886,0.0886739045381546
0.017211534082889557,0.08982855081558228
0.018401553854346275,0.09087125211954117
0.01724143512547016,0.08927168697118759
0.017612025141716003,0.08585558831691742
0.017288396134972572,0.09175150096416473
0.01785355992615223,0.09110957384109497
0.01686565950512886,0.08970484882593155
0.017166821286082268,0.08876189589500427
0.018157394602894783,0.08376455307006836
0.01729702763259411,0.08402880281209946
0.01741281896829605,0.09224961698055267
0.017108041793107986,0.08858663588762283
0.016623344272375107,0.09095637500286102
0.017755206674337387,0.09388815611600876
0.017449263483285904,0.08853297680616379
0.017709635198116302,0.09026895463466644
0.01659500040113926,0.09128192812204361
0.01672307215631008,0.08935468643903732
0.016377968713641167,0.08939360082149506
0.016908567398786545,0.08877591043710709
0.016885828226804733,0.08975594490766525
0.016619840636849403,0.08965229988098145
0.01657552644610405,0.09161682426929474
0.016927804797887802,0.08874659240245819
0.01692253164947033,0.08947479724884033
0.016672231256961823,0.09133946895599365
0.016729313880205154,0.09021303057670593
0.017323087900877,0.09331668168306351
0.017015552148222923,0.09208289533853531
0.017502671107649803,0.0912846252322197
0.018173599615693092,0.08966921269893646
0.018680574372410774,0.0894639864563942
0.017322514206171036,0.0902121439576149
0.016844388097524643,0.08957260847091675
0.017025470733642578,0.09330525249242783
0.016993200406432152,0.08754640072584152
0.016701897606253624,0.09058813005685806
0.016299854964017868,0.09226450324058533
0.016628263518214226,0.0905967652797699
0.017340824007987976,0.09155053645372391
0.01766563393175602,0.09149858355522156
0.017707547172904015,0.09282473474740982
0.01732991635799408,0.09017150849103928
0.017695950344204903,0.08844336867332458
0.016875509172677994,0.09020809084177017
0.017177920788526535,0.08876547962427139
0.01648615673184395,0.09054213762283325
0.016295740380883217,0.08723720908164978
0.01743149757385254,0.08679905533790588
0.018121890723705292,0.09580235183238983
0.01730189472436905,0.08711850643157959
0.01678161881864071,0.09574471414089203
0.016633758321404457,0.09227399528026581
0.016533223912119865,0.09221762418746948
0.01667161099612713,0.08787853270769119
0.016940264031291008,0.0888771116733551
0.017378846183419228,0.09152273833751678
0.016469094902276993,0.08945859223604202
0.015871085226535797,0.08946429193019867
0.01603800244629383,0.0904185026884079
0.016225876286625862,0.08990279585123062
0.01621178910136223,0.09092841297388077
0.0160587839782238,0.09168943762779236
0.016157235950231552,0.08990746736526489
0.016061153262853622,0.0902714803814888
0.016172373667359352,0.0895405262708664
0.01648268848657608,0.09486299008131027
0.016755251213908195,0.08945519477128983
0.016666511073708534,0.08960910886526108
0.01587413065135479,0.09078912436962128
0.015961620956659317,0.08917967975139618
0.015864169225096703,0.09256906062364578
0.01602228730916977,0.09327614307403564
0.015969982370734215,0.0937996506690979
0.016017675399780273,0.09246829897165298
0.015872037038207054,0.09412006288766861
0.016100233420729637,0.0934138149023056
0.01628166064620018,0.08889520168304443
0.016666751354932785,0.09551390260457993
0.01593875139951706,0.09437229484319687
0.01658368483185768,0.09105809032917023
0.01586454175412655,0.09029964357614517
0.01597370021045208,0.0927235335111618
0.015931393951177597,0.09233897924423218
0.016076555475592613,0.0920424610376358
0.015851542353630066,0.0907638892531395
0.016280505806207657,0.09297148138284683
0.01600119285285473,0.089860700070858
0.01579480618238449,0.09212690591812134
0.016017526388168335,0.09386542439460754
0.016175013035535812,0.09351357072591782
0.01582367904484272,0.09299829602241516
0.016709135845303535,0.09185189753770828
0.017243457958102226,0.09241219609975815
0.016104806214571,0.09238002449274063
0.01532070804387331,0.09347011148929596
0.016268761828541756,0.09388867020606995
0.015790674835443497,0.0919441506266594
0.015980927273631096,0.09343539923429489
0.017689639702439308,0.09245198965072632
0.017910832539200783,0.09426412731409073
0.017422890290617943,0.0949409157037735
0.01597408391535282,0.09140871465206146
0.016096407547593117,0.08865334093570709
0.015736719593405724,0.09126157313585281
0.016370607540011406,0.09314706921577454
0.016680901870131493,0.0932631716132164
0.016168013215065002,0.09173654019832611
0.015829095616936684,0.09028356522321701
0.015563891269266605,0.09013339877128601
0.015202541835606098,0.09119346737861633
0.015440491959452629,0.09030284732580185
0.015581210143864155,0.0914376974105835
0.015362647362053394,0.0921386256814003
0.01540445163846016,0.0937451496720314
0.015014872886240482,0.09288579970598221
0.015205803327262402,0.09187790006399155
0.01490022987127304,0.09189701080322266
0.014748227782547474,0.09275064617395401
0.014971787109971046,0.09280119091272354
0.01572871394455433,0.09427279233932495
0.015508551150560379,0.09438318014144897
0.015795448794960976,0.09081216901540756
0.015291597694158554,0.0930478498339653
0.014889566227793694,0.0913567915558815
0.015399052761495113,0.0921410396695137
0.015216879546642303,0.09433886408805847
0.015343652106821537,0.0906052216887474
0.015055207535624504,0.09390958398580551
0.014948636293411255,0.09276610612869263
0.014931051060557365,0.0933440774679184
0.015151705592870712,0.0938548892736435
0.015606965869665146,0.0935542955994606
0.015621505677700043,0.09062342345714569
0.016294559463858604,0.09298244118690491
0.020694473758339882,0.09001650661230087
0.019650792703032494,0.08837289363145828
0.01730583794414997,0.09491993486881256
0.015939127653837204,0.08894896507263184
0.015159660950303078,0.09288894385099411
0.01501641608774662,0.09344454109668732
0.014751012437045574,0.08958875387907028
0.015368587337434292,0.09389285743236542
0.015943409875035286,0.09169644117355347
0.01493955496698618,0.09226065874099731
0.01476089283823967,0.09254275262355804
0.014714532531797886,0.09401897341012955
0.014725347980856895,0.09317594021558762
0.014998402446508408,0.09189954400062561
0.015121824108064175,0.09238816797733307
0.014703739434480667,0.09180814772844315
0.014717333018779755,0.09185487776994705
0.014341752044856548,0.09415815770626068
0.01451028510928154,0.09212787449359894
0.014740517362952232,0.09353552758693695
0.015197468921542168,0.09282027930021286
0.015219241380691528,0.08964521437883377
0.01650177128612995,0.09265685826539993
0.01502928789705038,0.0923650860786438
0.015129990875720978,0.09460677951574326
0.0152088338509202,0.09163060039281845
0.014941060915589333,0.09219612926244736
0.014673755504190922,0.09248482435941696
0.014326910488307476,0.09382025897502899
0.014801940880715847,0.09350389242172241
0.01520890835672617,0.09330746531486511
0.014868575148284435,0.09387494623661041
0.014871587976813316,0.09585204720497131
0.014989173039793968,0.08871912211179733
0.015101287513971329,0.09346891194581985
0.014957710169255733,0.0925249382853508
0.015550465323030949,0.08889224380254745
0.01646466553211212,0.09120649099349976
0.016045309603214264,0.09223636984825134
0.015252976678311825,0.09312330931425095
0.014707762748003006,0.09216039627790451
0.014448888599872589,0.09383433312177658
0.015407582744956017,0.09203273802995682
0.01559500116854906,0.09360035508871078
0.015454920008778572,0.0916033610701561
0.015504883602261543,0.09298083931207657
0.01530610490590334,0.09207266569137573
0.015049191191792488,0.0938737764954567
0.014225090853869915,0.09213032573461533
0.014071714133024216,0.09306269139051437
0.014164069667458534,0.09460444748401642
0.014393222518265247,0.09015488624572754
0.01525047142058611,0.09232821315526962
0.014926912263035774,0.09279941767454147
0.014863694086670876,0.09336768835783005
0.014479455538094044,0.09046909213066101
0.014370754361152649,0.09319604188203812
0.015678202733397484,0.0930534079670906
0.015420770272612572,0.08906469494104385
0.01521040964871645,0.09276183694601059
0.0157258752733469,0.0892794281244278
0.015176578424870968,0.08982052654027939
0.014820913784205914,0.09199758619070053
0.014902135357260704,0.09441526979207993
0.014955396763980389,0.09518780559301376
0.014777318574488163,0.09189818799495697
0.014402052387595177,0.09338254481554031
0.014725196175277233,0.09408222883939743
0.01424291543662548,0.09172678738832474
0.014163829386234283,0.09193199127912521
0.014290333725512028,0.09317885339260101
0.014172181487083435,0.09404859691858292
0.014202100224792957,0.09361186623573303
0.013798478059470654,0.09299763292074203
0.013737965375185013,0.09271933138370514
0.013805943541228771,0.09411165118217468
0.013970263302326202,0.09385082870721817
0.014552030712366104,0.09386742115020752
0.014183216728270054,0.09249965101480484
0.013992838561534882,0.09476674348115921
0.013897682540118694,0.09451267868280411
0.01397667359560728,0.09378407150506973
0.01378297246992588,0.09218377619981766
0.015358872711658478,0.09250302612781525
0.01451279316097498,0.0941261351108551
0.014256937429308891,0.09331335127353668
0.014206488616764545,0.09333005547523499
0.014008643105626106,0.0917448103427887
0.013640666380524635,0.09327063709497452
0.013774666003882885,0.09186974167823792
0.014098057523369789,0.0928206667304039
0.014329641126096249,0.09389247745275497
0.014402507804334164,0.09198712557554245
0.014410153031349182,0.08964639157056808
0.014020728878676891,0.09434271603822708
0.01370910368859768,0.09481293708086014
0.014162945561110973,0.09439616650342941
0.014130092225968838,0.09649761766195297
0.014172208495438099,0.09064919501543045
0.014116508886218071,0.09430118650197983
0.015519983135163784,0.09158743172883987
0.015306650660932064,0.09104898571968079
0.014743953011929989,0.0939377173781395
0.014014847576618195,0.09420979768037796
0.014043147675693035,0.09216047078371048
0.014176882803440094,0.09291737526655197
0.013858943246304989,0.09600987285375595
0.01410138513892889,0.09472141414880753
0.01417927909642458,0.09389182925224304
0.013522381894290447,0.09291405975818634
0.013660663738846779,0.09458591789007187
0.013473838567733765,0.09308728575706482
0.013642392121255398,0.09455642104148865
0.013598610647022724,0.09508144110441208
0.013717173598706722,0.09461727738380432
0.014588876627385616,0.09374367445707321
0.014126279391348362,0.09553297609090805
0.013810332864522934,0.09331179410219193
0.014050809666514397,0.0930529460310936
0.014246821403503418,0.09210006147623062
0.01391509734094143,0.09559745341539383
0.013555050827562809,0.09248995035886765
0.013572498224675655,0.09194251894950867
0.013164427131414413,0.09410066157579422
0.013329140841960907,0.093228779733181
0.013710221275687218,0.09459450095891953
0.013728936202824116,0.09397347271442413
0.013623827137053013,0.09221937507390976
0.014282592572271824,0.09254780411720276
0.01500870194286108,0.09167695790529251
0.013971075415611267,0.0931013748049736
0.013688154518604279,0.09525200724601746
0.013572800904512405,0.09327470511198044
0.013258312828838825,0.09409643709659576
0.013247941620647907,0.09593608230352402
0.013843347318470478,0.0942218229174614
0.013446807861328125,0.09163883328437805
0.013732035644352436,0.09390810132026672
0.014060121029615402,0.09626048803329468
0.013581331819295883,0.09529679268598557
0.013455375097692013,0.0937553346157074
0.013386833481490612,0.09244928508996964
0.013228684663772583,0.0946238562464714
0.013847952708601952,0.09493961185216904
0.013776799663901329,0.091382697224617
0.013996999710798264,0.09336786717176437
0.013837575912475586,0.0950947031378746
0.013533715158700943,0.09323090314865112
0.01398253533989191,0.09557885676622391
0.013337451033294201,0.09358398616313934
0.013370336964726448,0.0960770696401596
0.013775614090263844,0.09433367848396301
0.014073542319238186,0.09504607319831848
0.014062494970858097,0.09441597759723663
0.013760950416326523,0.09495868533849716
0.013244181871414185,0.09398271143436432
0.013577703386545181,0.09435786306858063
0.013467604294419289,0.09601352363824844
0.01320100948214531,0.09531115740537643
0.014969554729759693,0.09373901784420013
0.014573613181710243,0.09239254891872406
0.014688071794807911,0.09360548853874207
0.01648702099919319,0.08981779217720032
0.015296735800802708,0.09040610492229462
0.01395924761891365,0.0918784961104393
0.014069597236812115,0.0901717096567154
0.014551457017660141,0.09102727472782135
0.013996323570609093,0.0901041105389595
0.013998686335980892,0.09080826491117477
0.013730176724493504,0.08950994163751602
0.013609828427433968,0.0910639613866806
0.013772984966635704,0.09160023182630539
0.01377098262310028,0.09057535231113434
0.013860518112778664,0.08814051002264023
0.014461332932114601,0.08974892646074295
0.013319759629666805,0.09125562012195587
0.013475475832819939,0.08992555737495422
0.01475248672068119,0.09329047799110413
0.01592535898089409,0.08908358961343765
0.014429857954382896,0.08894288539886475
0.013738931156694889,0.08773591369390488
0.013609946705400944,0.08967689424753189
0.014312279410660267,0.08733029663562775
0.013929523527622223,0.09169897437095642
0.013790805824100971,0.09239395707845688
0.013414659537374973,0.08838242292404175
0.01335265301167965,0.09140876680612564
0.01315891370177269,0.09162963181734085
0.013014259748160839,0.09224452823400497
0.013617517426609993,0.091208815574646
0.014095516875386238,0.09100868552923203
0.014667206443846226,0.08861490339040756
0.01360875554382801,0.08679881691932678
0.013477180153131485,0.09099061787128448
0.013085149228572845,0.09083061665296555
0.013266145251691341,0.08891236782073975
0.013440582901239395,0.09032896906137466
0.013227169401943684,0.09373696893453598
0.012890945188701153,0.09128781408071518
0.012738672085106373,0.09128270298242569
0.012587692588567734,0.09369344264268875
0.013145512901246548,0.09196355938911438
0.013159939087927341,0.09110872447490692
0.012785536237061024,0.09238116443157196
0.01275654137134552,0.09156206250190735
0.012676523998379707,0.09089674800634384
0.01263760682195425,0.09200013428926468
0.012763862498104572,0.09305478632450104
0.01264417078346014,0.0913812592625618
0.012526276521384716,0.09250537306070328
0.013246182352304459,0.09205274283885956
0.013373938389122486,0.09018150717020035
0.012684809975326061,0.0911298394203186
0.01261263620108366,0.0899253636598587
0.013030480593442917,0.09280650317668915
0.012957696802914143,0.09068816155195236
0.01277158409357071,0.09102485328912735
0.012757056392729282,0.09227367490530014
0.012478374876081944,0.09306906163692474
0.012670178897678852,0.09223231673240662
0.013637841679155827,0.09512395411729813
0.01452021673321724,0.0913928747177124
0.01387063879519701,0.09151475876569748
0.013295793905854225,0.09167548269033432
0.013529568910598755,0.09180914610624313
0.014099538326263428,0.0920712798833847
0.01271381787955761,0.088686004281044
0.013009099289774895,0.09186319261789322
0.013176964595913887,0.09029828757047653
0.01315471064299345,0.09205887466669083
0.012823534198105335,0.09416704624891281
0.012730246409773827,0.09379134327173233
0.012609194032847881,0.09082970768213272
0.012543430551886559,0.09281210601329803
0.012349788099527359,0.09260588884353638
0.012383728288114071,0.09345834702253342
0.012264103628695011,0.09212305396795273
0.012367377057671547,0.09135566651821136
0.012594982050359249,0.09377559274435043
0.012782573699951172,0.09284724295139313
0.012637730687856674,0.09170079231262207
0.012652444653213024,0.09258515387773514
0.01244580838829279,0.09269922226667404
0.01313104573637247,0.09225670993328094
0.01324014738202095,0.09456872940063477
0.013399312272667885,0.09141822904348373
0.01340902503579855,0.09513779729604721
0.013080303557217121,0.08945842832326889
0.013165846467018127,0.09268557280302048
0.012690500356256962,0.09019985795021057
0.012630311772227287,0.0931352823972702
0.012285980395972729,0.09375298768281937
0.01224520057439804,0.09377631545066833
0.01242288202047348,0.09283743798732758
0.012392740696668625,0.08982513099908829
0.012657186947762966,0.09385475516319275
0.01275023352354765,0.09354985505342484
0.012602572329342365,0.09335615485906601
0.012996256351470947,0.09053819626569748
0.012469224631786346,0.09094551205635071
0.012488586828112602,0.09162698686122894
0.01240139827132225,0.09240510314702988
0.012238636612892151,0.09218554943799973
0.012069329619407654,0.09349263459444046
0.012187253683805466,0.09307873249053955
0.012496016919612885,0.09084916114807129
0.012551776133477688,0.09327463805675507
0.012253886088728905,0.09215584397315979
0.012141128070652485,0.09163667261600494
0.012124358676373959,0.09178630262613297
0.011982669122517109,0.09349752217531204
0.01248563639819622,0.09348085522651672
0.01230729091912508,0.09238741546869278
0.012200637720525265,0.09199947863817215
0.01213388703763485,0.0929446741938591
0.012293440289795399,0.09522678703069687
0.01248039398342371,0.09424124658107758
0.011988846585154533,0.09306476265192032
0.012205730192363262,0.09475845843553543
0.011874640360474586,0.09242920577526093
0.012054335325956345,0.09349941462278366
0.012254338711500168,0.09652072191238403
0.012676961719989777,0.09378993511199951
0.014028450474143028,0.09296812117099762
0.016526762396097183,0.08987391740083694
0.015468629077076912,0.09329132735729218
0.013978526927530766,0.09212575852870941
0.013128584250807762,0.09194453060626984
0.012985797598958015,0.08942065387964249
0.012459792196750641,0.09463167190551758
0.012381277047097683,0.0938553586602211
0.012203224934637547,0.09450343996286392
0.01203111745417118,0.09356998652219772
0.011951417662203312,0.0957842692732811
0.012349247001111507,0.09684229642152786
0.012634731829166412,0.09289799630641937
0.011989517137408257,0.09418054670095444
0.011960776522755623,0.09477517008781433
0.01200361642986536,0.0950063019990921
0.011784282512962818,0.09451552480459213
0.011737908236682415,0.09533185511827469
0.011745558120310307,0.0927748829126358
0.011810172349214554,0.09337800741195679
0.011688465252518654,0.09282940626144409
0.012079450301826,0.09273744374513626
0.011816976591944695,0.0922655388712883
0.011756215244531631,0.093428835272789
0.011872491799294949,0.09352202713489532
0.01168749202042818,0.09264398366212845
0.011774072423577309,0.09394603222608566
0.01161168608814478,0.09486358612775803
0.011542197316884995,0.09512057900428772
0.011551004834473133,0.09512116014957428
0.01176775898784399,0.09474588185548782
0.01161793153733015,0.09491076320409775
0.011629666201770306,0.09276270121335983
0.01151498407125473,0.09357688575983047
0.011592390947043896,0.09411929547786713
0.011702888645231724,0.09461305290460587
0.011460412293672562,0.09560485929250717
0.0114053413271904,0.09594687074422836
0.011620702221989632,0.09324896335601807
0.012262971140444279,0.0950918048620224
0.012024082243442535,0.09378883987665176
0.012066437862813473,0.09536480158567429
0.011904990300536156,0.09403586387634277
0.011898403987288475,0.092476025223732
0.012037774547934532,0.09446112811565399
0.01186576671898365,0.09510628134012222
0.011566090397536755,0.09491455554962158
0.011610978282988071,0.0933874323964119
0.011791893281042576,0.09538409113883972
0.011784577742218971,0.09362500160932541
0.011415784247219563,0.09493979066610336
0.011521280743181705,0.09252317249774933
0.011610230430960655,0.09588440507650375
0.011701148003339767,0.09142272919416428
0.011544332839548588,0.09545537084341049
0.011690514162182808,0.09320598095655441
0.011570094153285027,0.09306543320417404
0.01139071024954319,0.09402603656053543
0.01130928099155426,0.09471271187067032
0.011201582849025726,0.09379100799560547
0.011128997430205345,0.09462203085422516
0.011219707317650318,0.09652415663003922
0.011313115246593952,0.09507977962493896
0.011388837359845638,0.09535602480173111
0.01124949473887682,0.09602520614862442
0.011434904299676418,0.09412069618701935
0.011394360102713108,0.09363988041877747
0.011457106098532677,0.09364303946495056
0.011433513835072517,0.09461513161659241
0.0113218380138278,0.09607043862342834
0.011251699179410934,0.09389089792966843
0.011517398990690708,0.09420428425073624
0.011329898610711098,0.09621337056159973
0.011752251535654068,0.09787075221538544
0.01175739336758852,0.09803256392478943
0.011571628041565418,0.09339545667171478
0.011591057293117046,0.0968165397644043
0.011750883422791958,0.0928153246641159
0.011376877315342426,0.09401208162307739
0.011263500899076462,0.09375282377004623
0.011311647482216358,0.09224137663841248
0.011193514801561832,0.0944894328713417
0.011504323221743107,0.09441579133272171
0.011595667339861393,0.0936332419514656
0.012034079059958458,0.095930315554142
0.011743767186999321,0.09458066523075104
0.01133541390299797,0.09454069286584854
0.011899045668542385,0.09275783598423004
0.011873342096805573,0.08978872746229172
0.01154446229338646,0.09260688722133636
0.01142931543290615,0.09240268915891647
0.011458567343652248,0.09308994561433792
0.011223466135561466,0.09324058890342712
0.011206434108316898,0.09358888119459152
0.01110068429261446,0.0935451090335846
0.011164157651364803,0.09750112146139145
0.011155447922647,0.09365740418434143
0.011266185902059078,0.09667052328586578
0.011226245202124119,0.09598623961210251
0.011166359297931194,0.09407628327608109
0.01118789054453373,0.09667307138442993
0.011249708011746407,0.09366229176521301
0.012694012373685837,0.09430279582738876
0.011626438237726688,0.09049191325902939
0.011267795227468014,0.09425148367881775
0.010961946099996567,0.09449834376573563
0.01113496907055378,0.09462735801935196
0.011318701319396496,0.09318865090608597
0.011396014131605625,0.09349942207336426
0.01120663620531559,0.09383247047662735
0.01099273469299078,0.09485001862049103
0.01093494612723589,0.09735754877328873
0.010779843665659428,0.09542419761419296
0.010901633650064468,0.09403243660926819
0.011079274117946625,0.09406226128339767
0.011020330712199211,0.09500434994697571
0.010976715013384819,0.09668849408626556
0.010996051132678986,0.09397751092910767
0.011015252210199833,0.09515587240457535
0.010764218866825104,0.09409767389297485
0.010791960172355175,0.09357946366071701
0.010715941898524761,0.09463877230882645
0.011030531488358974,0.09458407759666443
0.011387912556529045,0.09365543723106384
0.011421062052249908,0.09420749545097351
0.01154338102787733,0.09169009327888489
0.011319415643811226,0.09215418994426727
0.011061904020607471,0.09469424933195114
0.010902965441346169,0.09413540363311768
0.011267406865954399,0.09267114102840424
0.011230840347707272,0.09593943506479263
0.011016322299838066,0.09569632261991501
0.010901916772127151,0.09615109115839005
0.01104812603443861,0.09643079340457916
0.010822414420545101,0.09566103667020798
0.010747699066996574,0.09422636032104492
0.010891658253967762,0.0945727527141571
0.01108761876821518,0.09393518418073654
0.01079808734357357,0.09505294263362885
0.010877234861254692,0.09602884203195572
0.011176961474120617,0.09695564210414886
0.010845755226910114,0.09502158313989639
0.01104004867374897,0.09468074142932892
0.010700306855142117,0.09595596790313721
0.010837429203093052,0.09400850534439087
0.011020255275070667,0.09265495836734772
0.01089871022850275,0.09569064527750015
0.011056376621127129,0.09458538889884949
0.011286089196801186,0.09572385996580124
0.011897246353328228,0.09658300876617432
0.011983441188931465,0.09116999804973602
0.012844765558838844,0.09543515741825104
0.012851428240537643,0.09731294214725494
0.012004904448986053,0.09517411142587662
0.011454359628260136,0.09488333761692047
0.011427178978919983,0.09442620724439621
0.010909978300333023,0.09548117220401764
0.010921353474259377,0.09383998066186905
0.010847468860447407,0.09717921912670135
0.010790168307721615,0.09586906433105469
0.010772456414997578,0.09616094827651978
0.010797164402902126,0.09390683472156525
0.010879112407565117,0.09574604779481888
0.01059876848012209,0.09414935857057571
0.010791415348649025,0.09418871998786926
0.010742620564997196,0.09361617267131805
0.012566429562866688,0.09318055212497711
0.011349620297551155,0.09156794846057892
0.012304648756980896,0.09311890602111816
0.012701261788606644,0.09290846437215805
0.012531815096735954,0.08912255614995956
0.01306267362087965,0.09027537703514099
0.012017942033708096,0.08862227946519852
0.011290076188743114,0.09132924675941467
0.011063601821660995,0.08890629559755325
0.010811903513967991,0.09124257415533066
0.010756568983197212,0.09115450084209442
0.010740431025624275,0.09003930538892746
0.010676546953618526,0.09076778590679169
0.010596130043268204,0.09095089137554169
0.010585145093500614,0.09200148284435272
0.010356965474784374,0.09128786623477936
0.010378480888903141,0.09215927869081497
0.010643848218023777,0.09140796214342117
0.010539534501731396,0.0922059491276741
0.01072126068174839,0.09342595189809799
0.010523528791964054,0.09232017397880554
0.010627315379679203,0.09208826720714569
0.011075902730226517,0.09213661402463913
0.010539512149989605,0.09218240529298782
0.010383734479546547,0.09099631011486053
0.010589207522571087,0.0921853631734848
0.010828695259988308,0.09229110181331635
0.011311648413538933,0.09213656187057495
0.012257997877895832,0.09067972004413605
0.011581026948988438,0.09043832123279572
0.011245248839259148,0.09107097238302231
0.010440927930176258,0.09017440676689148
0.010239919647574425,0.09144221246242523
0.010355905629694462,0.09209486097097397
0.010572045110166073,0.09249048680067062
0.010519578121602535,0.09158910065889359
0.010232964530587196,0.09191562980413437
0.01019460428506136,0.09222330898046494
0.010389215312898159,0.09232985228300095
0.010263391770422459,0.09251438826322556
0.01029228325933218,0.09107184410095215
0.010307139717042446,0.093637615442276
0.010316899046301842,0.09138234704732895
0.010502093471586704,0.09360494464635849
0.010293612256646156,0.09273771941661835
0.010437395423650742,0.09324586391448975
0.011059986427426338,0.09083212912082672
0.011348096653819084,0.09163230657577515
0.011129727587103844,0.09137656539678574
0.010843131691217422,0.09216409921646118
0.010597673244774342,0.09193368256092072
0.010227530263364315,0.09205558896064758
0.010075709782540798,0.09178539365530014
0.01019340381026268,0.09195251762866974
0.01009636651724577,0.09272430092096329
0.010129319503903389,0.09405308961868286
0.010057896375656128,0.0922054648399353
0.01001947931945324,0.09242437779903412
0.010064594447612762,0.09278615564107895
0.010017519816756248,0.09264712780714035
0.010606537573039532,0.09301841259002686
0.010645538568496704,0.0937800407409668
0.010014412924647331,0.0939120203256607
0.010134556330740452,0.09183218330144882
0.010031218640506268,0.0930805429816246
0.010122713632881641,0.09404567629098892
0.010119080543518066,0.09444112330675125
0.010102899745106697,0.09251844137907028
0.010035958141088486,0.09277544915676117
0.010103623382747173,0.09273199737071991
0.010229264385998249,0.09290970861911774
0.010189127177000046,0.09424350410699844
0.010065733455121517,0.09424668550491333
0.010215084999799728,0.09219049662351608
0.010881208814680576,0.09559870511293411
0.010874379426240921,0.0914950743317604
0.011162019334733486,0.09169228374958038
0.012030028738081455,0.0962798222899437
0.01180936023592949,0.09466899931430817
0.011556223034858704,0.09207876026630402
0.0116975586861372,0.09207136929035187
0.011385629884898663,0.08988755941390991
0.01052430272102356,0.09189573675394058
0.010238365270197392,0.0902738869190216
0.010112491436302662,0.0921378880739212
0.010112893767654896,0.09342749416828156
0.010124647058546543,0.09184654802083969
0.010334201157093048,0.09159211069345474
0.010088875889778137,0.0923948809504509
0.010063855908811092,0.09162496775388718
0.009939350187778473,0.09173088520765305
0.00997629202902317,0.0908932089805603
0.009978927671909332,0.09191062301397324
0.009810433723032475,0.09205161780118942
0.009805609472095966,0.09252672642469406
0.009888051077723503,0.09177852421998978
0.009921045042574406,0.093594990670681
0.010003965348005295,0.09182140976190567
0.009981520473957062,0.09214520454406738
0.010051451623439789,0.09169355779886246
0.010085628367960453,0.09269791841506958
0.009988168254494667,0.09158404916524887
0.010011264123022556,0.09373907744884491
0.009873224422335625,0.09227388352155685
0.0099469143897295,0.0918559655547142
0.009952470660209656,0.09182116389274597
0.010216731578111649,0.09149489551782608
0.009982600808143616,0.09361107647418976
0.009957848116755486,0.09227018058300018
0.01048584096133709,0.09166339784860611
0.010598812252283096,0.09355229884386063
0.010072126053273678,0.09178166091442108
0.010132621973752975,0.09267479181289673
0.009957121685147285,0.0936153382062912
0.009994152933359146,0.09188546240329742
0.009969308972358704,0.09211230278015137
0.009928973391652107,0.09266220778226852
0.010297312401235104,0.09231298416852951
0.0102519067004323,0.09330306947231293
0.010005857795476913,0.09318862110376358
0.009923267178237438,0.09216275066137314
0.010128766298294067,0.09629622846841812
0.010289821773767471,0.09164687246084213
0.009888284839689732,0.09183528274297714
0.009730354882776737,0.09544894099235535
0.009838194586336613,0.09236212819814682
0.009929046034812927,0.09474366158246994
0.009888404048979282,0.09296619147062302
0.010115792974829674,0.09335123747587204
0.009868958964943886,0.09135926514863968
0.009622766636312008,0.09383915364742279
0.009683751501142979,0.09192024171352386
0.009608635678887367,0.09287149459123611
0.009668556973338127,0.09396948665380478
0.009744829498231411,0.09309692680835724
0.009760755114257336,0.09317873418331146
0.009734337218105793,0.0928792953491211
0.009880597703158855,0.09435803443193436
0.00977664440870285,0.091580830514431
0.009780201129615307,0.09313932061195374
0.009784354828298092,0.09300409257411957
0.009885620325803757,0.09201299399137497
0.00986496638506651,0.09411843121051788
0.009910502471029758,0.09244848042726517
0.009701426140964031,0.09225000441074371
0.009690754115581512,0.09352625161409378
0.009618389420211315,0.09238021820783615
0.009540786035358906,0.09248921275138855
0.009560241363942623,0.09167905151844025
0.00954681821167469,0.09283646941184998
0.009869106113910675,0.09362031519412994
0.010050253942608833,0.09322167932987213
0.009958894923329353,0.09427209198474884
0.009925132617354393,0.09274369478225708
0.011660534888505936,0.0910082533955574
0.012872262857854366,0.09230172634124756
0.013499428518116474,0.09116720408201218
0.01343147549778223,0.09095900505781174
0.012034219689667225,0.08909664303064346
0.010468212887644768,0.08845062553882599
0.01003581564873457,0.09069406986236572
0.009720547124743462,0.09031712263822556
0.009666703641414642,0.08973462879657745
0.009704369120299816,0.09022057801485062
0.009567433036863804,0.0907774344086647
0.009488919749855995,0.09290865063667297
0.009532240219414234,0.09146768599748611
0.009406791999936104,0.09244797378778458
0.009528158232569695,0.09088029712438583
0.009524935856461525,0.0928419753909111
0.009399759583175182,0.09153711795806885
0.00945684127509594,0.09077318012714386
0.009425758384168148,0.09202529489994049
0.009403144009411335,0.0922693982720375
0.009365314617753029,0.09244431555271149
0.009448959492146969,0.09166637063026428
0.009418184868991375,0.09181717038154602
0.009353871457278728,0.09244601428508759
0.009329739026725292,0.09261126816272736
0.00939249899238348,0.09304910898208618
0.009374460205435753,0.09254337102174759
0.009474402293562889,0.09219300746917725
0.009558428078889847,0.09365130215883255
0.009614700451493263,0.09147175401449203
0.009365721605718136,0.09162146598100662
0.009388701990246773,0.09246814250946045
0.009507616981863976,0.09190522134304047
0.009397005662322044,0.09170335531234741
0.009387950412929058,0.09186624735593796
0.009458324871957302,0.0920955017209053
0.009372538886964321,0.09221881628036499
0.009389808401465416,0.09368927776813507
0.009532511234283447,0.09215402603149414
0.009401217103004456,0.09237286448478699
0.009435055777430534,0.09236862510442734
0.00930569227784872,0.09327437728643417
0.009326646104454994,0.09355565905570984
0.00945986807346344,0.09230650961399078
0.009520113468170166,0.09223823994398117
0.01013626717031002,0.09309546649456024
0.010988900437951088,0.09076987951993942
0.010534711182117462,0.09072460979223251
0.011019570752978325,0.09406650811433792
0.014875420369207859,0.08811409026384354
0.012073631398379803,0.08932361006736755
0.010623441077768803,0.09046105295419693
0.0100629311054945,0.08907382190227509
0.00991136021912098,0.09042231738567352
0.009594239294528961,0.09054245054721832
0.00941645260900259,0.09089431166648865
0.009252922609448433,0.09232958406209946
0.00932628009468317,0.09236201643943787
0.009565361775457859,0.09106539934873581
0.00999920628964901,0.09219411760568619
0.009566995315253735,0.09153666347265244
0.009411126375198364,0.09209892153739929
0.009246248751878738,0.09150397032499313
0.009219707921147346,0.09186558425426483
0.009240087121725082,0.09241633117198944
0.009150983765721321,0.09207195043563843
0.009162930771708488,0.09337984025478363
0.009265398606657982,0.09208691865205765
0.009192279540002346,0.09356525540351868
0.009131631813943386,0.09180625528097153
0.00918084941804409,0.09256033599376678
0.0094391955062747,0.09227967262268066
0.009268539026379585,0.09365448355674744
0.009193770587444305,0.09287155419588089
0.00925271026790142,0.09227391332387924
0.009232881478965282,0.09221851825714111
0.009112991392612457,0.09269498288631439
0.009091373533010483,0.0925929844379425
0.00909198634326458,0.09324946999549866
0.009282590821385384,0.09364578127861023
0.009366701357066631,0.09242859482765198
0.00960509292781353,0.09223857522010803
0.009427197277545929,0.09287518262863159
0.009457078762352467,0.09178835898637772
0.009589619934558868,0.09401359409093857
0.00947878323495388,0.09199071675539017
0.00916963815689087,0.09403400868177414
0.009213044308125973,0.09444692730903625
0.009299736469984055,0.09286855161190033
0.009109074249863625,0.09201811254024506
0.009111522696912289,0.09316300600767136
0.0091335978358984,0.09165939688682556
0.009255222976207733,0.09256187826395035
0.009167153388261795,0.09274660795927048
0.009265580214560032,0.093941830098629
0.009322169236838818,0.09111812710762024
0.009110021404922009,0.09238646179437637
0.009029884822666645,0.09296902269124985
0.009007959626615047,0.09432750195264816
0.009035611525177956,0.09298872947692871
0.009354077279567719,0.09290532767772675
0.009206644259393215,0.09355805814266205
0.009250353090465069,0.0935099869966507
0.00908111035823822,0.09254014492034912
0.00899145845323801,0.09374046325683594
0.009115654975175858,0.09385065734386444
0.009191306307911873,0.09297993034124374
0.009275137446820736,0.09378743916749954
0.009528660215437412,0.09247445315122604
0.009545932523906231,0.09173540025949478
0.009349771775305271,0.09367147088050842
0.009576881304383278,0.09328005462884903
0.010067994706332684,0.09184510260820389
0.009894156828522682,0.09200182557106018
0.009509866125881672,0.09349387884140015
0.009786673821508884,0.09169426560401917
0.009531603194773197,0.09324362874031067
0.009521116502583027,0.0936243087053299
0.009527281858026981,0.09215706586837769
0.009409934282302856,0.09209282696247101
0.009172520600259304,0.09272705018520355
0.009184763766825199,0.09226983040571213
0.00917478371411562,0.09196288138628006
0.009034681133925915,0.09402190148830414
0.009038316085934639,0.09238952398300171
0.009065338410437107,0.09474898874759674
0.009231449104845524,0.0914277583360672
0.009189555421471596,0.09317765384912491
0.009240729734301567,0.09262248873710632
0.009362434968352318,0.09379281848669052
0.009415827691555023,0.09325627982616425
0.009161551482975483,0.09388099610805511
0.009093890897929668,0.09290728718042374
0.009308630600571632,0.09322168678045273
0.009905426762998104,0.09171789139509201
0.010637152940034866,0.09254025667905807
0.009723024442791939,0.09088689833879471
0.00912461057305336,0.09199672937393188
0.008890705183148384,0.09169326722621918
0.008912521414458752,0.09306971728801727
0.008941336534917355,0.09371496737003326
0.008942561224102974,0.09268847107887268
0.009040869772434235,0.09466246515512466
0.008950666524469852,0.09287849068641663
0.009158674627542496,0.09175670146942139
0.009095605462789536,0.09275352954864502
0.009173686616122723,0.09359650313854218
0.009298177435994148,0.09217286854982376
0.00915756169706583,0.09220033884048462
0.009136129170656204,0.09333718568086624
0.009194769896566868,0.09248534590005875
0.009048286825418472,0.09189525991678238
0.00900825671851635,0.09266067296266556
0.008941751904785633,0.09304531663656235
0.008880740031599998,0.09259112179279327
0.0090223029255867,0.09385243058204651
0.008973593823611736,0.09319479018449783
0.008929803967475891,0.093793585896492
0.008929665200412273,0.09370165318250656
0.008920356631278992,0.0926743745803833
0.009035185910761356,0.09272921085357666
0.009131759405136108,0.09327709674835205
0.009123185649514198,0.0933435931801796
0.00889122299849987,0.09459743648767471
0.009079460054636002,0.0927065908908844
0.009050779975950718,0.09118279814720154
0.009231903590261936,0.09252049773931503
0.009151526726782322,0.0942908376455307
0.008979246951639652,0.0920678898692131
0.009101346135139465,0.09349615126848221
0.008966975845396519,0.09294316917657852
0.00897164922207594,0.09432090818881989
0.008843844756484032,0.09428196400403976
0.008897067047655582,0.0925440788269043
0.009053152985870838,0.0933162271976471
0.008995705284178257,0.094263456761837
0.008795085363090038,0.09390176087617874
0.009121217764914036,0.09418363124132156
0.008884444832801819,0.0936388373374939
0.008936128579080105,0.09297109395265579
0.008935674093663692,0.09284532815217972
0.008781383745372295,0.09355618059635162
0.008859514258801937,0.09377658367156982
0.00939125195145607,0.09302769601345062
0.009629670530557632,0.09264113008975983
0.009255629032850266,0.09337328374385834
0.008885400369763374,0.09233874827623367
0.00892738439142704,0.0920138880610466
0.008814645931124687,0.09172336012125015
0.008842541836202145,0.09319917112588882
0.008848040364682674,0.09384607523679733
0.009005045518279076,0.09241798520088196
0.009107261896133423,0.0929228812456131
0.008714448660612106,0.09317994862794876
0.008695433847606182,0.0931006446480751
0.008730120025575161,0.09342902153730392
0.00902644731104374,0.09472246468067169
0.008967758156359196,0.09304845333099365
0.008784843608736992,0.09372790902853012
0.008752839639782906,0.09345824271440506
0.008819926530122757,0.09483412653207779
0.008792337030172348,0.09301295131444931
0.008779676631093025,0.09276509284973145
0.008794400840997696,0.0936800017952919
0.008760110475122929,0.09342974424362183
0.0088225482031703,0.09334205090999603
0.008715431205928326,0.09326190501451492
0.008715735748410225,0.09427601844072342
0.0086711710318923,0.09395679086446762
0.008964360691606998,0.09381814301013947
0.009355776943266392,0.09220794588327408
0.00904417596757412,0.09456426650285721
0.008958857506513596,0.09598972648382187
0.008816932328045368,0.09309601038694382
0.008936366997659206,0.09418640285730362
0.008933007717132568,0.09508641809225082
0.008883270435035229,0.09290637075901031
0.008730674162507057,0.09409968554973602
0.008648484013974667,0.09330067783594131
0.008584458380937576,0.09389674663543701
0.008600781671702862,0.09439019113779068
0.008582224138081074,0.09335851669311523
0.00865232851356268,0.09417257457971573
0.008593321777880192,0.09293720871210098
0.008706038817763329,0.09342202544212341
0.008714557625353336,0.09338337928056717
0.008569058030843735,0.09450080990791321
0.008521578274667263,0.09458558261394501
0.008490453474223614,0.09419827908277512
0.008601076900959015,0.09460322558879852
0.008647437207400799,0.09478075057268143
0.008644049987196922,0.09441395103931427
0.008566286414861679,0.09377356618642807
0.008597676642239094,0.09384386986494064
0.008661461062729359,0.0926414430141449
0.008764471858739853,0.09397612512111664
0.008660132996737957,0.094432532787323
0.008614996448159218,0.09489649534225464
0.008528660982847214,0.09407700598239899
0.008603849448263645,0.09476520866155624
0.008652380667626858,0.09382422268390656
0.008873566053807735,0.09265625476837158
0.008699383586645126,0.09446451812982559
0.008866612799465656,0.0945471003651619
0.009020558558404446,0.0942346379160881
0.00873516034334898,0.09470292180776596
0.008885051123797894,0.0921456441283226
0.008742137812077999,0.0953308567404747
0.008562379516661167,0.09471473097801208
0.008497307077050209,0.09451241791248322
0.008368152193725109,0.0942118912935257
0.008533166721463203,0.09486684948205948
0.008692938834428787,0.09506712853908539
0.008694333024322987,0.0954919382929802
0.008764103055000305,0.09438234567642212
0.009721728973090649,0.09280772507190704
0.009804068133234978,0.09635280817747116
0.009475009515881538,0.09435319900512695
0.009017427451908588,0.09466342628002167
0.008694478310644627,0.09422758966684341
0.008641722612082958,0.09508714079856873
0.008577978238463402,0.09433673322200775
0.008562766946852207,0.09322042018175125
0.008478211238980293,0.09420473128557205
0.008431999944150448,0.09416001290082932
0.008334236219525337,0.09393592923879623
0.008882006630301476,0.09360039979219437
0.008945179171860218,0.09354060143232346
0.008731801062822342,0.09535248577594757
0.008553777821362019,0.0933825895190239
0.00843779742717743,0.09348171204328537
0.008340207859873772,0.0940028503537178
0.008332955650985241,0.09532071650028229
0.008566728793084621,0.0937507301568985
0.008657863363623619,0.09528778493404388
0.008569519966840744,0.09429340809583664
0.0085004772990942,0.0955774188041687
0.008495274931192398,0.09466023743152618
0.008301060646772385,0.09507959336042404
0.008428559638559818,0.0947900116443634
0.008446900174021721,0.09496215730905533
0.008518611080944538,0.09559479355812073
0.008510513231158257,0.09563193470239639
0.008454113267362118,0.09564255177974701
0.00859764777123928,0.09438589960336685
0.008495689369738102,0.09512818604707718
0.008427884429693222,0.09531490504741669
0.008350101299583912,0.09461060166358948
0.008286057971417904,0.09412096440792084
0.008252743631601334,0.09554744511842728
0.00875089317560196,0.0960901603102684
0.008785637095570564,0.09539703279733658
0.008475097827613354,0.09430010616779327
0.008418205194175243,0.09557820856571198
0.008373073302209377,0.09533315896987915
0.008340098895132542,0.09434081614017487
0.00834881141781807,0.09530334919691086
0.008381904102861881,0.09430456161499023
0.008485260419547558,0.09308020770549774
0.008395366370677948,0.09497445821762085
0.008698404766619205,0.09593001753091812
0.008901321329176426,0.094945028424263
0.008658371865749359,0.09439962357282639
0.008490674197673798,0.0947749987244606
0.008386093191802502,0.09390324354171753
0.008425319567322731,0.09292342513799667
0.008364603854715824,0.09479530900716782
0.008678446523845196,0.09632379561662674
0.008930987678468227,0.09430605173110962
0.008891070261597633,0.09568382799625397
0.008619262836873531,0.0935991108417511
0.008644720539450645,0.09453395754098892
0.008551426231861115,0.09512144327163696
0.008706090040504932,0.09437156468629837
0.008647631853818893,0.09415977448225021
0.008568685501813889,0.09635986387729645
0.008534888736903667,0.09533051401376724
0.008297496475279331,0.095210500061512
0.00817164871841669,0.09542450308799744
0.008146831765770912,0.09519680589437485
0.008228643797338009,0.09481745958328247
0.008371638134121895,0.0961187556385994
0.008352123200893402,0.09548786282539368
0.008386440575122833,0.09523115307092667
0.008270642720162868,0.09502571076154709
0.008321268483996391,0.09450408816337585
0.008257228881120682,0.09613937884569168
0.00823028851300478,0.09473732113838196
0.008145347237586975,0.09536874294281006
0.00811601523309946,0.096971794962883
0.008276175707578659,0.09538248926401138
0.008422985672950745,0.09699038416147232
0.00837335828691721,0.09649080038070679
0.008387943729758263,0.09640369564294815
0.008332375437021255,0.09528956562280655
0.008175463415682316,0.09540217369794846
0.008290940895676613,0.0958135798573494
0.008200488984584808,0.09545116126537323
0.008177519775927067,0.0961717814207077
0.008273491635918617,0.09729646146297455
0.008207090198993683,0.09592965990304947
0.00815992709249258,0.09525834023952484
0.008301449939608574,0.09659765660762787
0.008260010741651058,0.0951278880238533
0.008247585967183113,0.09526044130325317
0.008216739632189274,0.09570074081420898
0.008135161362588406,0.0960172638297081
0.008313427679240704,0.0974123552441597
0.00827742088586092,0.09625060111284256
0.008107572793960571,0.09611693769693375
0.008397730067372322,0.09646854549646378
0.008483031764626503,0.0954938679933548
0.008547676727175713,0.09368716925382614
0.008763524703681469,0.09663744270801544
0.008480655960738659,0.096698097884655
0.008295162580907345,0.09450531005859375
0.008195150643587112,0.09543126821517944
0.008383707143366337,0.09616483747959137
0.008230140432715416,0.09656991809606552
0.008359244093298912,0.09414899349212646
0.008459431119263172,0.09673228114843369
0.008565868251025677,0.09561815112829208
0.008779426105320454,0.09443001449108124
0.008661503903567791,0.09656734764575958
0.009152299724519253,0.09437865763902664
0.009168051183223724,0.09664702415466309
0.008515930734574795,0.0961766466498375
0.008448543027043343,0.09497107565402985
0.00853768177330494,0.09532128274440765
0.00837757159024477,0.09489899128675461
0.008061098866164684,0.09522639960050583
0.008014136925339699,0.09579972177743912
0.008022286929190159,0.09563589096069336
0.008006156422197819,0.09543155878782272
0.008644875138998032,0.09434382617473602
0.008928469382226467,0.09558001905679703
0.008521877229213715,0.09753492474555969
0.008374663069844246,0.09496130049228668
0.008195945993065834,0.09446354955434799
0.00808822549879551,0.09501343220472336
0.008162543177604675,0.09575797617435455
0.008225582540035248,0.09654448181390762
0.008089086040854454,0.0953085720539093
0.007961826398968697,0.09597965329885483
0.008015084080398083,0.09697742760181427
0.008005623705685139,0.09494370967149734
0.00812139268964529,0.09591032564640045
0.008149657398462296,0.09618835896253586
0.007969296537339687,0.09608202427625656
0.00789264403283596,0.09518162906169891
0.00794995203614235,0.09539159387350082
0.007903896272182465,0.09553657472133636
0.00788917113095522,0.09622716903686523
0.007948828861117363,0.09559240937232971
0.007953849621117115,0.09661436080932617
0.007952489890158176,0.09520213305950165
0.007997497916221619,0.09604984521865845
0.008063691668212414,0.09679489582777023
0.008127509616315365,0.09686698019504547
0.008520239032804966,0.09899213910102844
0.00861493032425642,0.09580474346876144
0.008400251157581806,0.09682808816432953
0.008361369371414185,0.0958954393863678
0.008338041603565216,0.09505511075258255
0.008546448312699795,0.09553008526563644
0.008365402929484844,0.09685822576284409
0.008315694518387318,0.09652238339185715
0.008013458922505379,0.09585154056549072
0.007927675731480122,0.09637415409088135
0.007907519116997719,0.09505128860473633
0.00787646509706974,0.0968308299779892
0.00797291100025177,0.09565134346485138
0.007889964617788792,0.09682085365056992
0.007992259226739407,0.09600452333688736
0.008018167689442635,0.09550392627716064
0.00792523194104433,0.09595272690057755
0.007829372771084309,0.09612924605607986
0.007848049513995647,0.09616288542747498
0.008003894239664078,0.09589558839797974
0.008097602054476738,0.09582269936800003
0.00832943245768547,0.09619235247373581
0.008304166607558727,0.0966629609465599
0.008796482346951962,0.09477613866329193
0.00881415419280529,0.09564414620399475
0.009043059311807156,0.09818124771118164
0.010043859481811523,0.09631786495447159
0.009212350472807884,0.09564268589019775
0.008525809273123741,0.09461237490177155
0.008401657454669476,0.09484647959470749
0.008440419100224972,0.09521739184856415
0.00822584517300129,0.09374547749757767
0.00811990350484848,0.09450806677341461
0.007983509451150894,0.09494200348854065
0.007911763153970242,0.09564004838466644
0.007815689779818058,0.0946672335267067
0.007911421358585358,0.09538722783327103
0.007845086045563221,0.09484359622001648
0.007844778709113598,0.09610961377620697
0.007885310798883438,0.09704583883285522
0.007821029052138329,0.09631264954805374
0.007752609439194202,0.09662789851427078
0.0077376714907586575,0.0961141288280487
0.007746498100459576,0.09662190079689026
0.007785851135849953,0.0955493375658989
0.007732188329100609,0.09682649374008179
0.007807295303791761,0.0975131168961525
0.007931757718324661,0.09606065601110458
0.008027025498449802,0.09720958024263382
0.008072965778410435,0.09634125232696533
0.00807735975831747,0.09553004056215286
0.00842039193958044,0.09540107846260071
0.008594582788646221,0.09590984135866165
0.008990694768726826,0.09442460536956787
0.00838535651564598,0.09711840003728867
0.007978139445185661,0.09509111195802689
0.007925045676529408,0.09619197994470596
0.007863356731832027,0.09629319608211517
0.007778919767588377,0.09651262313127518
0.008133950643241405,0.0958721712231636
0.008031390607357025,0.09477964043617249
0.008030309341847897,0.09644109010696411
0.0077592008747160435,0.09610255062580109
0.0077300104312598705,0.09556937217712402
0.007754145190119743,0.0968533381819725
0.007828490808606148,0.09655101597309113
0.007833224721252918,0.09646373987197876
0.007727029733359814,0.09682433307170868
0.007756577339023352,0.09785958379507065
0.007769245654344559,0.09675262868404388
0.007724829018115997,0.09645416587591171
0.007664606440812349,0.0967528223991394
0.007652470376342535,0.09696090221405029
0.007635754998773336,0.09716662764549255
0.007599652279168367,0.09653884917497635
0.007692649029195309,0.09815702587366104
0.007631579879671335,0.09790337085723877
0.007782587315887213,0.09752199053764343
0.00810974184423685,0.09937292337417603
0.016189094632864,0.1001749187707901
0.013462042436003685,0.09192630648612976
0.01058921217918396,0.09577132761478424
0.009887049905955791,0.09302603453397751
0.009205338545143604,0.0901532843708992
0.008430114947259426,0.09283433854579926
0.00837334617972374,0.09267710149288177
0.008184862323105335,0.09314917773008347
0.008091841824352741,0.09371853619813919
0.00786973349750042,0.09422270953655243
0.0077293976210057735,0.09487351030111313
0.007712714374065399,0.0947405993938446
0.0077108358964324,0.09491351991891861
0.007683626376092434,0.09497704356908798
0.007862517610192299,0.09580379724502563
0.00777482520788908,0.09539641439914703
0.007687891833484173,0.0952969416975975
0.007649825885891914,0.09546907246112823
0.0076711163856089115,0.09707751870155334
0.007671442814171314,0.09618145227432251
0.007744204252958298,0.09750816226005554
0.0078515550121665,0.09626945853233337
0.007653193548321724,0.09571132808923721
0.00765076233074069,0.09629017859697342
0.007734001148492098,0.09597522020339966
0.007712402381002903,0.09670788794755936
0.0076184868812561035,0.09664206951856613
0.00754221435636282,0.09671156108379364
0.007575375959277153,0.09685496240854263
0.007585806306451559,0.09760595113039017
0.007548177149146795,0.0964738205075264
0.0075682676397264,0.09763072431087494
0.00756506621837616,0.09712164849042892
0.007528706453740597,0.09704601019620895
0.007561699487268925,0.09754692018032074
0.0075547657907009125,0.09687504917383194
0.007547940593212843,0.09718847274780273
0.007605614140629768,0.09710843116044998
0.007520085200667381,0.09762775152921677
0.007504454348236322,0.09798724949359894
0.00751653453335166,0.0981418788433075
0.007535768672823906,0.09688158333301544
0.007505401037633419,0.09769897907972336
0.007531206589192152,0.09804786741733551
0.0075769079849123955,0.09673250466585159
0.007495137397199869,0.09772311896085739
0.007490640506148338,0.09670406579971313
0.007487832102924585,0.09664780646562576
0.007539547048509121,0.09834297746419907
0.00755362818017602,0.09728304296731949
0.007543192710727453,0.09770728647708893
0.007580141071230173,0.0982389748096466
0.0077681471593678,0.09778452664613724
0.008058498613536358,0.09788216650485992
0.008388737216591835,0.09543813765048981
0.008095629513263702,0.09699233621358871
0.007773936726152897,0.09677045792341232
0.00758363027125597,0.09669336676597595
0.007655732799321413,0.0974804237484932
0.007728888653218746,0.0958968922495842
0.007916219532489777,0.0967077985405922
0.007624813821166754,0.09714321792125702
0.007670331746339798,0.0984640046954155
0.0078034489415585995,0.09581024944782257
0.007588215172290802,0.09763320535421371
0.0074988421984016895,0.09683911502361298
0.007491398137062788,0.09697751700878143
0.0074761672876775265,0.09819412231445312
0.007497042417526245,0.09715953469276428
0.007480774074792862,0.09699275344610214
0.007464713882654905,0.09825294464826584
0.007506152614951134,0.09849173575639725
0.007475525606423616,0.09762053936719894
0.007497941143810749,0.09734107553958893
0.007627363782376051,0.0967443659901619
0.007787181530147791,0.09845025837421417
0.007753121666610241,0.09711362421512604
0.007536656688898802,0.09784198552370071
0.007527851965278387,0.09707798808813095
0.007531963754445314,0.09796441346406937
0.007609474007040262,0.09726910293102264
0.007790605071932077,0.09816772490739822
0.007689420133829117,0.09600624442100525
0.00792421493679285,0.09763366729021072
0.008084580302238464,0.09929928928613663
0.008344280533492565,0.09440242499113083
0.008435244672000408,0.09592820703983307
0.008245364762842655,0.09846371412277222
0.008159634657204151,0.09663650393486023
0.00922325812280178,0.10089848190546036
0.009180462919175625,0.09386956691741943
0.008801842108368874,0.09454835951328278
0.00817082915455103,0.09617877751588821
0.007705865427851677,0.0970451682806015
0.007606820203363895,0.09675813466310501
0.007521482650190592,0.09655296802520752
0.0075717042200267315,0.09725280851125717
0.007518271449953318,0.09732743352651596
0.007491397671401501,0.09943629056215286
0.007376187015324831,0.09698780626058578
0.007412645500153303,0.09778347611427307
0.007359917275607586,0.09840431809425354
0.007347421254962683,0.09827136248350143
0.007363616488873959,0.09749089926481247
0.007365699391812086,0.09804635494947433
0.007317292969673872,0.0974033772945404
0.007307796273380518,0.09712184220552444
0.007429433986544609,0.09715426713228226
0.007350503001362085,0.09729433059692383
0.007395460270345211,0.09789497405290604
0.007504234556108713,0.09797686338424683
0.007479448802769184,0.09645581990480423
0.00742118526250124,0.1000959724187851
0.007580095436424017,0.09742879867553711
0.007622462697327137,0.09946510195732117
0.007464115973562002,0.09687390923500061
0.0074002803303301334,0.09778783470392227
0.007383297197520733,0.09714781492948532
0.007455405313521624,0.09735362231731415
0.007437707390636206,0.09900125861167908
0.007498576305806637,0.0964498445391655
0.007510809227824211,0.09918314218521118
0.007449731230735779,0.09663397073745728
0.0074421726167202,0.09764835238456726
0.007779648527503014,0.09653721004724503
0.00786488875746727,0.09694574773311615
0.00794451404362917,0.09585441648960114
0.007713324390351772,0.09739569574594498
0.007571747992187738,0.09838145226240158
0.007549790665507317,0.0976986214518547
0.007656766101717949,0.09744791686534882
0.0076024653390049934,0.09686969965696335
0.007595465052872896,0.09699656814336777
0.007385777775198221,0.09796582907438278
0.007384860422462225,0.09760940074920654
0.0074067735113203526,0.09855888783931732
0.007342855911701918,0.09739141166210175
0.007331752683967352,0.09836334735155106
0.007370678707957268,0.09848368912935257
0.007372072897851467,0.09915877878665924
0.007391586434096098,0.09940081089735031
0.007331261411309242,0.09962024539709091
0.007429482880979776,0.09832373261451721
0.0074875024147331715,0.09987938404083252
0.007428812328726053,0.09817243367433548
0.007444418966770172,0.0976836308836937
0.007449669297784567,0.09828245639801025
0.007426794618368149,0.09898319840431213
0.0074006495997309685,0.09793584048748016
0.0075804488733410835,0.09767609089612961
0.007488917093724012,0.0972261056303978
0.007390519604086876,0.09754288196563721
0.00774568784981966,0.09737250953912735
0.007884147576987743,0.09609801322221756
0.007706823758780956,0.0972549170255661
0.0076385363936424255,0.09983433037996292
0.0075354017317295074,0.0980406105518341
0.0074776289984583855,0.09680000692605972
0.0076065086759626865,0.09867924451828003
0.007620383054018021,0.09821537137031555
0.0076256259344518185,0.09752111881971359
0.007660591043531895,0.09841013699769974
0.007544746622443199,0.0986812487244606
0.007589724846184254,0.09909051656723022
0.00753131415694952,0.09737355262041092
0.007417566608637571,0.0977972224354744
0.007345076184719801,0.09703923761844635
0.007334500551223755,0.09831057488918304
0.007474708370864391,0.09752748906612396
0.0074589867144823074,0.0986408144235611
0.007469593547284603,0.09740149229764938
0.007650803774595261,0.0968596339225769
0.007712025195360184,0.09855633974075317
0.008075248450040817,0.09726162999868393
0.00791542325168848,0.09726055711507797
0.007438044995069504,0.0972493514418602
0.00741946417838335,0.09712738543748856
0.007537873461842537,0.09966598451137543
0.007619877811521292,0.09891393780708313
0.007513747550547123,0.09715273231267929
0.007543578278273344,0.10001342743635178
0.0076669673435389996,0.09679173678159714
0.007584373001009226,0.09686209261417389
0.007475485093891621,0.09977830201387405
0.007708434015512466,0.09702805429697037
0.007561174221336842,0.09811749309301376
0.007678707130253315,0.10124705731868744
0.007759544067084789,0.0976385846734047
0.007730447221547365,0.09718460589647293
0.007506793364882469,0.09753944724798203
0.007508339360356331,0.09771305322647095
0.007673192769289017,0.09772677719593048
0.007380919996649027,0.09705271571874619
0.007609596010297537,0.09636937826871872
0.007433182094246149,0.09736979752779007
0.007794124074280262,0.09565173089504242
0.007491357158869505,0.09939489513635635
0.007387714460492134,0.09753196686506271
0.00734271015971899,0.0986909568309784
0.00730283185839653,0.09888003766536713
0.007222344167530537,0.09836528450250626
0.007164535578340292,0.0987638458609581
0.007187750190496445,0.0986364334821701
0.0071764858439564705,0.0986098200082779
0.007166367489844561,0.0984974056482315
0.0073813144117593765,0.09847865253686905
0.00745989428833127,0.0981684997677803
0.007378286216408014,0.09861792623996735
0.0072079733945429325,0.0992344543337822
0.007360503543168306,0.09850891679525375
0.007307466585189104,0.09939116984605789
0.007362627424299717,0.09880661964416504
0.0072998348623514175,0.10000169277191162
0.007294683717191219,0.09814117103815079
0.007261242717504501,0.09879614412784576
0.0073004961013793945,0.09771756827831268
0.007282615173608065,0.09958640486001968
0.007172766607254744,0.09712076932191849
0.007393316365778446,0.09810662269592285
0.0074244276620447636,0.09977627545595169
0.007395255379378796,0.09788007289171219
0.007346384692937136,0.09855577349662781
0.007253141142427921,0.09884262084960938
0.007397131994366646,0.09694156795740128
0.007589501794427633,0.09915506839752197
0.007400171365588903,0.0980089083313942
0.007357107009738684,0.09957890212535858
0.007206369191408157,0.09927745908498764
0.007267854642122984,0.09865231812000275
0.007518930826336145,0.09966930747032166
0.007455809041857719,0.09774076193571091
0.007561740931123495,0.09866008907556534
0.007365283090621233,0.09897979348897934
0.007307091727852821,0.0990074872970581
0.0071736727841198444,0.09790679067373276
0.0071485890075564384,0.09933144599199295
0.007180212531238794,0.09812170267105103
0.007121670991182327,0.0994391143321991
0.0071756597608327866,0.09897361695766449
0.007353501860052347,0.09926728159189224
0.007243906147778034,0.097922183573246
0.007215883582830429,0.09836260974407196
0.007131424266844988,0.10005253553390503
0.007096004206687212,0.09854413568973541
0.007207558490335941,0.09833022952079773
0.007175959646701813,0.09904006123542786
0.007120088674128056,0.09903530031442642
0.007148366887122393,0.09834832698106766
0.007188642397522926,0.09885465353727341
0.007388571742922068,0.09934302419424057
0.007422486785799265,0.10014703124761581
0.007523664738982916,0.0991792380809784
0.007545297034084797,0.09806215763092041
0.007351474836468697,0.09840717911720276
0.007398962043225765,0.09950203448534012
0.007229004055261612,0.0982075110077858
0.007178062107414007,0.09793531894683838
0.007205874193459749,0.10075849294662476
0.007663780357688665,0.09824807941913605
0.00754344929009676,0.09838531911373138
0.007578726392239332,0.10155320167541504
0.007635919842869043,0.09999760240316391
0.007751533295959234,0.09719384461641312
0.007681861519813538,0.09885038435459137
0.0074255201034247875,0.09847982972860336
0.007664605043828487,0.0983913466334343
0.0077491202391684055,0.0999533087015152
0.0076137566938996315,0.09973723441362381
0.007411593571305275,0.09849373251199722
0.007135128602385521,0.09977834671735764
0.007093991618603468,0.09776779264211655
0.007219288498163223,0.09983222186565399
0.0073437197133898735,0.09913948178291321
0.007166244555264711,0.09831580519676208
0.007079169154167175,0.10004238039255142
0.007154563441872597,0.09946103394031525
0.007156513165682554,0.09874275326728821
0.00715606939047575,0.09814929217100143
0.007166419178247452,0.09800966084003448
0.007162315305322409,0.0989251434803009
0.007064932957291603,0.09909004718065262
0.007034557405859232,0.09885266423225403
0.007273208349943161,0.09880394488573074
0.007138287182897329,0.09966844320297241
0.0071508632972836494,0.09928993135690689
0.007245986256748438,0.09886928647756577
0.007112302351742983,0.09914027154445648
0.007136003579944372,0.09884706884622574
0.007035334128886461,0.10016240179538727
0.007060010451823473,0.0986395850777626
0.007059487514197826,0.09922633320093155
0.007082987576723099,0.09904958307743073
0.007254338823258877,0.10110630840063095
0.007316297851502895,0.0994148701429367
0.007300704717636108,0.09902121126651764
0.00723296869546175,0.09880758821964264
0.007088261656463146,0.09948815405368805
0.007110169623047113,0.09882321208715439
0.00711206067353487,0.09923257678747177
0.007019468117505312,0.09967537969350815
0.007021931931376457,0.10003044456243515
0.007100557442754507,0.09888031333684921
0.0070760962553322315,0.09812863171100616
0.007120381575077772,0.0995456650853157
0.007138908840715885,0.09914389997720718
0.007157806772738695,0.09984702616930008
0.007026555947959423,0.09932859987020493
0.00701568741351366,0.09933961182832718
0.0070255170576274395,0.09929288923740387
0.0071463631466031075,0.09946262091398239
0.007021337281912565,0.09916765242815018
0.006992437411099672,0.1000085100531578
0.00698826601728797,0.099495068192482
0.007012590765953064,0.09891104698181152
0.007154393009841442,0.10173255950212479
0.00716008897870779,0.10004127025604248
0.007121173664927483,0.09814533591270447
0.007201529107987881,0.09955400228500366
0.007089503575116396,0.09822623431682587
0.007034496869891882,0.10022474825382233
0.00704422639682889,0.09854099154472351
0.007015936076641083,0.0994466096162796
0.006992743816226721,0.09904036670923233
0.0070228879339993,0.10022813826799393
0.007041426375508308,0.09957278519868851
0.007014074828475714,0.10030955076217651
0.006981267593801022,0.09892746806144714
0.006991427857428789,0.09906519204378128
0.006984597537666559,0.09925828874111176
0.007008321583271027,0.10032347589731216
0.006980516482144594,0.09941202402114868
0.007048952393233776,0.09904979914426804
0.007003382779657841,0.10004403442144394
0.007142435759305954,0.09966181218624115
0.007166337221860886,0.09984034299850464
0.0072474246844649315,0.09974215924739838
0.0074036396108567715,0.09853671491146088
0.008755296468734741,0.10245393961668015
0.010713801719248295,0.099601611495018
0.009334287606179714,0.09818462282419205
0.008305085822939873,0.09616955369710922
0.007585724350064993,0.09681221097707748
0.007279396057128906,0.09832710772752762
0.007216929458081722,0.09794259816408157
0.0070909722708165646,0.10025830566883087
0.007003198377788067,0.09967058151960373
0.00693896459415555,0.0992194265127182
0.006931926589459181,0.09904520958662033
0.006951052695512772,0.09839994460344315
0.0068603199906647205,0.09905748814344406
0.006855894811451435,0.0986272394657135
0.00684222299605608,0.09871886670589447
0.006796591449528933,0.09984781593084335
0.006775829941034317,0.09905804693698883
0.006798362825065851,0.09993279725313187
0.006841239053755999,0.09923255443572998
0.006881100125610828,0.09972412884235382
0.006908599752932787,0.09986981004476547
0.006872431840747595,0.10040294378995895
0.006868656259030104,0.10036422312259674
0.007041848264634609,0.10013239830732346
0.007246206048876047,0.1006002277135849
0.007154908962547779,0.10005054622888565
0.006998229306191206,0.10069788247346878
0.006988179869949818,0.09841615706682205
0.006975266151130199,0.10010004788637161
0.0069875940680503845,0.09842394292354584
0.007038780488073826,0.10189308971166611
0.006939942017197609,0.09947329014539719
0.0070872921496629715,0.09986377507448196
0.007023889571428299,0.10091329365968704
0.007158209569752216,0.10257232189178467
0.007414096500724554,0.10071844607591629
0.007158183958381414,0.10271351039409637
0.00714430445805192,0.09984097629785538
0.006944854743778706,0.09983384609222412
0.0069151706993579865,0.09892632067203522
0.007005325518548489,0.09932079166173935
0.007303765043616295,0.1020013615489006
0.0071273441426455975,0.0992194190621376
0.006997815333306789,0.1002763956785202
0.006856550462543964,0.10037007182836533
0.0068431273102760315,0.0997031033039093
0.006842706352472305,0.10020427405834198
0.00681543443351984,0.09971318393945694
0.0067862519063055515,0.10089245438575745
0.006759753450751305,0.09964285790920258
0.0067853769287467,0.10066291689872742
0.006732953246682882,0.09961787611246109
0.006723467726260424,0.1008242666721344
0.006744941230863333,0.0996982678771019
0.006730731576681137,0.10026552528142929
0.006735675968229771,0.10003697872161865
0.006774574983865023,0.10099077224731445
0.006789069157093763,0.09867750853300095
0.006833270657807589,0.10044050216674805
0.006885548587888479,0.09977889060974121
0.006753752939403057,0.10047643631696701
0.0067365411669015884,0.10119811445474625
0.006715505383908749,0.09943069517612457
0.006736644543707371,0.10000889003276825
0.006755916401743889,0.10047747939825058
0.006919640116393566,0.10100717097520828
0.0068922932259738445,0.09914148598909378
0.00697421794757247,0.09951256215572357
0.00698711397126317,0.09962132573127747
0.006888863164931536,0.09919042140245438
0.0068748421035707,0.0996292382478714
0.006988581735640764,0.09915397316217422
0.007403911091387272,0.10127225518226624
0.008046179078519344,0.10122750699520111
0.00750506017357111,0.10277998447418213
0.007235638331621885,0.1003514900803566
0.007045693229883909,0.09974552690982819
0.0070042540319263935,0.1005813404917717
0.0067794364877045155,0.09981667995452881
0.006817026995122433,0.10137803852558136
0.006786505691707134,0.10000163316726685
0.006917556282132864,0.10065019130706787
0.006956917233765125,0.10042686015367508
0.006802694406360388,0.10166885703802109
0.0069407192058861256,0.09966707974672318
0.007205969654023647,0.10027361661195755
0.007059146650135517,0.10185360163450241
0.007113518193364143,0.10034600645303726
0.006995637435466051,0.10024406015872955
0.006865357980132103,0.09997427463531494
0.006799816619604826,0.10075277090072632
0.006749708671122789,0.09977086633443832
0.00666905427351594,0.0999065488576889
0.006641244515776634,0.10028277337551117
0.006667028181254864,0.10090676695108414
0.006670797243714333,0.10071814060211182
0.006693169940263033,0.10087981820106506
0.006741993594914675,0.10039976239204407
0.00673174811527133,0.10135944187641144
0.0067298454232513905,0.0993681326508522
0.006775864865630865,0.10074330866336823
0.006776826456189156,0.10144512355327606
0.006880475208163261,0.0994189977645874
0.006901239510625601,0.0996527150273323
0.007012272719293833,0.0989149659872055
0.007223646622151136,0.10162568837404251
0.006980212405323982,0.09972666203975677
0.006906234659254551,0.10046971589326859
0.006726688239723444,0.10001318156719208
0.006737877614796162,0.10081887990236282
0.006718743592500687,0.09953884035348892
0.006691308692097664,0.10054106265306473
0.006731079425662756,0.09998294711112976
0.006682626903057098,0.09973615407943726
0.006722935009747744,0.10076799243688583
0.006675503682345152,0.10118807107210159
0.006758623756468296,0.10139060020446777
0.006757582537829876,0.10033506155014038
0.006749683991074562,0.10112319886684418
0.006772196386009455,0.10017575323581696
0.006720054894685745,0.10136457532644272
0.0066535621881484985,0.10065479576587677
0.006684483960270882,0.10183414816856384
0.006843005772680044,0.10050605237483978
0.0067846826277673244,0.10010306537151337
0.007100708782672882,0.10221406817436218
0.006996896583586931,0.10285238921642303
0.006867456715553999,0.1002693623304367
0.0068618496879935265,0.1002780869603157
0.006881536915898323,0.10130393505096436
0.006884203292429447,0.10072287917137146
0.006886078044772148,0.10006023198366165
0.006984322797507048,0.10248179733753204
0.006945508997887373,0.10092965513467789
0.006834064610302448,0.10034143924713135
0.006698881275951862,0.10096897929906845
0.006663566920906305,0.10104148834943771
0.006801680661737919,0.09908566623926163
0.006784068886190653,0.10107270628213882
0.00664991931989789,0.099726602435112
0.00662781298160553,0.10029847919940948
0.006670731119811535,0.10051115602254868
0.006656059063971043,0.09940881282091141
0.006680767051875591,0.10249227285385132
0.006786597892642021,0.1000993624329567
0.006965134758502245,0.103476881980896
0.0069748517125844955,0.09996240586042404
0.0067762103863060474,0.10015055537223816
0.006722494959831238,0.10000248998403549
0.006766041275113821,0.0997866541147232
0.00685123773291707,0.09958012402057648
0.006701381877064705,0.10031384974718094
0.006632332690060139,0.10079877078533173
0.006740424316376448,0.10096060484647751
0.006851582322269678,0.10020436346530914
0.006738701835274696,0.09939787536859512
0.006655779667198658,0.10085375607013702
0.006781875621527433,0.10152294486761093
0.006898659281432629,0.10302594304084778
0.006756361573934555,0.10088900476694107
0.006673875730484724,0.10006045550107956
0.006681524217128754,0.1005665585398674
0.00677848793566227,0.10069417208433151
0.006668969057500362,0.10026157647371292
0.006667175330221653,0.10011827945709229
0.006737067364156246,0.10120687633752823
0.006902093067765236,0.10160841047763824
0.006905377376824617,0.10000864416360855
0.006826084107160568,0.10019354522228241
0.0067159561440348625,0.10174350440502167
0.0067673055455088615,0.09996793419122696
0.006947225425392389,0.10118580609560013
0.0069127329625189304,0.1007947102189064
0.006884959992021322,0.10194272547960281
0.006770571228116751,0.10037143528461456
0.006678249221295118,0.10099448263645172
0.006738563999533653,0.10059389472007751
0.006668813060969114,0.10137766599655151
0.006638821214437485,0.09992382675409317
0.006632722914218903,0.09950260818004608
0.006633400917053223,0.10141760110855103
0.006579561159014702,0.09970998018980026
0.006585394032299519,0.10137221962213516
0.006579156033694744,0.10034973919391632
0.006593094207346439,0.10048980265855789
0.0066105579026043415,0.10087022185325623
0.006627997849136591,0.09993384033441544
0.006639703642576933,0.1014346033334732
0.006590024568140507,0.10174564272165298
0.006926262751221657,0.10007816553115845
0.007002186495810747,0.10414564609527588
0.006994408089667559,0.0991281047463417
0.006757307797670364,0.10024838149547577
0.006725333631038666,0.10033576935529709
0.006632615812122822,0.1016499251127243
0.006606461480259895,0.09985660761594772
0.006592808291316032,0.10137125849723816
0.006629047449678183,0.10089749097824097
0.006679040379822254,0.1012510284781456
0.006658837664872408,0.10225841403007507
0.006677416153252125,0.10038402676582336
0.006628133822232485,0.10094817727804184
0.0065931580029428005,0.10115551203489304
0.00658747274428606,0.10168933123350143
0.006597498897463083,0.10188063979148865
0.006582238711416721,0.10132002085447311
0.006562140770256519,0.1019405722618103
0.006498374510556459,0.1013515368103981
0.006538938730955124,0.10038647800683975
0.0065868571400642395,0.10119839012622833
0.006492478307336569,0.10146709531545639
0.006699443329125643,0.10001840442419052
0.006873937789350748,0.10098437964916229
0.006783707533031702,0.09958914667367935
0.006927555426955223,0.10142652690410614
0.006743544712662697,0.10184040665626526
0.00676167756319046,0.10073883086442947
0.006907614413648844,0.10037555545568466
0.006947905290871859,0.10012079030275345
0.0068388041108846664,0.10027114301919937
0.00675945496186614,0.10154460370540619
0.006847884505987167,0.10150890052318573
0.006981138605624437,0.10175735503435135
0.006772116757929325,0.09980819374322891
0.006588414311408997,0.10171254724264145
0.006487929727882147,0.10011385381221771
0.006432794034481049,0.10011538863182068
0.006449969485402107,0.10130060464143753
0.006440734025090933,0.10037548840045929
0.006426351610571146,0.10186029225587845
0.006460885517299175,0.10071438550949097
0.006471614819020033,0.10157594084739685
0.0064198924228549,0.10079219192266464
0.006479304283857346,0.10107787698507309
0.006614197976887226,0.10171714425086975
0.006736835930496454,0.10090775042772293
0.006768577732145786,0.10019848495721817
0.006791116204112768,0.10107158124446869
0.007032298017293215,0.10115982592105865
0.006830551195889711,0.09993807226419449
0.006661385763436556,0.10126538574695587
0.006551193539053202,0.10185231268405914
0.006640011444687843,0.10057333111763
0.006606754846870899,0.1021142527461052
0.006581742782145739,0.10078741610050201
0.006462211720645428,0.10107211023569107
0.0064595830626785755,0.10042909532785416
0.006405503489077091,0.10130540281534195
0.006432537920773029,0.1009550616145134
0.006434889510273933,0.10116618871688843
0.006423650775104761,0.10111229866743088
0.006486640311777592,0.10186127573251724
0.006452887784689665,0.10051606595516205
0.0064432271756231785,0.10122493654489517
0.006414278410375118,0.10188142210245132
0.006367018911987543,0.10116644948720932
0.006359173450618982,0.10160340368747711
0.006366868037730455,0.10045022517442703
0.0063891420140862465,0.10125195235013962
0.006377147976309061,0.10146375000476837
0.006407556589692831,0.10003931820392609
0.006411947775632143,0.10172513127326965
0.006447773426771164,0.10120317339897156
0.006520895753055811,0.10069590061903
0.006483408622443676,0.10041284561157227
0.006448846310377121,0.10218644887208939
0.006448934320360422,0.10080980509519577
0.006502505391836166,0.10265080630779266
0.006583786569535732,0.10183177143335342
0.006512283347547054,0.10144617408514023
0.006534143816679716,0.10044585168361664
0.006554073188453913,0.10082503408193588
0.006476014852523804,0.10119492560625076
0.006466270890086889,0.1014145091176033
0.0064389267936348915,0.10084698349237442
0.0063885231502354145,0.10079962760210037
0.006442115176469088,0.10125432163476944
0.006437597330659628,0.10293836146593094
0.006459165830165148,0.1014186441898346
0.00656534219160676,0.10317131131887436
0.006550222635269165,0.10284493863582611
0.006489497143775225,0.1011166200041771
0.00648694671690464,0.1018315926194191
0.006515223532915115,0.10009132325649261
0.006503307726234198,0.10214120894670486
0.006441859994083643,0.10182308405637741
0.006429023575037718,0.10119111835956573
0.006598183419555426,0.10014220327138901
0.006650769617408514,0.10258831828832626
0.006723742466419935,0.10199395567178726
0.006675995420664549,0.10041831433773041
0.006739374250173569,0.09957274794578552
0.0073898592963814735,0.10108787566423416
0.007453938480466604,0.10146866738796234
0.006962645798921585,0.10176445543766022
0.006793597713112831,0.10121960937976837
0.006639206316322088,0.10181133449077606
0.006639392580837011,0.10085120797157288
0.006459945812821388,0.10086657851934433
0.006350927986204624,0.10043305903673172
0.006324753165245056,0.10089719295501709
0.006331393029540777,0.10130108147859573
0.0063927024602890015,0.10188322514295578
0.006470737513154745,0.10250873863697052
0.006528819911181927,0.1002790778875351
0.006477834656834602,0.1018621027469635
0.006369359325617552,0.10118462145328522
0.006336838472634554,0.10075777024030685
0.006283852271735668,0.10150282084941864
0.006279487628489733,0.10152202844619751
0.006306083872914314,0.10114557296037674
0.006319726351648569,0.10136712342500687
0.006318016909062862,0.1023477092385292
0.0064359428361058235,0.10303065925836563
0.007161950692534447,0.10305462032556534
0.007210092153400183,0.10089107602834702
0.007495708763599396,0.09976997971534729
0.0071401637978851795,0.09929785877466202
0.0069678477011621,0.10040485113859177
0.0065766917541623116,0.1005987897515297
0.006361528765410185,0.10071864724159241
0.0063184467144310474,0.10105608403682709
0.0062646749429404736,0.10102944821119308
0.006252798717468977,0.10088130831718445
0.00628281757235527,0.10064475238323212
0.006321970839053392,0.10157196968793869
0.006261412985622883,0.10104180872440338
0.006259581074118614,0.10074527561664581
0.006380802020430565,0.10056997090578079
0.006506847683340311,0.10223647952079773
0.0064504267647862434,0.10214268416166306
0.006389107555150986,0.10140013694763184
0.006358131766319275,0.10130050778388977
0.006426868494600058,0.10189715772867203
0.006407443434000015,0.10150429606437683
0.006381780840456486,0.10073355585336685
0.006337803788483143,0.10100439935922623
0.00630597211420536,0.10170526802539825
0.006350173614919186,0.1020609587430954
0.006313660182058811,0.10058196634054184
0.006285339128226042,0.10152217745780945
0.006279578432440758,0.10190799087285995
0.006297110579907894,0.10141059756278992
0.00626388331875205,0.10054422169923782
0.006301417015492916,0.10171601176261902
0.0062850285321474075,0.10084593296051025
0.006382627412676811,0.10210291296243668
0.006331280805170536,0.10047020763158798
0.0062775942496955395,0.1014881506562233
0.0063335527665913105,0.10173602402210236
0.006299820728600025,0.10196153074502945
0.006237602327018976,0.10177914798259735
0.006295696832239628,0.10251279920339584
0.006378046236932278,0.1000312939286232
0.0064559453167021275,0.10047188401222229
0.006385172717273235,0.10093483328819275
0.006330885458737612,0.1025380790233612
0.006434435024857521,0.10158170759677887
0.006358545273542404,0.10198059678077698
0.006314392201602459,0.10097652673721313
0.006227306090295315,0.10166832059621811
0.00620298134163022,0.10094567388296127
0.006193258333951235,0.10197094082832336
0.006254442967474461,0.10277426242828369
0.006247508339583874,0.1010831668972969
0.006258320529013872,0.10097348690032959
0.006269316654652357,0.10295898467302322
0.006355657242238522,0.10178953409194946
0.006401375401765108,0.10092669725418091
0.006557068787515163,0.10111390054225922
0.006602481938898563,0.10214776545763016
0.006649820599704981,0.10111767053604126
0.00636909157037735,0.10129615664482117
0.00624211085960269,0.1012534648180008
0.006257533095777035,0.10321547091007233
0.006301260553300381,0.10186038166284561
0.006256619933992624,0.101971335709095
0.006227600853890181,0.10192450881004333
0.006216777954250574,0.10148723423480988
0.006250583101063967,0.10318537056446075
0.006234463769942522,0.10150890052318573
0.0063770911656320095,0.10159698128700256
0.006293097045272589,0.1016346663236618
0.00631761783733964,0.10105762630701065
0.00628628907725215,0.10355199128389359
0.006303686648607254,0.10269489139318466
0.006234395783394575,0.1009034514427185
0.006279682274907827,0.10203346610069275
0.006298723164945841,0.10220880061388016
0.006223548203706741,0.10218749940395355
0.00625202851369977,0.10170333832502365
0.006236813962459564,0.10116282850503922
0.006192488130182028,0.10134639590978622
0.006173762027174234,0.10303622484207153
0.006301151588559151,0.10137001425027847
0.006309280171990395,0.10080666095018387
0.006247119978070259,0.10165964066982269
0.006227110978215933,0.10116980224847794
0.006164731457829475,0.10229536145925522
0.006219048053026199,0.10287798196077347
0.006274756509810686,0.10299509763717651
0.006207561586052179,0.10196605324745178
0.006263953633606434,0.1016446202993393
0.006238446570932865,0.10320855677127838
0.006334738340228796,0.10188494622707367
0.006263295654207468,0.10254739969968796
0.0063271066173911095,0.10236049443483353
0.006364942993968725,0.10150514543056488
0.006182295735925436,0.10206100344657898
0.006175404880195856,0.10187815129756927
0.006143504288047552,0.10119933634996414
0.0061748395673930645,0.1022939532995224
0.00622618617489934,0.10138171166181564
0.006233218125998974,0.10186690837144852
0.006302651949226856,0.10188920050859451
0.006275232881307602,0.1017216220498085
0.006252837833017111,0.10147923231124878
0.006181978154927492,0.10123379528522491
0.006172341760247946,0.10185117274522781
0.006144149694591761,0.10122167319059372
0.006118959281593561,0.10279843956232071
0.006177288014441729,0.10161856561899185
0.006237975787371397,0.10243691504001617
0.006215070374310017,0.10064958035945892
0.006172359921038151,0.10221680253744125
0.006189653184264898,0.10262487828731537
0.0062301368452608585,0.10184671729803085
0.00622978201135993,0.10152939707040787
0.0062583815306425095,0.10274295508861542
0.006405900698155165,0.10345585644245148
0.006325465627014637,0.1010015457868576
0.006316813640296459,0.10215456783771515
0.006300720386207104,0.1005721241235733
0.006200145930051804,0.10124640166759491
0.0062831793911755085,0.10132374614477158
0.006175850052386522,0.10281556844711304
0.0061771865002810955,0.10201017558574677
0.00614053662866354,0.10157611966133118
0.006143841426819563,0.10166050493717194
0.0061902632005512714,0.10153123736381531
0.006218255497515202,0.10292678326368332
0.006151455454528332,0.10034467279911041
0.006174016743898392,0.10199831426143646
0.006187350954860449,0.10173382610082626
0.006116833072155714,0.10126157850027084
0.006188980769366026,0.10112462192773819
0.006320502609014511,0.10280931740999222
0.00626998720690608,0.10080099105834961
0.006421738304197788,0.10266939550638199
0.006692187394946814,0.10226812958717346
0.006602982059121132,0.10019911825656891
0.006440355442464352,0.10229581594467163
0.006403264589607716,0.10119609534740448
0.006222425494343042,0.10183912515640259
0.006102451588958502,0.10166293382644653
0.0060889325104653835,0.1025364026427269
0.006026965565979481,0.10238141566514969
0.006063426844775677,0.10217995941638947
0.0060671656392514706,0.10254952311515808
0.00606252858415246,0.10209907591342926
0.0060455710627138615,0.10149729251861572
0.006021604407578707,0.10132886469364166
0.006073320750147104,0.10288604348897934
0.0060968114994466305,0.10243795067071915
0.006061880849301815,0.10220406949520111
0.006101322825998068,0.10265510529279709
0.00610846932977438,0.10244422405958176
0.006132631562650204,0.10149183869361877
0.00615145405754447,0.10304839164018631
0.006176311522722244,0.10151524841785431
0.006204806733876467,0.10142622143030167
0.006029164884239435,0.10181383788585663
0.0061256480403244495,0.10150368511676788
0.00623002415522933,0.10179278254508972
0.006155814975500107,0.10329722613096237
0.006100653205066919,0.1021362766623497
0.006084338761866093,0.10375254601240158
0.0060605816543102264,0.1018562987446785
0.00601254403591156,0.10164829343557358
0.006082870531827211,0.10189303755760193
0.006030559539794922,0.10125375539064407
0.005995897110551596,0.102399542927742
0.006007459945976734,0.10169651359319687
0.005979321897029877,0.1018601506948471
0.005997327156364918,0.10196683555841446
0.005966972094029188,0.10278337448835373
0.00598561717197299,0.10172451287508011
0.006161552853882313,0.10145854204893112
0.006637862417846918,0.10296504199504852
0.006720329634845257,0.10348900407552719
0.008251517079770565,0.09958666563034058
0.008185211569070816,0.10001031309366226
0.007033991161733866,0.10136518627405167
0.006840720772743225,0.09959961473941803
0.006641505751758814,0.10113073140382767
0.006359960418194532,0.10113947838544846
0.006220958661288023,0.10324864089488983
0.00614557322114706,0.10088449716567993
0.006072473246604204,0.10187441110610962
0.006037316285073757,0.10223323106765747
0.005998524837195873,0.10180357843637466
0.006028667092323303,0.1010453850030899
0.006065341643989086,0.10338211059570312
0.006055129691958427,0.10194692760705948
0.006050464231520891,0.10162463039159775
0.005983331240713596,0.10182255506515503
0.006061405874788761,0.10076654702425003
0.006049932446330786,0.10226892679929733
0.006017983425408602,0.10225532203912735
0.005981079302728176,0.10170057415962219
0.005985957570374012,0.10270599275827408
0.005970715545117855,0.10101673752069473
0.005949667654931545,0.10256315767765045
0.005972291808575392,0.10179696977138519
0.0061645894311368465,0.10106997191905975
0.0061525157652795315,0.10333427786827087
0.0060881744138896465,0.10134375095367432
0.005976013373583555,0.10198584944009781
0.005977168679237366,0.10222645103931427
0.005948415491729975,0.10205315053462982
0.005925436038523912,0.10249344259500504
0.0059585883282125,0.10262782871723175
0.005950782913714647,0.10215713828802109
0.0059318277053534985,0.1020975410938263
0.005887917242944241,0.10188345611095428
0.005896664224565029,0.10274920612573624
0.005885025952011347,0.10220380872488022
0.005912949796766043,0.10293146967887878
0.005913283210247755,0.1021832823753357
0.005922530312091112,0.10246294736862183
0.005918428301811218,0.10149994492530823
0.006002914160490036,0.10438379645347595
0.0059997583739459515,0.10244147479534149
0.006011988967657089,0.10209193080663681
0.006045317742973566,0.10249755531549454
0.006031279917806387,0.10287795215845108
0.006030488293617964,0.10202721506357193
0.006040307693183422,0.10230149328708649
0.006082023493945599,0.10134267061948776
0.006047368980944157,0.10275141149759293
0.006077267229557037,0.1020255908370018
0.006021848879754543,0.10189439356327057
0.005995767656713724,0.10144037008285522
0.005947398953139782,0.10295931994915009
0.006017500068992376,0.10219018906354904
0.0060347639955580235,0.10238873213529587
0.0060174111276865005,0.10176194459199905
0.005993302445858717,0.10237044841051102
0.005981954280287027,0.10281496495008469
0.005996365565806627,0.10252562910318375
0.005969722289592028,0.10270018130540848
0.005928408354520798,0.10250269621610641
0.006050193216651678,0.10184735804796219
0.006160922348499298,0.10372886061668396
0.006043079309165478,0.10240738838911057
0.0060070594772696495,0.1033887267112732
0.005974585190415382,0.10140319913625717
0.005944877862930298,0.10193535685539246
0.006018304266035557,0.10233984142541885
0.006018456537276506,0.10209061950445175
0.005995765794068575,0.10198974609375
0.005966173019260168,0.10172037780284882
0.006084059830754995,0.10151724517345428
0.006023576948791742,0.10210543870925903
0.0059370542876422405,0.10102464258670807
0.005909082479774952,0.10271749645471573
0.005901630502194166,0.10146093368530273
0.00589647376909852,0.1040443703532219
0.005929407197982073,0.10072704404592514
0.006145583465695381,0.10155374556779861
0.006030761171132326,0.10296505689620972
0.006085360422730446,0.10323120653629303
0.006006914656609297,0.103021539747715
0.006038703490048647,0.10125873237848282
0.005943236872553825,0.10325249284505844
0.0059385825879871845,0.10243488103151321
0.0059687234461307526,0.10303238034248352
0.005940015893429518,0.10264302790164948
0.005900054704397917,0.10153044760227203
0.005850382149219513,0.102861188352108
0.005838996730744839,0.10253027081489563
0.005858263466507196,0.10254468023777008
0.005868558306246996,0.10301068425178528
0.0059071616269648075,0.10304368287324905
0.005925945471972227,0.10254226624965668
0.005904907826334238,0.1023772731423378
0.005911970976740122,0.10400153696537018
0.0058740125969052315,0.10202699899673462
0.005897558759897947,0.10337875783443451
0.00593583844602108,0.10209745168685913
0.0059594037011265755,0.10164504498243332
0.00589678343385458,0.10241188853979111
0.006168305408209562,0.1025102287530899
0.006133825983852148,0.10226532071828842
0.006049768533557653,0.10304979979991913
0.005989743396639824,0.10324655473232269
0.006026706658303738,0.10148919373750687
0.006026179529726505,0.10282593220472336
0.005961515475064516,0.10332977771759033
0.005965318530797958,0.10271482169628143
0.005969499237835407,0.10186322778463364
0.005921411328017712,0.1019509881734848
0.006016427185386419,0.10375450551509857
0.005980241112411022,0.10279253870248795
0.005963181611150503,0.10142426937818527
0.005913951899856329,0.10170258581638336
0.0058848075568675995,0.10113415867090225
0.005900939926505089,0.10216936469078064
0.00596228800714016,0.10246779024600983
0.005967000965029001,0.10095446556806564
0.005965038202702999,0.10263116657733917
0.005917876958847046,0.10175632685422897
0.005939014721661806,0.10094355046749115
0.005861766170710325,0.10249398648738861
0.0058035594411194324,0.10214737057685852
0.005805043037980795,0.10182242095470428
0.005756210535764694,0.10232456773519516
0.005779007449746132,0.10232005268335342
0.005802558269351721,0.10094864666461945
0.005777993239462376,0.10232147574424744
0.005792863201349974,0.10173218697309494
0.005793598480522633,0.10253112018108368
0.005884059704840183,0.10258179157972336
0.005866231396794319,0.10357576608657837
0.005882954224944115,0.10292287170886993
0.006000593304634094,0.10129797458648682
0.00598449120298028,0.10241128504276276
0.005978917237371206,0.10181470215320587
0.005931844934821129,0.10103970766067505
0.005880824290215969,0.1032913401722908
0.005952346604317427,0.10275225341320038
0.0059841289184987545,0.10200358182191849
0.005917558912187815,0.10114222019910812
0.005984058603644371,0.10155070573091507
0.006056904327124357,0.10251271724700928
0.00614719744771719,0.10302793234586716
0.006047886796295643,0.10270917415618896
0.005859776400029659,0.10340596735477448
0.005847439169883728,0.10238311439752579
0.005871022120118141,0.10248032212257385
0.006012215279042721,0.1007462814450264
0.005934927612543106,0.10260198265314102
0.006181296426802874,0.10459808260202408
0.006061963737010956,0.10191947966814041
0.006012962199747562,0.10362427681684494
0.0058951121754944324,0.1025017723441124
0.0059075853787362576,0.1019313633441925
0.005849622189998627,0.10268845409154892
0.005792149808257818,0.1015949621796608
0.005765092559158802,0.10247802734375
0.005751410499215126,0.1024380549788475
0.005757838487625122,0.10201958566904068
0.005772015545517206,0.10166746377944946
0.005750358570367098,0.10216331481933594
0.0057827471755445,0.10335583984851837
0.005789903458207846,0.10188108682632446
0.005805219989269972,0.10259746760129929
0.005795231554657221,0.10347193479537964
0.005838395562022924,0.10160678625106812
0.005834403447806835,0.10314425826072693
0.0058163669891655445,0.10175908356904984
0.0058540296740829945,0.10287709534168243
0.0058887857012450695,0.10188201814889908
0.005879316013306379,0.10248036682605743
0.00593463983386755,0.10128770768642426
0.00592937832698226,0.10193846374750137
0.006030766759067774,0.10358119755983353
0.00600926810875535,0.10167157649993896
0.006057970691472292,0.10374496132135391
0.0060009583830833435,0.1026359274983406
0.005896818824112415,0.10137694329023361
0.005821400322020054,0.10320495069026947
0.00586959021165967,0.10237602144479752
0.005919390358030796,0.10244584083557129
0.0058767180889844894,0.10180620849132538
0.005799757782369852,0.10173069685697556
0.0057542999275028706,0.10290421545505524
0.0057198903523385525,0.10274960100650787
0.0056942543014883995,0.10185647755861282
0.005688874516636133,0.10314980149269104
0.0057163480669260025,0.10324732214212418
0.005708243697881699,0.10329386591911316
0.005730925593525171,0.10158704966306686
0.005750589072704315,0.10372216999530792
0.005746746435761452,0.10137630254030228
0.005728402640670538,0.1015947088599205
0.005772755015641451,0.10293500125408173
0.005967657081782818,0.10139546543359756
0.006096346769481897,0.10146290063858032
0.006120176985859871,0.10167348384857178
0.006132807116955519,0.10207903385162354
0.006189099047333002,0.103394515812397
0.006131735164672136,0.10296916216611862
0.005942353513091803,0.10224974155426025
0.005887169390916824,0.10224273800849915
0.005840035621076822,0.10267168283462524
0.005790905561298132,0.10202329605817795
0.005795858334749937,0.10377717763185501
0.005731622688472271,0.10216132551431656
0.005694933235645294,0.10283289849758148
0.0057529183104634285,0.10169059783220291
0.0057992106303572655,0.1019861027598381
0.005792067386209965,0.10239831358194351
0.005751634016633034,0.10249067097902298
0.005694323685020208,0.10228023678064346
0.005666746292263269,0.10255646705627441
0.005683389026671648,0.10242094099521637
0.005704429931938648,0.10160746425390244
0.005678451154381037,0.102351114153862
0.005700996145606041,0.10278987139463425
0.005719052627682686,0.10241051763296127
0.005794684402644634,0.10280917584896088
0.0057791187427937984,0.10261798650026321
0.005809935741126537,0.10278260707855225
0.005769816692918539,0.10099829733371735
0.0057603525929152966,0.10267908871173859
0.005761829670518637,0.10319285094738007
0.005758826620876789,0.1030653640627861
0.005773614160716534,0.10120170563459396
0.005992444232106209,0.10204275697469711
0.005880639422684908,0.10290602594614029
0.005856065079569817,0.1024615466594696
0.00577956810593605,0.10256412625312805
0.005724673625081778,0.10195247083902359
0.005798075348138809,0.10181670635938644
0.005853160750120878,0.10254910588264465
0.005775939207524061,0.10156335681676865
0.005750104319304228,0.10335130989551544
0.0057862368412315845,0.1022183895111084
0.005785897374153137,0.10216107219457626
0.005704978480935097,0.10205449163913727
0.005737893749028444,0.10123539716005325
0.005932099651545286,0.10273538529872894
0.006016039289534092,0.10177772492170334
0.0060612475499510765,0.1025473102927208
0.006125423591583967,0.10506042838096619
0.0062087965197861195,0.103128582239151
0.006316632963716984,0.10053935647010803
0.0063474467024207115,0.1000407263636589
0.006247139070183039,0.10256780683994293
0.006026253569871187,0.10120096057653427
0.005830663256347179,0.10189753770828247
0.005736591760069132,0.10199665278196335
0.005721982568502426,0.1021202802658081
0.005716035608202219,0.10267794877290726
0.005655180662870407,0.10313794761896133
0.005630600266158581,0.10192465782165527
0.0056047597900033,0.1018461287021637
0.0056280167773365974,0.10248693078756332
0.0056507401168346405,0.10195252299308777
0.005629290360957384,0.10236645489931107
0.005625569727271795,0.10174501687288284
0.005591169465333223,0.10179107636213303
0.005612579640001059,0.1021680235862732
0.005624550394713879,0.10287216305732727
0.0056363679468631744,0.10251282155513763
0.005615726113319397,0.10225710272789001
0.005608577746897936,0.10186801105737686
0.005642510484904051,0.10349611937999725
0.00563330203294754,0.10357031971216202
0.005654826760292053,0.10198788344860077
0.0056882575154304504,0.10289273411035538
0.005745530128479004,0.10227098315954208
0.005754954647272825,0.1026594415307045
0.005768941715359688,0.10198944061994553
0.005691033788025379,0.1027597039937973
0.005718001164495945,0.10244626551866531
0.005699578672647476,0.10166887193918228
0.0056496053002774715,0.1025213971734047
0.0056227114982903,0.10205493122339249
0.005613165441900492,0.10242518782615662
0.005589582957327366,0.10225638747215271
0.005597126670181751,0.10266983509063721
0.0056251781061291695,0.10309881716966629
0.005725969094783068,0.10301762819290161
0.005718262400478125,0.10308541357517242
0.005642229225486517,0.10312756150960922
0.00562297971919179,0.10302131623029709
0.00563428457826376,0.10243657231330872
0.005641672760248184,0.10410360991954803
0.005626213736832142,0.10350512713193893
0.005597202107310295,0.10241016745567322
0.0056412057019770145,0.10211152583360672
0.005721719935536385,0.10233637690544128
0.005670475773513317,0.10313913226127625
0.0056174020282924175,0.1020195335149765
0.005604932084679604,0.10295041650533676
0.005611330270767212,0.10327333211898804
0.005626223981380463,0.10264674574136734
0.005629952996969223,0.10253162682056427
0.005603446159511805,0.10338014364242554
0.005596281960606575,0.10202637314796448
0.00565848546102643,0.10408199578523636
0.005765840411186218,0.10259227454662323
0.005821335129439831,0.10255689173936844
0.005779227241873741,0.10328816622495651
0.005733401048928499,0.10296223312616348
0.005675308872014284,0.10204251855611801
0.005614733323454857,0.10202272236347198
0.005648353137075901,0.10156359523534775
0.005642381496727467,0.10222125798463821
0.005638310685753822,0.10255515575408936
0.005594106391072273,0.10114580392837524
0.0056110261939466,0.10326578468084335
0.005690561141818762,0.10289628058671951
0.005778890568763018,0.10100767761468887
0.005886957049369812,0.10204064846038818
0.005796113051474094,0.10298033803701401
0.006064917892217636,0.10388010740280151
0.006307529751211405,0.10061241686344147
0.0061831995844841,0.10428726673126221
0.005968695040792227,0.10160761326551437
0.005742968991398811,0.10195620357990265
0.005684061907231808,0.10275401920080185
0.00560583034530282,0.1014091819524765
0.0055701290257275105,0.10200158506631851
0.005536921322345734,0.10214874148368835
0.005522255785763264,0.10213837027549744
0.005540402606129646,0.10213065147399902
0.005532235838472843,0.10217935591936111
0.005522435065358877,0.10177289694547653
0.005525084678083658,0.10150492936372757
0.005516701377928257,0.10259884595870972
0.005530377384275198,0.10253123193979263
0.00551203079521656,0.10364221036434174
0.005535902455449104,0.10179043561220169
0.005521460436284542,0.10290564596652985
0.005555460229516029,0.10226639360189438
0.005536406766623259,0.10239748656749725
0.005573056638240814,0.10214998573064804
0.005536995362490416,0.10284119099378586
0.005544152110815048,0.10270629823207855
0.0055202823132276535,0.10316552966833115
0.00554183404892683,0.10231537371873856
0.005554563365876675,0.10321832448244095
0.005583745893090963,0.102338045835495
0.005573759321123362,0.10266067087650299
0.005544776096940041,0.10266628116369247
0.005563698243349791,0.10206417739391327
0.005584913305938244,0.10259520262479782
0.005743868183344603,0.1037946417927742
0.005779700819402933,0.10228044539690018
0.005784797482192516,0.10247565805912018
0.005973808467388153,0.10208438336849213
0.0071441191248595715,0.10523559898138046
0.0071888272650539875,0.1012401208281517
0.00630784360691905,0.1015055701136589
0.005928174592554569,0.10177882015705109
0.005793979857116938,0.10274744778871536
0.0056339772418141365,0.10251462459564209
0.005575956776738167,0.10268060117959976
0.005619101691991091,0.1024865061044693
0.005573364906013012,0.10183043032884598
0.0055420612916350365,0.10304796695709229
0.005521903745830059,0.1024884581565857
0.005513743031769991,0.1026274636387825
0.005472120363265276,0.102577343583107
0.005470373667776585,0.10231337696313858
0.005518484394997358,0.102566197514534
0.005499604623764753,0.10186725854873657
0.005481619853526354,0.10227232426404953
0.005461039021611214,0.10300162434577942
0.005476640537381172,0.10194318741559982
0.005455905105918646,0.10322237759828568
0.005450703203678131,0.10230214148759842
0.0054587493650615215,0.10275225341320038
0.005466443486511707,0.10255765169858932
0.005504980683326721,0.10233050584793091
0.005504653789103031,0.10229533910751343
0.005503083113580942,0.102749764919281
0.005501956678926945,0.10241025686264038
0.0054605817422270775,0.10192748159170151
0.005460227373987436,0.10308190435171127
0.005459725856781006,0.10248018056154251
0.005478910636156797,0.10337105393409729
0.0055580418556928635,0.10282056778669357
0.005501200444996357,0.10339260846376419
0.005495513789355755,0.10255166888237
0.005519519560039043,0.1027948260307312
0.005553405731916428,0.10281161963939667
0.005498040467500687,0.10242629051208496
0.005522328894585371,0.10334714502096176
0.005458518862724304,0.10281931608915329
0.005450571421533823,0.10243654251098633
0.005483814515173435,0.10215320438146591
0.005523936357349157,0.10299278795719147
0.0055600726045668125,0.10249508917331696
0.0056051756255328655,0.10146518051624298
0.00555801298469305,0.10252251476049423
0.005608052480965853,0.10314756631851196
0.0057534086517989635,0.10250097513198853
0.006194552406668663,0.1037655770778656
0.006169840227812529,0.10286962985992432
0.0060289883986115456,0.10127589851617813
0.005797889549285173,0.10179157555103302
0.005626005586236715,0.10215666890144348
0.005586108658462763,0.10244763642549515
0.005520054139196873,0.10307000577449799
0.00548273092135787,0.10279030352830887
0.005434101447463036,0.1024341732263565
0.005430877208709717,0.10268983244895935
0.005480599589645863,0.10424267500638962
0.005480185616761446,0.1026669442653656
0.005458036437630653,0.10278044641017914
0.005429122596979141,0.10279195755720139
0.005425652489066124,0.10310602933168411
0.0054238466545939445,0.10309063643217087
0.0054253325797617435,0.10209605097770691
0.005466210190206766,0.10316618531942368
0.005442091729491949,0.10353565961122513
0.005433911457657814,0.10193320363759995
0.0054801590740680695,0.10348589718341827
0.005480685271322727,0.10263427346944809
0.0054961517453193665,0.10210182517766953
0.005489190109074116,0.10352134704589844
0.005511242896318436,0.10227390378713608
0.005473495926707983,0.10306253284215927
0.005494030192494392,0.1021142452955246
0.0054383953101933,0.10229998081922531
0.005420753266662359,0.1033095195889473
0.005439965520054102,0.10274216532707214
0.0054505555890500546,0.10279940813779831
0.005438060965389013,0.10261373966932297
0.005548240151256323,0.10311734676361084
0.005888218991458416,0.10425275564193726
0.005937902256846428,0.1024162620306015
0.006077564787119627,0.10234111547470093
0.006306026596575975,0.10073059052228928
0.005951446946710348,0.10194583982229233
0.0060712071135640144,0.10146721452474594
0.005718160420656204,0.10244784504175186
0.005682805553078651,0.10269241780042648
0.005618571769446135,0.10201871395111084
0.005487683694809675,0.1029476523399353
0.005436706822365522,0.10144244879484177
0.005419416353106499,0.10226352512836456
0.00540933245792985,0.10271388292312622
0.005410897079855204,0.10240921378135681
0.005436434410512447,0.10211092233657837
0.005445543676614761,0.10347990691661835
0.005435214843600988,0.10235529392957687
0.005434220191091299,0.10281727463006973
0.005431174300611019,0.10294162482023239
0.005437064450234175,0.10277488827705383
0.005432341247797012,0.10301636159420013
0.005432299803942442,0.1030561774969101
0.005516067147254944,0.10258008539676666
0.005450281780213118,0.10348102450370789
0.005456259474158287,0.10237941890954971
0.0054532261565327644,0.1025952696800232
0.005439112428575754,0.10215971618890762
0.005464321933686733,0.10355721414089203
0.005476458929479122,0.10367657244205475
0.00548221729695797,0.10250319540500641
0.005460549145936966,0.10287484526634216
0.005395039450377226,0.10212592035531998
0.005414848681539297,0.10291345417499542
0.005443628877401352,0.10182458907365799
0.005416175816208124,0.10415660589933395
0.005428486503660679,0.10213163495063782
0.005429805256426334,0.10274011641740799
0.0054282513447105885,0.10211935639381409
0.005399391055107117,0.10286346822977066
0.0053740376606583595,0.1028895154595375
0.0053778477013111115,0.10199202597141266
0.005389852449297905,0.1031290665268898
0.005413066130131483,0.10277160257101059
0.005408830940723419,0.10211644321680069
0.0054171327501535416,0.10279056429862976
0.005427344236522913,0.10253053903579712
0.005352861247956753,0.10184737294912338
0.005388395395129919,0.10266577452421188
0.005386186297982931,0.10247217118740082
0.005384654738008976,0.10314766317605972
0.005391367245465517,0.10238629579544067
0.005562162958085537,0.1034478172659874
0.005535629577934742,0.10204678773880005
0.005517659708857536,0.10426291823387146
0.005455061327666044,0.10202817618846893
0.005418488290160894,0.10292373597621918
0.005420737434178591,0.10265210270881653
0.005528099834918976,0.10271903872489929
0.005607185885310173,0.10290363430976868
0.0055663674138486385,0.10307781398296356
0.005502535030245781,0.10273486375808716
0.005489205941557884,0.1026502326130867
0.005422553513199091,0.10285650938749313
0.0053654867224395275,0.1022033542394638
0.005330761428922415,0.10282071679830551
0.005383452400565147,0.10382356494665146
0.005468705669045448,0.10293254256248474
0.005457576829940081,0.10347002744674683
0.0055110701359808445,0.10324815660715103
0.0055135334841907024,0.10434138029813766
0.005624672397971153,0.10195421427488327
0.005508064292371273,0.10296797752380371
0.005436998791992664,0.10236787796020508
0.005383208394050598,0.10204698145389557
0.005369814578443766,0.10221924632787704
0.005365620367228985,0.10316145420074463
0.005427381955087185,0.1029670313000679
0.005435816943645477,0.10260049253702164
0.005432437174022198,0.10250529646873474
0.0053637041710317135,0.10325852781534195
0.005348068196326494,0.10342738032341003
0.005359592381864786,0.10284491628408432
0.005331601947546005,0.10266482084989548
0.0053161936812102795,0.10230294615030289
0.005326516460627317,0.10322820395231247
0.005349378101527691,0.10292062163352966
0.005333387292921543,0.10300269722938538
0.005494982935488224,0.10295452922582626
0.005459223873913288,0.10260169208049774
0.00541417533531785,0.10373315215110779
0.005387663375586271,0.10310771316289902
0.00541552621871233,0.10361596196889877
0.0054243505001068115,0.10234145075082779
0.005400245077908039,0.103531613945961
0.005386416334658861,0.10206318646669388
0.005384400021284819,0.10203760117292404
0.005323001649230719,0.10276734828948975
0.00540183437988162,0.10310129821300507
0.005395408719778061,0.102596715092659
0.005402372684329748,0.1030445247888565
0.005406658630818129,0.10284024477005005
0.005427798256278038,0.10301263630390167
0.00535387871786952,0.10352377593517303
0.005409684032201767,0.10166269540786743
0.005424463655799627,0.10148228704929352
0.0054785641841590405,0.10425970703363419
0.00556804658845067,0.10334701091051102
0.0055649178102612495,0.10240648686885834
0.005564863793551922,0.10334271937608719
0.00570468557998538,0.1037503182888031
0.005779815837740898,0.10411481559276581
0.005700979847460985,0.10206591337919235
0.005734401289373636,0.10340971499681473
0.005649748258292675,0.1024908721446991
0.005476166028529406,0.10280323773622513
0.005456564947962761,0.10237878561019897
0.005369552411139011,0.10207821428775787
0.005334014073014259,0.10309983789920807
0.0053073265589773655,0.10208121687173843
0.005326453130692244,0.10243652015924454
0.005365943070501089,0.10301274061203003
0.005345647223293781,0.10283636301755905
0.005346306599676609,0.1032739207148552
0.005295783281326294,0.10234015434980392
0.005306330509483814,0.10255155712366104
0.005303480196744204,0.10276493430137634
0.00527964299544692,0.10254012048244476
0.0053118327632546425,0.10239234566688538
0.005363849923014641,0.10260973870754242
0.005389265716075897,0.10414844751358032
0.005374242551624775,0.10330402106046677
0.00531271006911993,0.103093221783638
0.00529508525505662,0.10292284935712814
0.005318173207342625,0.10160928219556808
0.0053281704895198345,0.10228072106838226
0.00530795706436038,0.10313718020915985
0.005284019745886326,0.1034267321228981
0.005259176716208458,0.10249591618776321
0.005278470925986767,0.10304521769285202
0.0052496385760605335,0.10261104255914688
0.005242783110588789,0.10308340191841125
0.005306466016918421,0.10351310670375824
0.005322144832462072,0.10362705588340759
0.005286406259983778,0.10348007082939148
0.005294788628816605,0.10334888100624084
0.005294689908623695,0.10292983055114746
0.0052946084178984165,0.10237637162208557
0.00529433460906148,0.10352084040641785
0.005331892985850573,0.10226723551750183
0.005410503130406141,0.10256609320640564
0.005435121711343527,0.10325668007135391
0.005384558811783791,0.10327040404081345
0.00537396315485239,0.10213392227888107
0.00530270766466856,0.10306428372859955
0.005293726921081543,0.10345125198364258
0.005414533894509077,0.10277730971574783
0.005434558726847172,0.10259468108415604
0.005463275592774153,0.1026197150349617
0.00559915229678154,0.10318747162818909
0.005809412803500891,0.10441841185092926
0.005821386352181435,0.10080692917108536
0.005841662175953388,0.10267791152000427
0.005601832177489996,0.10296864807605743
0.0055071148090064526,0.10333824157714844
0.005369139835238457,0.10180641710758209
0.005314754322171211,0.10256751626729965
0.005273801740258932,0.10227452963590622
0.005282900761812925,0.10297106951475143
0.005279282573610544,0.10245762020349503
0.005260196048766375,0.10240156203508377
0.005272505339235067,0.10250983387231827
0.005241739563643932,0.1031075119972229
0.005221906118094921,0.10234517604112625
0.005218778271228075,0.10305935144424438
0.005232915747910738,0.10283178836107254
0.005236654542386532,0.10293123126029968
0.005239247344434261,0.10270417481660843
0.005219516810029745,0.10241454094648361
0.005229620728641748,0.10346004366874695
0.005231849383562803,0.10293249785900116
0.005271200556308031,0.10326098650693893
0.005290117580443621,0.10402952879667282
0.005373622756451368,0.10500204563140869
0.0053211781196296215,0.10281078517436981
0.005292400252074003,0.10311466455459595
0.005272493697702885,0.10322997719049454
0.0052441200241446495,0.10259722173213959
0.005256254225969315,0.10254170000553131
0.005304291378706694,0.10334530472755432
0.005272854585200548,0.10265964269638062
0.005261282902210951,0.10258755832910538
0.005251334048807621,0.10329708456993103
0.00526438420638442,0.1029011532664299
0.0052753412164747715,0.1039545089006424
0.005313544068485498,0.10357661545276642
0.005264888517558575,0.1029534786939621
0.005244117230176926,0.10341142117977142
0.005274804774671793,0.10385158658027649
0.005303333979099989,0.10335990786552429
0.00533924950286746,0.1019030213356018
0.005382607225328684,0.10400934517383575
0.005347453057765961,0.10337010025978088
0.005251941736787558,0.10269387066364288
0.005253084935247898,0.10245616734027863
0.005253566429018974,0.10308780521154404
0.0052372757345438,0.10292473435401917
0.005274523515254259,0.10225518047809601
0.005283307284116745,0.1036653146147728
0.005254508927464485,0.10326175391674042
0.005252940114587545,0.10447730123996735
0.005236639641225338,0.10240302234888077
0.005254955030977726,0.10301841795444489
0.005244401749223471,0.10298774391412735
0.005265447311103344,0.10301069915294647
0.0052313292399048805,0.10240655392408371
0.005253995303064585,0.10403122007846832
0.005304547958076,0.1027720496058464
0.005280670244246721,0.10281698405742645
0.0052637699991464615,0.10297053307294846
0.005258886609226465,0.10295674949884415
0.005239240359514952,0.1029946506023407
0.005218902602791786,0.10317417234182358
0.005276086274534464,0.10434823483228683
0.0056213815696537495,0.10144117474555969
0.0058392551727592945,0.10473794490098953
0.005976551678031683,0.10379359871149063
0.005795938894152641,0.10178527235984802
0.005669175181537867,0.10297366976737976
0.005532274022698402,0.10242760926485062
0.005383596755564213,0.10241609066724777
0.005339762661606073,0.10217112302780151
0.005257696844637394,0.10154092311859131
0.005263452418148518,0.10332860052585602
0.005213683005422354,0.1027522087097168
0.005233596544712782,0.10343604534864426
0.005228256341069937,0.10245689749717712
0.005203317850828171,0.10233813524246216
0.00520890299230814,0.10248655825853348
0.005179242696613073,0.10309580713510513
0.005158992484211922,0.10280968248844147
0.005158159416168928,0.10323956608772278
0.005167480558156967,0.10295852273702621
0.005183161702007055,0.10329882055521011
0.005160713102668524,0.10286629945039749
0.005176556296646595,0.10366247594356537
0.005212405696511269,0.1026725322008133
0.005195298232138157,0.10300704836845398
0.005164510104805231,0.10320979356765747
0.005173383746296167,0.10253309458494186
0.0051712957210838795,0.10297293215990067
0.005159348249435425,0.10289185494184494
0.0051987050101161,0.102570079267025
0.005161264445632696,0.1030614823102951
0.005182058084756136,0.10304256528615952
0.0051759579218924046,0.10327810049057007
0.005188841838389635,0.10320018231868744
0.005246045533567667,0.10305212438106537
0.005339006427675486,0.10260246694087982
0.005348355043679476,0.10485975444316864
0.005402742885053158,0.10207680612802505
0.005266176071017981,0.1033797487616539
0.005217267200350761,0.10302919149398804
0.005248330999165773,0.10288700461387634
0.005294647999107838,0.10269149392843246
0.00538714649155736,0.10344882309436798
0.005432662554085255,0.1035478264093399
0.005414201412349939,0.10331230610609055
0.005549376830458641,0.10204865038394928
0.005569757428020239,0.10225936770439148
0.005437065847218037,0.10172245651483536
0.0053105284459888935,0.10401996970176697
0.005235475953668356,0.10396641492843628
0.005243482068181038,0.1032450720667839
0.00527995266020298,0.10382582247257233
0.005266003310680389,0.10323774069547653
0.005209675058722496,0.1033046618103981
0.0051795500330626965,0.10262289643287659
0.005187973380088806,0.10383296757936478
0.005172796081751585,0.10368789732456207
0.005142515059560537,0.10312825441360474
0.005125298164784908,0.10327461361885071
0.005122880917042494,0.10362765192985535
0.005149637348949909,0.10313595831394196
0.005164886359125376,0.10282408446073532
0.005173053126782179,0.1038384959101677
0.005180648062378168,0.10288672149181366
0.005150277633219957,0.10265655070543289
0.005126774776726961,0.10274308919906616
0.00513757299631834,0.10318740457296371
0.005140117835253477,0.10317794233560562
0.005135589279234409,0.10261755436658859
0.005131462588906288,0.10335247218608856
0.005167281720787287,0.10294359922409058
0.005150197073817253,0.10323411971330643
0.0051417420618236065,0.10300811380147934
0.00513908825814724,0.10322178155183792
0.00514589948579669,0.10351089388132095
0.005210572388023138,0.10406268388032913
0.005177247803658247,0.10242852568626404
0.005221102386713028,0.10270922631025314
0.005206027068197727,0.10356160253286362
0.005169749725610018,0.10369717329740524
0.005180728156119585,0.10300234705209732
0.0051437909714877605,0.10283298790454865
0.005128322634845972,0.10337799042463303
0.005143427290022373,0.10268854349851608
0.005211876705288887,0.10232329368591309
0.005190350115299225,0.10240046679973602
0.005251259543001652,0.10396463423967361
0.0051946332678198814,0.10414522141218185
0.005243753083050251,0.10181695967912674
0.005369275342673063,0.10246272385120392
0.005357256159186363,0.10319057106971741
0.005300614051520824,0.102878637611866
0.005270368419587612,0.103162981569767
0.005261080339550972,0.10321297496557236
0.005195737350732088,0.10309767723083496
0.00519552081823349,0.10293731093406677
0.005199928302317858,0.10328289121389389
0.0051711732521653175,0.10317401587963104
0.00515656778588891,0.10282910615205765
0.00519985007122159,0.1031537801027298
0.005171481985598803,0.1044609472155571
0.005181024316698313,0.1022339016199112
0.005227293353527784,0.10501392185688019
0.005296309478580952,0.10400070250034332
0.005258876830339432,0.10419520735740662
0.005241585895419121,0.10353969037532806
0.005192264448851347,0.10272105038166046
0.005193967837840319,0.10385991632938385
0.005163074936717749,0.10342961549758911
0.005207925569266081,0.10279637575149536
0.005252182949334383,0.10365746915340424
0.005218423902988434,0.10362919420003891
0.00514644430950284,0.10377980768680573
0.005155032966285944,0.10406965017318726
0.0051274592988193035,0.10262886434793472
0.005120132118463516,0.10367922484874725
0.005117501597851515,0.10410191118717194
0.005092729814350605,0.10388602316379547
0.00509867025539279,0.10339091718196869
0.005081008654087782,0.10290387272834778
0.005114532075822353,0.10300346463918686
0.005098657216876745,0.10389481484889984
0.005109873600304127,0.10301098972558975
0.005127230193465948,0.10393083840608597
0.005116398446261883,0.1031653955578804
0.005133246537297964,0.10335509479045868
0.0051163737662136555,0.10342814773321152
0.005090609192848206,0.10320654511451721
0.005083582364022732,0.10328863561153412
0.0050844792276620865,0.103780597448349
0.005110220983624458,0.10384489595890045
0.005171928554773331,0.10411598533391953
0.005224251188337803,0.10445092618465424
0.005276476964354515,0.10312994569540024
0.005244723986834288,0.1045352891087532
0.005245757754892111,0.10287380963563919
0.005241394974291325,0.10367866605520248
0.005205588880926371,0.1032215878367424
0.00512101873755455,0.10396713763475418
0.005084291100502014,0.10345704853534698
0.0050760917365550995,0.10297008603811264
0.005108645185828209,0.10349147021770477
0.005068895872682333,0.1037461906671524
0.005090163554996252,0.10315907746553421
0.005071800202131271,0.1036936417222023
0.005121429916471243,0.1035388708114624
0.005151168908923864,0.10392607748508453
0.00515931099653244,0.10337965190410614
0.005149605218321085,0.10392151772975922
0.005311808083206415,0.10228251665830612
0.0053879739716649055,0.10578879714012146
0.005593433044850826,0.10450287908315659
0.005264399107545614,0.1033327579498291
0.005208494141697884,0.10308132320642471
0.005140387918800116,0.10364803671836853
0.005112198647111654,0.10420604795217514
0.005093690939247608,0.103054478764534
0.005102474242448807,0.10342556983232498
0.005106661468744278,0.10418932884931564
0.0050914958119392395,0.10333564877510071
0.0051038325764238834,0.1031952053308487
0.005112122278660536,0.10275737941265106
0.005088967736810446,0.10362005233764648
0.005067705176770687,0.10306930541992188
0.0051061115227639675,0.10274932533502579
0.0051992107182741165,0.10544455051422119
0.0052254172042012215,0.10242228209972382
0.005149001255631447,0.10344941169023514
0.005102531518787146,0.10368610918521881
0.005081315990537405,0.1035190224647522
0.005106402561068535,0.10267817229032516
0.005152090918272734,0.10337290912866592
0.005129177123308182,0.10357128828763962
0.005111793056130409,0.10323642194271088
0.005106776021420956,0.10340892523527145
0.00527587765827775,0.10325796157121658
0.005202248226851225,0.10299928486347198
0.005176893435418606,0.10427732020616531
0.005153772421181202,0.1024240106344223
0.005096768494695425,0.1028188019990921
0.0051233116537332535,0.10368790477514267
0.005100054666399956,0.1031653955578804
0.005092046223580837,0.10305169969797134
0.005091797094792128,0.10249841213226318
0.005110707134008408,0.1031932607293129
0.005057408474385738,0.10342985391616821
0.005059419199824333,0.10343441367149353
0.005053521599620581,0.10352229326963425
0.005067169200628996,0.103780597448349
0.005055227782577276,0.10359334945678711
0.00506967306137085,0.10276347398757935
0.005112112034112215,0.10365980118513107
0.0050767636857926846,0.10385370254516602
0.0050327349454164505,0.10359961539506912
0.005048654042184353,0.10273885726928711
0.005090882536023855,0.10417751222848892
0.005113864783197641,0.10294177383184433
0.005075094290077686,0.10369162261486053
0.005097291897982359,0.10380806028842926
0.0050577386282384396,0.10301610082387924
0.005044091027230024,0.10302188992500305
0.005039554089307785,0.10372918844223022
0.005160715896636248,0.10456797480583191
0.005105205811560154,0.10369739681482315
0.005132378078997135,0.1037333756685257
0.005229958798736334,0.10262567549943924
0.005348484497517347,0.1034247949719429
0.005249675363302231,0.10293567925691605
0.005191362928599119,0.10396268963813782
0.005159743130207062,0.10356300324201584
0.005175401922315359,0.10281168669462204
0.005103816278278828,0.10333433747291565
0.005093764513731003,0.10418148338794708
0.005066903308033943,0.10277894884347916
0.005086916498839855,0.10332787781953812
0.0050850422121584415,0.10357775539159775
0.005059505812823772,0.10326047241687775
0.0050597707740962505,0.10359819233417511
0.005072842352092266,0.10444560647010803
0.005116868298500776,0.10445787012577057
0.005209070630371571,0.10350698232650757
0.005188577808439732,0.10189764946699142
0.005225182510912418,0.10296391695737839
0.005125615745782852,0.10262881219387054
0.0050627985037863255,0.10337960720062256
0.005049800034612417,0.10341352224349976
0.005017017014324665,0.10345051437616348
0.004997843876481056,0.10326738655567169
0.004994496703147888,0.103734090924263
0.004999036435037851,0.10333265364170074
0.004983690567314625,0.1038496121764183
0.00501981982961297,0.1037919744849205
0.0050325957126915455,0.10305921733379364
0.005058975424617529,0.1030532568693161
0.005043058190494776,0.1028706282377243
0.005035446025431156,0.10376463085412979
0.0050528813153505325,0.10405643284320831
0.00505784573033452,0.10369215160608292
0.0050387904047966,0.1035175696015358
0.005013011861592531,0.10391008853912354
0.005031156819313765,0.10396086424589157
0.005042742472141981,0.10288874059915543
0.005044407676905394,0.10391189903020859
0.005020037293434143,0.10343409329652786
0.00498602632433176,0.10415046662092209
0.005006331019103527,0.10354597121477127
0.005006653256714344,0.1031356006860733
0.004971484653651714,0.10334780067205429
0.0049826051108539104,0.10332512855529785
0.005012801848351955,0.10347460210323334
0.00503556989133358,0.103177011013031
0.005014774389564991,0.10371050238609314
0.005045761354267597,0.10375170409679413
0.005166596733033657,0.10334838926792145
0.005311212036758661,0.10256460309028625
0.005298280622810125,0.10347146540880203
0.00514263566583395,0.10381609201431274
0.0050523411482572556,0.10323397070169449
0.005057529546320438,0.10460829734802246
0.005104202777147293,0.103001169860363
0.005029546096920967,0.1031729206442833
0.005013034213334322,0.10291621088981628
0.004995881114155054,0.10484939068555832
0.004997459705919027,0.10349216312170029
0.004989951383322477,0.10437018424272537
0.005115645006299019,0.10343131422996521
0.005045311059802771,0.10405337065458298
0.00501610990613699,0.10318098217248917
0.005061843898147345,0.10355282574892044
0.005140602122992277,0.10319747030735016
0.005079302005469799,0.1039331778883934
0.005065636243671179,0.10283682495355606
0.00508507713675499,0.10339684784412384
0.005126001313328743,0.10340189188718796
0.005053821485489607,0.10311385244131088
0.005024564452469349,0.10387159883975983
0.005047009792178869,0.10315930098295212
0.005058787763118744,0.10338523983955383
0.005005240440368652,0.1033703088760376
0.0050389403477311134,0.10315368324518204
0.005013359244912863,0.10266652703285217
0.005044525023549795,0.10232998430728912
0.005109633319079876,0.10385359823703766
0.005128646269440651,0.10438288003206253
0.0050375331193208694,0.10334818810224533
0.004980215337127447,0.10346835851669312
0.004993370734155178,0.10351414978504181
0.0049775587394833565,0.10387416929006577
0.004982947371900082,0.10293377935886383
0.005008306819945574,0.1038380041718483
0.00500232819467783,0.10374981164932251
0.005018013063818216,0.10262688249349594
0.004992879927158356,0.10240679979324341
0.004949069581925869,0.10357162356376648
0.0049941642209887505,0.10346303135156631
0.00499030901119113,0.10303982347249985
0.004956140648573637,0.10355310887098312
0.004955393727868795,0.10379072278738022
0.004994514398276806,0.10465183109045029
0.005037709604948759,0.1034528836607933
0.005041145253926516,0.10387293249368668
0.005006969906389713,0.10295739024877548
0.005033113993704319,0.10369706898927689
0.005058463662862778,0.10288618505001068
0.005010722205042839,0.10343068838119507
0.005012140143662691,0.1019270196557045
0.005060032941401005,0.10281135886907578
0.0050976169295609,0.10311255604028702
0.005061097908765078,0.10383458435535431
0.005042884033173323,0.10353638231754303
0.005062107462435961,0.10477743297815323
0.004993628244847059,0.10339350998401642
0.004968320019543171,0.1031162440776825
0.004991229623556137,0.10346482694149017
0.005037096329033375,0.10374666005373001
0.004956396762281656,0.10282354056835175
0.00496551301330328,0.10388200730085373
0.004975008778274059,0.1036558672785759
0.005084935575723648,0.10368921607732773
0.005077885929495096,0.10283759981393814
0.005014562048017979,0.10357753932476044
0.004968653898686171,0.10341350734233856
0.004951234441250563,0.10329850018024445
0.004950591363012791,0.10388839244842529
0.004957280121743679,0.10311738401651382
0.004936986602842808,0.10361328721046448
0.0049204896204173565,0.10339601337909698
0.004930892027914524,0.10321834683418274
0.004993701819330454,0.10381580144166946
0.004978745244443417,0.10319662094116211
0.004956018179655075,0.10328483581542969
0.004940629005432129,0.10360117256641388
0.005034680012613535,0.10354747623205185
0.004982661455869675,0.10312679409980774
0.004950564354658127,0.1033400371670723
0.00491901533678174,0.10364120453596115
0.00492449477314949,0.10377529263496399
0.004947988782078028,0.10272879153490067
0.004971029702574015,0.10247522592544556
0.004985006060451269,0.10348863154649734
0.004974749404937029,0.10336507111787796
0.0049700504168868065,0.10344338417053223
0.004923808388411999,0.10414355248212814
0.004989408887922764,0.10324770212173462
0.004981049802154303,0.10352551192045212
0.004965911153703928,0.10273455828428268
0.004946781322360039,0.10428191721439362
0.005028114188462496,0.10412663221359253
0.005116501823067665,0.10290200263261795
0.00507520092651248,0.10369191318750381
0.004995281342417002,0.1031934842467308
0.0050061852671206,0.10399442911148071
0.004987253807485104,0.10341800004243851
0.004960006568580866,0.10310813039541245
0.004922087304294109,0.10366454720497131
0.004927315283566713,0.10334143787622452
0.004950551316142082,0.10347923636436462
0.0049494123086333275,0.10247159749269485
0.005003337748348713,0.10396545380353928
0.004986136686056852,0.10282371938228607
0.004952635150402784,0.10339464992284775
0.004909252282232046,0.1032429188489914
0.004921306390315294,0.10379407554864883
0.004944060929119587,0.10323848575353622
0.004966332111507654,0.1032932922244072
0.004916372708976269,0.10409102588891983
0.00489044887945056,0.1031172052025795
0.004890771117061377,0.10407623648643494
0.004905786830931902,0.10356111824512482
0.004900640342384577,0.10271386057138443
0.004901598207652569,0.10354217886924744
0.004920859355479479,0.10313477367162704
0.004908050410449505,0.10308581590652466
0.004933665972203016,0.10365133732557297
0.004978153854608536,0.10360338538885117
0.004964515101164579,0.10286574065685272
0.005007087718695402,0.10423031449317932
0.005004700738936663,0.10295373946428299
0.005015732254832983,0.1033448651432991
0.004996884614229202,0.10403745621442795
0.004983515944331884,0.10295245796442032
0.004953659139573574,0.10337278991937637
0.004939243197441101,0.10488864779472351
0.004980500787496567,0.1027660146355629
0.004975553136318922,0.10373104363679886
0.004958996083587408,0.1029648631811142
0.004965676926076412,0.10345910489559174
0.005025725811719894,0.10284897685050964
0.004954706411808729,0.10374628752470016
0.005055669229477644,0.10285050421953201
0.004915369208902121,0.10294292122125626
0.00491698132827878,0.10355429351329803
0.004897393751889467,0.10300394892692566
0.004881633445620537,0.10318773239850998
0.004905398935079575,0.10321126133203506
0.004914203193038702,0.10336099565029144
0.0049430448561906815,0.10358643531799316
0.004989659413695335,0.10356506705284119
0.0049310121685266495,0.10358253121376038
0.0049245464615523815,0.10319340974092484
0.004976480733603239,0.10421039909124374
0.004945402964949608,0.10377521812915802
0.004910291638225317,0.10317717492580414
0.004899988416582346,0.10234826803207397
0.004911881871521473,0.10388494282960892
0.004902372602373362,0.10331802815198898
0.004900465253740549,0.10341324657201767
0.004912936128675938,0.10273457318544388
0.004908717703074217,0.10329631716012955
0.004978612530976534,0.10353145748376846
0.004955187439918518,0.10288390517234802
0.004983705934137106,0.10369336605072021
0.004976912867277861,0.10338342934846878
0.0049281856045126915,0.10293188691139221
0.004939617123454809,0.10314854234457016
0.004904568661004305,0.10340037941932678
0.004863131791353226,0.10375739634037018
0.0048959869891405106,0.10422588884830475
0.0048666102811694145,0.1030491292476654
0.004875916056334972,0.10378854721784592
0.004854491446167231,0.10349331051111221
0.004852785728871822,0.1024576872587204
0.004841204732656479,0.10378599166870117
0.004849544260650873,0.10369502753019333
0.004858287051320076,0.10319694131612778
0.004865046590566635,0.10374342650175095
0.0048754350282251835,0.10360986739397049
0.004881386645138264,0.10276467353105545
0.004905926529318094,0.10275288671255112
0.004903256427496672,0.10325309634208679
0.004928551148623228,0.10320145636796951
0.004932926502078772,0.10363666713237762
0.00491574639454484,0.10245448350906372
0.005023738369345665,0.1024312674999237
0.004990133456885815,0.10361553728580475
0.004932547453790903,0.10270574688911438
0.004889799281954765,0.1036197617650032
0.004854516126215458,0.1029474064707756
0.004864825401455164,0.10404391586780548
0.004847255069762468,0.10357145965099335
0.004870832432061434,0.10329359024763107
0.004921619314700365,0.10440462082624435
0.004901845473796129,0.10393183678388596
0.004867197014391422,0.10312376916408539
0.00486718537285924,0.10311425477266312
0.004884044174104929,0.10312691330909729
0.0049088881351053715,0.10323938727378845
0.004892008379101753,0.10398612171411514
0.004866813775151968,0.10451824963092804
0.0048514120280742645,0.10319394618272781
0.00483027845621109,0.10341339558362961
0.004840489476919174,0.10385267436504364
0.00484877685084939,0.10330972075462341
0.004843253642320633,0.10376986861228943
0.004820746369659901,0.10356725752353668
0.0048288581892848015,0.10278680175542831
0.004851086065173149,0.10332580655813217
0.004868706688284874,0.10310386121273041
0.004850138444453478,0.10330010950565338
0.0048820278607308865,0.10447489470243454
0.004890970885753632,0.10336707532405853
0.004967532120645046,0.1030312031507492
0.004924282897263765,0.10298044234514236
0.004917980637401342,0.10333164781332016
0.004898798651993275,0.10438373684883118
0.00488585140556097,0.10351009666919708
0.004909210838377476,0.10338035970926285
0.004864346235990524,0.10341217368841171
0.004880002234131098,0.10370463132858276
0.004909754730761051,0.10231038182973862
0.004881599918007851,0.10349931567907333
0.004851100500673056,0.1033489853143692
0.004831032361835241,0.10378412157297134
0.004851032514125109,0.10356087237596512
0.004839407745748758,0.10464291274547577
0.004845754709094763,0.10344073176383972
0.004882307723164558,0.10416633635759354
0.004876166116446257,0.10339109599590302
0.004928181879222393,0.10640797764062881
0.005023704841732979,0.10409727692604065
0.004885917063802481,0.10399904102087021
0.004826567135751247,0.10348863899707794
0.004828610457479954,0.1031770408153534
0.004802072886377573,0.10388389974832535
0.0048142834566533566,0.10512974113225937
0.004818417131900787,0.1035458967089653
0.004851624369621277,0.1042458713054657
0.0049082753248512745,0.10409291833639145
0.004940520506352186,0.10281208157539368
0.004941681399941444,0.10435985028743744
0.004912851843982935,0.10253223776817322
0.00488080270588398,0.10380087047815323
0.004887287504971027,0.10311341285705566
0.0049759396351873875,0.10446961224079132
0.0049219680950045586,0.10309021919965744
0.004887101706117392,0.10413850098848343
0.0048535666428506374,0.10458879917860031
0.004868245217949152,0.10356519371271133
0.004817220848053694,0.10354272276163101
0.0048097469843924046,0.10470151156187057
0.004848606418818235,0.10357414186000824
0.004798707086592913,0.10473009943962097
0.004826943390071392,0.1041293740272522
0.00479911221191287,0.10371255874633789
0.004857896361500025,0.10293133556842804
0.004921413492411375,0.1035006046295166
0.004922828637063503,0.10479140281677246
0.004944039508700371,0.10395833104848862
0.004922431893646717,0.10380714386701584
0.0049076746217906475,0.1028636023402214
0.004874047357589006,0.10351449996232986
0.004808072000741959,0.1034182459115982
0.004785072989761829,0.10376223921775818
0.004786832723766565,0.10373251885175705
0.004786164034157991,0.10409583151340485
0.004776061978191137,0.10396882891654968
0.004775642417371273,0.10483384877443314
0.004791543819010258,0.10323289781808853
0.004802393727004528,0.10394395142793655
0.00481801014393568,0.10473078489303589
0.004791407845914364,0.10313961654901505
0.004784207325428724,0.10414408147335052
0.004824312869459391,0.10336404293775558
0.004860537126660347,0.1036011278629303
0.004900443367660046,0.10431648790836334
0.004916658625006676,0.1046498641371727
0.004883036017417908,0.10393106937408447
0.004799976479262114,0.10351035743951797
0.004803582094609737,0.1041976734995842
0.004782604053616524,0.1034812480211258
0.0047708116471767426,0.10417362302541733
0.004760128911584616,0.10414336621761322
0.004754757508635521,0.1037580743432045
0.004769983701407909,0.1049000546336174
0.004785323515534401,0.10415813326835632
0.0048114531673491,0.10470925271511078
0.004892080090939999,0.10429647564888
0.005074312444776297,0.10305430740118027
0.005355959292501211,0.10459981113672256
0.0053542242385447025,0.10408224165439606
0.00514887273311615,0.10405700653791428
0.0049545601941645145,0.10470645129680634
0.0048406110145151615,0.1036948561668396
0.004785001277923584,0.10395721346139908
0.004773608408868313,0.103275366127491
0.004766425583511591,0.10422918945550919
0.004770898725837469,0.10378081351518631
0.004772662650793791,0.10409393906593323
0.004770439583808184,0.1043345108628273
0.004760546609759331,0.10459538549184799
0.00475943461060524,0.10391601175069809
0.004745782352983952,0.10402999073266983
0.004749801009893417,0.1036204844713211
0.004757296293973923,0.10404767096042633
0.004762671887874603,0.1035429835319519
0.0047489493153989315,0.10455342382192612
0.00476336944848299,0.10470135509967804
0.0047750575467944145,0.10460256785154343
0.004777595866471529,0.10426221042871475
0.004774180706590414,0.10419642180204391
0.004764872137457132,0.1037750393152237
0.004737106151878834,0.10461656004190445
0.004747107625007629,0.10416756570339203
0.004765052814036608,0.10488370060920715
0.004748302046209574,0.1046023815870285
0.0047615752555429935,0.10372155159711838
0.004748910665512085,0.103938527405262
0.00474602309986949,0.10421064496040344
0.004760722164064646,0.10437460988759995
0.004760189447551966,0.10323481261730194
0.004814985208213329,0.10446278750896454
0.004817221313714981,0.10479190200567245
0.004779109265655279,0.10399684309959412
0.0047753555700182915,0.10438311100006104
0.004771147854626179,0.10345388948917389
0.004772444721311331,0.10510104894638062
0.004764799028635025,0.10318318009376526
0.004764162935316563,0.10377654433250427
0.004768194165080786,0.103760726749897
0.004774240776896477,0.10527988523244858
0.004785522818565369,0.1043829396367073
0.004783256910741329,0.1038922443985939
0.004770553670823574,0.10444345325231552
0.004780794959515333,0.10445121675729752
0.004797616042196751,0.1056303009390831
0.004780840594321489,0.10465053468942642
0.004793999716639519,0.10416243970394135
0.0047875456511974335,0.10412482172250748
0.004748593084514141,0.10455486923456192
0.004744007717818022,0.104195237159729
0.004765353165566921,0.10498557984828949
0.004727805498987436,0.103887639939785
0.0047331019304692745,0.10563218593597412
0.004742444027215242,0.10377778112888336
0.004745427053421736,0.10418126732110977
0.0047371285036206245,0.10401802510023117
0.0047288378700613976,0.10473579913377762
0.004743347410112619,0.10442008078098297
0.004756446462124586,0.1050894558429718
0.0047671375796198845,0.1038452684879303
0.0047903466038405895,0.10538743436336517
0.004791429731994867,0.10388067364692688
0.004794851876795292,0.10523009300231934
0.004871598444879055,0.10400354862213135
0.005106508266180754,0.10454566031694412
0.0050197867676615715,0.10368849337100983
0.004887124989181757,0.10439878702163696
0.004866529256105423,0.10410931706428528
0.00479762302711606,0.1037154570221901
0.004801421891897917,0.10436834394931793
0.004745915066450834,0.10469791293144226
0.004727695602923632,0.10506231337785721
0.00472894636914134,0.10416020452976227
0.00474349083378911,0.10422524064779282
0.004749740473926067,0.10446886718273163
0.004754726774990559,0.10483888536691666
0.004744352772831917,0.10410089790821075
0.004718338139355183,0.10489317029714584
0.004716748371720314,0.10462900996208191
0.004712909460067749,0.1050666868686676
0.004722245968878269,0.10487177222967148
0.004742621909826994,0.10558228939771652
0.004739036317914724,0.1049434170126915
0.004708663560450077,0.10388648509979248
0.004702278878539801,0.10559210926294327
0.004716395400464535,0.10465236753225327
0.004712489899247885,0.10443143546581268
0.004715207498520613,0.10448571294546127
0.004716424271464348,0.10474483668804169
0.004722271580249071,0.1046907976269722
0.00472981296479702,0.10504810512065887
0.0047432477585971355,0.10399667173624039
0.004817324224859476,0.10532988607883453
0.004814421758055687,0.1051824539899826
0.004790207836776972,0.10447228699922562
0.004750987980514765,0.10429424047470093
0.004740277770906687,0.10397861152887344
0.0047338008880615234,0.1055355966091156
0.004795204848051071,0.10436829924583435
0.004788415972143412,0.10385777056217194
0.004729154519736767,0.10524258017539978
0.004707961343228817,0.1053294986486435
0.0046897330321371555,0.10446484386920929
0.0046918983571231365,0.10465174913406372
0.004691512323915958,0.10487639158964157
0.004713720642030239,0.10475445538759232
0.00470676738768816,0.10472729057073593
0.004765482619404793,0.10371758043766022
0.004808657802641392,0.10440921038389206
0.004825400188565254,0.10633262991905212
0.004752744920551777,0.10438419878482819
0.004727307241410017,0.10533273220062256
0.004730709362775087,0.10471944510936737
0.004739376250654459,0.10523158311843872
0.004760499577969313,0.10528154671192169
0.004772959277033806,0.10504606366157532
0.0049246810376644135,0.10437163710594177
0.004912654869258404,0.10589698702096939
0.004877141211181879,0.1054760217666626
0.0048262206837534904,0.10659870505332947
0.00474927481263876,0.10425206273794174
0.004723693709820509,0.10498645901679993
0.004710848908871412,0.10533852130174637
0.004697537049651146,0.10557258129119873
0.004695025272667408,0.1047251746058464
0.004678577650338411,0.10528667271137238
0.00468040443956852,0.10444524884223938
0.00466801505535841,0.10474775731563568
0.004673900548368692,0.10486443340778351
0.004675776232033968,0.10386884212493896
0.004708631429821253,0.10627575218677521
0.004700021352618933,0.10523704439401627
0.004695066716521978,0.10466020554304123
0.0047122943215072155,0.10438370704650879
0.004706730600446463,0.1041867658495903
0.004716167692095041,0.10641361773014069
0.004721238277852535,0.10393455624580383
0.00474518584087491,0.105460524559021
0.004793449304997921,0.10459231585264206
0.004836515057832003,0.10483352094888687
0.004722700919955969,0.10470964014530182
0.004696729127317667,0.1053197830915451
0.004685163497924805,0.10527943819761276
0.0047556497156620026,0.10488341003656387
0.004724568221718073,0.10494674742221832
0.004727559629827738,0.10529150068759918
0.004698379430919886,0.10594983398914337
0.004706754349172115,0.10559588670730591
0.0047595505602657795,0.10711120069026947
0.004759873263537884,0.10507173836231232
0.004726675804704428,0.10614735633134842
0.004688952583819628,0.1055733934044838
0.004696107469499111,0.10637573152780533
0.004677847493439913,0.10510663688182831
0.004676629323512316,0.10494637489318848
0.004685748368501663,0.10505831986665726
0.004681725054979324,0.1049913689494133
0.004675774369388819,0.10555541515350342
0.004713173024356365,0.10567862540483475
0.004682106431573629,0.10404255241155624
0.0046625579707324505,0.10499851405620575
0.004661350045353174,0.10554295778274536
0.004670360125601292,0.10523136705160141
0.004645011853426695,0.10586464405059814
0.004657062701880932,0.10508742928504944
0.004636763595044613,0.10463011264801025
0.004656801465898752,0.10618577897548676
0.004659458063542843,0.10481420159339905
0.00465698866173625,0.10641919821500778
0.0046575311571359634,0.10496821999549866
0.00471615232527256,0.10553337633609772
0.0046941726468503475,0.10505010187625885
0.004693318158388138,0.10564161837100983
0.004707313608378172,0.10492686927318573
0.004694407805800438,0.1056416779756546
0.004677842371165752,0.10577699542045593
0.00469250651076436,0.10473275929689407
0.0047016143798828125,0.10489538311958313
0.00467549217864871,0.1052040383219719
0.0046658883802592754,0.10457931458950043
0.004657176788896322,0.10671012848615646
0.004666267894208431,0.10475478321313858
0.004680391401052475,0.10529354214668274
0.004674541298300028,0.10484457015991211
0.004672293551266193,0.10521307587623596
0.0046862270683050156,0.10653048008680344
0.004722854122519493,0.10562489181756973
0.004846061579883099,0.10581944137811661
0.0048821670934557915,0.10621662437915802
0.004808430094271898,0.10774131864309311
0.004762254189699888,0.10645651072263718
0.0047281221486628056,0.10652380436658859
0.004748139996081591,0.10602650791406631
0.004750359803438187,0.10551656037569046
0.00474244449287653,0.1065659373998642
0.004688904155045748,0.10658422112464905
0.004666832275688648,0.10616350919008255
0.004644768312573433,0.1054149866104126
0.004631307907402515,0.10601479560136795
0.0046234107576310635,0.10653296113014221
0.004618553444743156,0.10521436482667923
0.004634230863302946,0.1063617616891861
0.0046495008282363415,0.10605093091726303
0.004685053601861,0.10586383938789368
0.004683507606387138,0.10566040128469467
0.004676216747611761,0.10518766939640045
0.004646811168640852,0.10552993416786194
0.004654344636946917,0.10541347414255142
0.004628254100680351,0.10512353479862213
0.004627272952347994,0.10645577311515808
0.004651911556720734,0.1064736545085907
0.0046455408446490765,0.10546327382326126
0.004655275959521532,0.1061602458357811
0.004644983448088169,0.10509748011827469
0.004659218247979879,0.10494920611381531
0.0046636248007416725,0.10642892867326736
0.004682992119342089,0.10584015399217606
0.0046744500286877155,0.10601907223463058
0.004653776530176401,0.10566525161266327
0.004628702532500029,0.10581003874540329
0.004623107612133026,0.10561922937631607
0.004637470934540033,0.10622663050889969
0.004640848375856876,0.10636638849973679
0.004641380626708269,0.10542299598455429
0.004633244127035141,0.1059521809220314
0.004625614266842604,0.1059885174036026
0.004627055022865534,0.10650143772363663
0.00464747566729784,0.1060868427157402
0.004640450235456228,0.1066928282380104
0.004625428002327681,0.10553324967622757
0.004621382802724838,0.10616059601306915
0.004616461228579283,0.10604684799909592
0.004630471114069223,0.10639353096485138
0.004613316152244806,0.10570166260004044
0.004597928375005722,0.10624661296606064
0.0046257805079221725,0.10559134185314178
0.004643300548195839,0.10563711822032928
0.004685225896537304,0.1054178848862648
0.004706945735961199,0.1062927097082138
0.004749199841171503,0.10647255927324295
0.004653086420148611,0.10576333850622177
0.0046897223219275475,0.10624532401561737
0.0047508226707577705,0.10599680244922638
0.004663283471018076,0.10464169085025787
0.004643355030566454,0.10521376132965088
0.0046692946925759315,0.10571631789207458
0.004661517683416605,0.10605423897504807
0.004687334410846233,0.105362668633461
0.004681290127336979,0.10526836663484573
0.004708932712674141,0.10621082037687302
0.004644385073333979,0.10545399785041809
0.004664296749979258,0.10619685798883438
0.004659601952880621,0.10585325211286545
0.004638792015612125,0.10594674199819565
0.004646244924515486,0.10643044859170914
0.004629246424883604,0.10603935271501541
0.004613024182617664,0.10537035763263702
0.0046397615224123,0.10633043944835663
0.004628999158740044,0.10558900237083435
0.004612170159816742,0.10502465069293976
0.0045901401899755,0.10606452822685242
0.004579202271997929,0.10445592552423477
0.004625431261956692,0.10609126836061478
0.004631643649190664,0.10644213855266571
0.004614253994077444,0.10689018666744232
0.0046062772162258625,0.10590261965990067
0.004652135539799929,0.1063983365893364
0.004673769697546959,0.10520584136247635
0.004680476151406765,0.10569510608911514
0.004703635349869728,0.10644140839576721
0.004644674714654684,0.10542533546686172
0.004641373176127672,0.10611924529075623
0.004594394471496344,0.10588525235652924
0.004589967429637909,0.10591230541467667
0.004593822173774242,0.10580357164144516
0.004606771748512983,0.10645067691802979
0.004609713330864906,0.10651780664920807
0.004615066107362509,0.10677047818899155
0.004610192030668259,0.10695332288742065
0.0046179043129086494,0.10614817589521408
0.00465388922020793,0.1070798933506012
0.004635310266166925,0.10656028240919113
0.004618193954229355,0.10505084693431854
0.00459513021633029,0.1057765781879425
0.004626201465725899,0.10608624666929245
0.004661060869693756,0.10518885403871536
0.004657521843910217,0.10672350227832794
0.004662706051021814,0.10526516288518906
0.004635849501937628,0.1068083643913269
0.004627685993909836,0.10681939125061035
0.0045969607308506966,0.10640161484479904
0.004586036317050457,0.10446979850530624
0.00459094624966383,0.10599598288536072
0.004581678193062544,0.10563192516565323
0.004575914703309536,0.10673277825117111
0.004584763199090958,0.10716179758310318
0.004612709861248732,0.10654326528310776
0.004632354248315096,0.10597912967205048
0.004650251939892769,0.10570815205574036
0.004704757127910852,0.10566316545009613
0.004839444998651743,0.10563309490680695
0.004738810006529093,0.10593188554048538
0.004658151883631945,0.10639573633670807
0.004634737968444824,0.10650937259197235
0.004610836505889893,0.10521624982357025
0.004600890912115574,0.10718604177236557
0.004585618618875742,0.1062297597527504
0.004570589400827885,0.10656246542930603
0.004584312438964844,0.10628798604011536
0.004617448430508375,0.10720457136631012
0.004638493526726961,0.10687598586082458
0.0046312157064676285,0.1077597588300705
0.0046144286170601845,0.1067841574549675
0.004600900691002607,0.10670492798089981
0.004575827158987522,0.10687973350286484
0.004618381150066853,0.10678857564926147
0.004580044653266668,0.10697386413812637
0.0045500281266868114,0.10663184523582458
0.004557483829557896,0.10614996403455734
0.004554383456707001,0.10609523206949234
0.004555859602987766,0.10684289038181305
0.00457345973700285,0.10619073361158371
0.004578954074531794,0.1065598577260971
0.0045743584632873535,0.10680586099624634
0.004551864229142666,0.10665220767259598
0.004556324798613787,0.10667066276073456
0.004559617955237627,0.10663077980279922
0.004552894737571478,0.10630202293395996
0.004550861194729805,0.10653920471668243
0.004545386880636215,0.10675513744354248
0.004546752665191889,0.10683967173099518
0.0045623742043972015,0.1072147861123085
0.004565450828522444,0.10653223842382431
0.004559083376079798,0.10732775926589966
0.0045488388277590275,0.1061512678861618
0.004571822006255388,0.10693139582872391
0.004607356619089842,0.10648280382156372
0.004634683020412922,0.10755529999732971
0.004661537706851959,0.10661344230175018
0.004681056831032038,0.10621555149555206
0.004625527188181877,0.10701478272676468
0.004694545175880194,0.10640059411525726
0.004763464909046888,0.1062893271446228
0.004670585505664349,0.10496974736452103
0.0046146335080266,0.10732375085353851
0.004586799535900354,0.10622618347406387
0.004583198577165604,0.10567589849233627
0.004543192684650421,0.10701291263103485
0.004547630436718464,0.10580755770206451
0.0045505091547966,0.10674963146448135
0.004555724561214447,0.10604455322027206
0.004557445645332336,0.10688654333353043
0.00457392493262887,0.10604327917098999
0.004560338333249092,0.10706953704357147
0.004560977220535278,0.10618538409471512
0.004539590794593096,0.10681967437267303
0.00454214122146368,0.1059974804520607
0.004533933475613594,0.10776513069868088
0.004537164233624935,0.10640212893486023
0.004527671728283167,0.10699942708015442
0.004531090147793293,0.10635614395141602
0.004550432786345482,0.1068185567855835
0.004567127209156752,0.10681408643722534
0.0045805335976183414,0.10588745027780533
0.004609817173331976,0.10699184238910675
0.0045997207053005695,0.1070808470249176
0.004551926627755165,0.10788401961326599
0.00455652317032218,0.10747940093278885
0.004577083047479391,0.10765093564987183
0.0046144165098667145,0.10625234246253967
0.004567710682749748,0.10833323746919632
0.004560783971101046,0.10642696917057037
0.004557785578072071,0.10775579512119293
0.004570656456053257,0.10745742917060852
0.004566458985209465,0.10754190385341644
0.004545409232378006,0.10804441571235657
0.0045353444293141365,0.10660039633512497
0.004528216551989317,0.10696742683649063
0.0045178839936852455,0.10668491572141647
0.004522948060184717,0.10627685487270355
0.0045376368798315525,0.10736618936061859
0.004518181551247835,0.10706277191638947
0.004541398491710424,0.10713621228933334
0.004562802612781525,0.10613423585891724
0.0046228826977312565,0.10723526030778885
0.004572506994009018,0.10748166590929031
0.0045321108773350716,0.10658353567123413
0.004530798643827438,0.10681698471307755
0.004509658087044954,0.10667382180690765
0.004522004630416632,0.10713110119104385
0.0045011006295681,0.1068468689918518
0.004501182120293379,0.10699883848428726
0.0045052580535411835,0.10683669149875641
0.004503651987761259,0.10696393996477127
0.004501590505242348,0.10664181411266327
0.004509422462433577,0.10724109411239624
0.004532483872026205,0.10645002126693726
0.0045336470939219,0.10694319009780884
0.004519110545516014,0.1071900799870491
0.004575808998197317,0.10670337080955505
0.004611578769981861,0.10754860937595367
0.004627823829650879,0.10771529376506805
0.004609657451510429,0.10748089849948883
0.004558774176985025,0.10675033926963806
0.00453334953635931,0.10716651380062103
0.0045680999755859375,0.10704489797353745
0.004646411165595055,0.10775790363550186
0.00463082967326045,0.105896957218647
0.00465027242898941,0.10661917179822922
0.004568195436149836,0.10738834738731384
0.004523607902228832,0.10685884952545166
0.004538996610790491,0.10796935111284256
0.004525162745267153,0.10687872022390366
0.004521490074694157,0.10785508155822754
0.004521894734352827,0.10698650032281876
0.004545729141682386,0.10680678486824036
0.004608089104294777,0.10723652690649033
0.004570690914988518,0.10474271327257156
0.004564114846289158,0.10739258676767349
0.00454928120598197,0.1061299592256546
0.004554006736725569,0.10735350102186203
0.004520018585026264,0.10700136423110962
0.004502196330577135,0.10705415159463882
0.004485956393182278,0.10677508264780045
0.004504814278334379,0.10737622529268265
0.004501771181821823,0.10713623464107513
0.0044968086294829845,0.10722338408231735
0.0044990344904363155,0.10719450563192368
0.0044859629124403,0.10825289040803909
0.004495350178331137,0.10689180344343185
0.004485826473683119,0.10777079313993454
0.004504465032368898,0.10796163976192474
0.0045267147943377495,0.10701186209917068
0.004520521964877844,0.10802330076694489
0.004512403625994921,0.10756954550743103
0.004516648128628731,0.10716935247182846
0.004506150260567665,0.10703931003808975
0.004497143439948559,0.10743246972560883
0.004521952476352453,0.10709137469530106
0.004540335852652788,0.10766864567995071
0.004999625496566296,0.11046615242958069
0.005184563342481852,0.10575356334447861
0.005079254508018494,0.10389247536659241
0.005190710537135601,0.10790327191352844
0.0047772773541510105,0.10548615455627441
0.004739471711218357,0.10696128010749817
0.004643899388611317,0.10582005232572556
0.004558638669550419,0.10721752792596817
0.004508426412940025,0.10700370371341705
0.004487623926252127,0.10712411254644394
0.004480928648263216,0.10706879943609238
0.0044738855212926865,0.1068430095911026
0.004469767212867737,0.10736939311027527
0.0044654603116214275,0.10742346942424774
0.00447056395933032,0.10704351961612701
0.004481163341552019,0.10728564858436584
0.004466228187084198,0.1073785275220871
0.004468074068427086,0.10711545497179031
0.004476487636566162,0.10724164545536041
0.00446970434859395,0.10681579262018204
0.004476501606404781,0.10748697072267532
0.004476211499422789,0.10758044570684433
0.004472702741622925,0.10717905312776566
0.004467556718736887,0.10759780555963516
0.004471482243388891,0.1074419617652893
0.004461647477000952,0.1069951131939888
0.004468606784939766,0.10749926418066025
0.00445660762488842,0.10741082578897476
0.0044710030779242516,0.107464499771595
0.00445921067148447,0.10730577260255814
0.0044577945955097675,0.10786834359169006
0.004468847531825304,0.10720021277666092
0.0044781058095395565,0.10727699846029282
0.004454433917999268,0.1065780371427536
0.004455709829926491,0.10789409279823303
0.004453872796148062,0.10761447250843048
0.004457872360944748,0.10752925276756287
0.004460433032363653,0.10750729590654373
0.004466554149985313,0.10755115747451782
0.004474647808820009,0.1069156751036644
0.004481196403503418,0.10739091783761978
0.004465385805815458,0.10746988654136658
0.0044598206877708435,0.10795567184686661
0.004458877723664045,0.10731402784585953
0.004458458628505468,0.10814949125051498
0.004472089000046253,0.10734808444976807
0.004454600624740124,0.10737669467926025
0.004454151727259159,0.10789067298173904
0.004458894487470388,0.10746589303016663
0.004452516790479422,0.10793933272361755
0.004457250237464905,0.10740701109170914
0.004454072564840317,0.10750629752874374
0.004453178495168686,0.10733529925346375
0.004484179429709911,0.10778173059225082
0.004475642926990986,0.10730548948049545
0.0044767726212739944,0.1080237478017807
0.004455773159861565,0.10749392211437225
0.004461779724806547,0.10727349668741226
0.004458961542695761,0.10822572559118271
0.004461159463971853,0.10789772868156433
0.0044629923067986965,0.10760427266359329
0.00445576710626483,0.10751768201589584
0.004444712772965431,0.10772740095853806
0.004466071259230375,0.10731448978185654
0.004445618484169245,0.10742268711328506
0.004446673206984997,0.1078876256942749
0.004452350549399853,0.10770801454782486
0.0044426750391721725,0.10786731541156769
0.0044426219537854195,0.10751494020223618
0.0044481027871370316,0.10750625282526016
0.0044414992444217205,0.10738208144903183
0.004457506351172924,0.10766012221574783
0.004476928152143955,0.10834648460149765
0.004481516778469086,0.1077507957816124
0.004474358167499304,0.1076396182179451
0.004466330632567406,0.107541024684906
0.004457613453269005,0.10691390931606293
0.00447077676653862,0.10866211354732513
0.004491404630243778,0.1083398088812828
0.004477560054510832,0.10770321637392044
0.004510702099651098,0.1074250340461731
0.004485234152525663,0.10799390822649002
0.004501026123762131,0.10753270238637924
0.004525160416960716,0.10717376321554184
0.004529956728219986,0.10940338671207428
0.004530422855168581,0.10827071219682693
0.004581138025969267,0.10707346349954605
0.0045926570892333984,0.11011198908090591
0.004560818430036306,0.10740416496992111
0.004490337800234556,0.1075400859117508
0.004491995554417372,0.10732731968164444
0.0045209466479718685,0.10699694603681564
0.004488474223762751,0.10739662498235703
0.004524437710642815,0.10805083811283112
0.004478740505874157,0.10797664523124695
0.004470569081604481,0.10819978266954422
0.004465397447347641,0.10708848387002945
0.004475471563637257,0.10863479226827621
0.004528208635747433,0.10792956501245499
0.0044800289906561375,0.10803388804197311
0.004453636240214109,0.10737849026918411
0.004452301189303398,0.10767775028944016
0.004455799236893654,0.10770829021930695
0.004445869475603104,0.10802178829908371
0.00445284740999341,0.10767880082130432
0.004433687776327133,0.10786495357751846
0.00443810923025012,0.1082814559340477
0.00448902603238821,0.10862267762422562
0.0045023113489151,0.10738949477672577
0.0045331260189414024,0.10939150303602219
0.004562270827591419,0.10806537419557571
0.004507562145590782,0.10789132118225098
0.004549781326204538,0.10871627926826477
0.004532519727945328,0.10850153863430023
0.004495683126151562,0.10769280791282654
0.0044627720490098,0.10779712349176407
0.004432683810591698,0.10764984041452408
0.004407383035868406,0.10727648437023163
0.00443310709670186,0.10864263772964478
0.004430561792105436,0.10734985768795013
0.004439935553818941,0.1074664518237114
0.004417816177010536,0.10766726732254028
0.004419063683599234,0.10825210064649582
0.004421383608132601,0.10721520334482193
0.00444077281281352,0.10839181393384933
0.004447455983608961,0.10732288658618927
0.004435250069946051,0.10809332132339478
0.0044358340092003345,0.10771096497774124
0.004441624507308006,0.10757461190223694
0.004437210503965616,0.10713139176368713
0.004412849899381399,0.10796165466308594
0.004408129025250673,0.10778968781232834
0.004413212649524212,0.1082710325717926
0.004410469438880682,0.10765279829502106
0.0044011338613927364,0.10784559696912766
0.004402567632496357,0.10829182714223862
0.004407167434692383,0.10779505223035812
0.004409336484968662,0.10797236859798431
0.004412991926074028,0.10784680396318436
0.004423530772328377,0.10841954499483109
0.0044270590879023075,0.10843141376972198
0.004426165018230677,0.10735222697257996
0.0044465987011790276,0.10741998255252838
0.004452081862837076,0.10769355297088623
0.004435685928910971,0.1082112118601799
0.004442572593688965,0.10919435322284698
0.004445305094122887,0.10862086713314056
0.004427821841090918,0.10769986361265182
0.004429548047482967,0.10868695378303528
0.004416412208229303,0.10746615380048752
0.004422315396368504,0.10781373828649521
0.004416647832840681,0.1083798035979271
0.004416631534695625,0.10701815783977509
0.004416255280375481,0.10779885202646255
0.00444380659610033,0.10778319090604782
0.004443303216248751,0.10859447717666626
0.004432380199432373,0.10776050388813019
0.0044250935316085815,0.10842917114496231
0.00443386472761631,0.10746748000383377
0.004432348534464836,0.10724683105945587
0.00441351905465126,0.10778388381004333
0.004401582293212414,0.10800578445196152
0.004429046530276537,0.1078341081738472
0.004462736193090677,0.1097840890288353
0.004483038559556007,0.10732348263263702
0.004475088324397802,0.10772280395030975
0.004459105897694826,0.10920675843954086
0.004449271131306887,0.10775133967399597
0.004448544234037399,0.10561767965555191
0.00445507001131773,0.10818955302238464
0.004439353011548519,0.1075592041015625
0.004450082313269377,0.10751507431268692
0.004447828978300095,0.10853968560695648
0.004416001494973898,0.10768706351518631
0.0044057914055883884,0.10826784372329712
0.004399906378239393,0.10784569382667542
0.004392059985548258,0.10705278813838959
0.0044084833934903145,0.10787367075681686
0.004444241523742676,0.1072617694735527
0.004429133143275976,0.10782705992460251
0.004427650943398476,0.1075490266084671
0.004413499031215906,0.10746120661497116
0.004402505233883858,0.10749314725399017
0.0043847886845469475,0.10777637362480164
0.00437525101006031,0.10832878202199936
0.004385292064398527,0.10860337316989899
0.0043872566893696785,0.10780244320631027
0.00439831055700779,0.10765141993761063
0.004410350229591131,0.1087842732667923
0.004423616454005241,0.10717716068029404
0.004416996147483587,0.10870661586523056
0.004405462648719549,0.10871509462594986
0.004424385726451874,0.10770431905984879
0.004449804313480854,0.10736887902021408
0.0044684200547635555,0.10752280801534653
0.004428983200341463,0.10783544182777405
0.0044105639681220055,0.10888935625553131
0.004407164175063372,0.10749436914920807
0.004420098382979631,0.10823650658130646
0.004410864785313606,0.10768312215805054
0.0044372109696269035,0.10828588902950287
0.004425806924700737,0.10846848040819168
0.004424855578690767,0.10764288157224655
0.004454051610082388,0.10715026408433914
0.004431694746017456,0.10762102156877518
0.00442789401859045,0.10862280428409576
0.00441023800522089,0.1078297421336174
0.004386759828776121,0.1079258993268013
0.0043993256986141205,0.10792423784732819
0.004387691151350737,0.10765763372182846
0.004403188358992338,0.1076599583029747
0.004435565788298845,0.1088794618844986
0.0044066584669053555,0.10886839777231216
0.004380343947559595,0.10802924633026123
0.004382339306175709,0.10818105936050415
0.004412889946252108,0.10830365866422653
0.004400113131850958,0.10857602208852768
0.004375162534415722,0.10825435817241669
0.004391642287373543,0.10888161510229111
0.004423149861395359,0.10931168496608734
0.004412450361996889,0.10840433835983276
0.004405475687235594,0.10857557505369186
0.004415872506797314,0.10737843811511993
0.00442619901150465,0.10923600941896439
0.004448943305760622,0.10851886123418808
0.004438555799424648,0.1087111309170723
0.004419825971126556,0.1082993820309639
0.004383952356874943,0.1078069806098938
0.004364196211099625,0.10863927006721497
0.004377065226435661,0.10867232829332352
0.0043733692727983,0.1081421971321106
0.00436394102871418,0.10796347260475159
0.004365779925137758,0.10875914990901947
0.004376579541712999,0.1083543449640274
0.004377729259431362,0.10788551717996597
0.004363459534943104,0.10876171290874481
0.004369605332612991,0.10846144706010818
0.004400630481541157,0.10854721069335938
0.004374628886580467,0.10919435322284698
0.004367657471448183,0.108304962515831
0.004367860499769449,0.10783316195011139
0.00437584612518549,0.10890121012926102
0.004370556678622961,0.10843710601329803
0.004371115006506443,0.10832479596138
0.004374261945486069,0.10890980064868927
0.0043576606549322605,0.10831212252378464
0.004366863518953323,0.10771585255861282
0.004357213154435158,0.1090298518538475
0.004360479768365622,0.10805868357419968
0.004366624169051647,0.10842859745025635
0.004364433698356152,0.10814903676509857
0.004364007618278265,0.10838574916124344
0.004415173549205065,0.10781441628932953
0.004671962466090918,0.10685461014509201
0.00479467585682869,0.10594353079795837
0.004908831790089607,0.1096038967370987
0.0047270976938307285,0.1058695986866951
0.004559233784675598,0.10917319357395172
0.004474047105759382,0.10815771669149399
0.004405731335282326,0.10794069617986679
0.0043896520510315895,0.10794409364461899
0.004356073215603828,0.10835085809230804
0.00434749573469162,0.10850416868925095
0.004346394911408424,0.10859940946102142
0.004338844679296017,0.10832908749580383
0.004331790376454592,0.10851294547319412
0.004335073288530111,0.10817117989063263
0.0043275607749819756,0.1082635372877121
0.004331318661570549,0.10829728841781616
0.004326890222728252,0.10815981775522232
0.004343272186815739,0.1087477058172226
0.004339635372161865,0.10733387619256973
0.004359901882708073,0.10851267725229263
0.004358035046607256,0.10825534909963608
0.004336508456617594,0.10860560834407806
0.004331354983150959,0.10757268220186234
0.004336950369179249,0.10841277241706848
0.004342227708548307,0.10785721242427826
0.0043489933013916016,0.10888923704624176
0.0043545011430978775,0.10816863924264908
0.004349821247160435,0.10833211988210678
0.004339891020208597,0.10849189758300781
0.004334678407758474,0.10809940099716187
0.0043382844887673855,0.10871320962905884
0.004330835770815611,0.10862477123737335
0.004317847080528736,0.10809729993343353
0.004335023928433657,0.10909596085548401
0.004332231357693672,0.1080852821469307
0.004328674171119928,0.10821708291769028
0.004314585588872433,0.10845091938972473
0.004318092949688435,0.10846573859453201
0.004307345487177372,0.10846339911222458
0.004307928960770369,0.10844138264656067
0.0043089319951832294,0.1084652841091156
0.004326862748712301,0.1083650216460228
0.004328594543039799,0.1084548756480217
0.004315786063671112,0.108289435505867
0.004331701900810003,0.10840952396392822
0.004323659464716911,0.10865908861160278
0.004338955506682396,0.10827889293432236
0.004336151294410229,0.10862505435943604
0.004325023852288723,0.10864214599132538
0.004331660456955433,0.10846932232379913
0.0043194228783249855,0.10879921913146973
0.004331533797085285,0.10923868417739868
0.00437466986477375,0.10935261100530624
0.004393339157104492,0.10808892548084259
0.004398949444293976,0.10997160524129868
0.004391113296151161,0.10697037726640701
0.004393360111862421,0.10924701392650604
0.004403779748827219,0.108146071434021
0.004394497722387314,0.10898256301879883
0.004372348543256521,0.1093849316239357
0.004373775329440832,0.10765843093395233
0.004361365456134081,0.10852964967489243
0.004384799860417843,0.10873507708311081
0.004412753041833639,0.10870227962732315
0.004396204371005297,0.10856952518224716
0.004373563919216394,0.10846808552742004
0.00438555097207427,0.10808061808347702
0.004384104628115892,0.10861098021268845
0.004355934448540211,0.10884806513786316
0.00432565389201045,0.10885036736726761
0.00432185735553503,0.10855896025896072
0.004313846584409475,0.10863712430000305
0.004317932296544313,0.10831030458211899
0.004334700293838978,0.10873959213495255
0.004344259388744831,0.10856841504573822
0.00432223966345191,0.10858152061700821
0.00434030732139945,0.10833153128623962
0.004329812712967396,0.10856501758098602
0.0043291132897138596,0.10922762751579285
0.004336406476795673,0.10872172564268112
0.004363097250461578,0.11044083535671234
0.004364601336419582,0.10773275792598724
0.004349415190517902,0.10928624868392944
0.0043527367524802685,0.10863520950078964
0.004350990988314152,0.10875235497951508
0.00432914774864912,0.10849609971046448
0.004335252568125725,0.10971774905920029
0.00432576984167099,0.10832006484270096
0.00431881844997406,0.10956677049398422
0.00432254234328866,0.10857400298118591
0.004303253721445799,0.10799691081047058
0.004299935419112444,0.10879392176866531
0.0042915972881019115,0.10888182371854782
0.004312844015657902,0.10961940884590149
0.0043058148585259914,0.10877934098243713
0.004310103133320808,0.10896945744752884
0.004319340456277132,0.10874303430318832
0.004312414210289717,0.10888075083494186
0.004305723123252392,0.10883543640375137
0.004306045826524496,0.10925307869911194
0.004297523759305477,0.10859072953462601
0.004292026627808809,0.10826067626476288
0.004297362174838781,0.10838797688484192
0.004310380667448044,0.10860206931829453
0.004334630910307169,0.10873421281576157
0.004301547538489103,0.10832720994949341
0.00430544326081872,0.10875561088323593
0.0042975666001439095,0.109158456325531
0.004304331261664629,0.1081048846244812
0.0043185739777982235,0.11016116291284561
0.004328896291553974,0.10802185535430908
0.004311417695134878,0.1091332882642746
0.004305523354560137,0.10790044814348221
0.004310608841478825,0.10913936793804169
0.004323442466557026,0.10856419801712036
0.004314913414418697,0.10835155844688416
0.004295554477721453,0.10950182378292084
0.004299797583371401,0.10828854143619537
0.004324392881244421,0.10853462666273117
0.004354216158390045,0.1093243956565857
0.004340351093560457,0.10910579562187195
0.0043108705431222916,0.10885290801525116
0.004298899322748184,0.10853616148233414
0.004317966289818287,0.1082698181271553
0.004312591627240181,0.10830268263816833
0.004339406732469797,0.10828883945941925
0.0043143341317772865,0.11066772043704987
0.0043221404775977135,0.10819640755653381
0.004337145946919918,0.11061078310012817
0.004317816346883774,0.10888168215751648
0.004347292706370354,0.10794141888618469
0.004359737504273653,0.1089610680937767
0.0044394610449671745,0.10952113568782806
0.0044364831410348415,0.10916515439748764
0.004400705918669701,0.10949978232383728
0.004350439179688692,0.10954458266496658
0.004313284065574408,0.10835904628038406
0.004295020829886198,0.10854008793830872
0.004298218060284853,0.1086418554186821
0.00430633407086134,0.10925281792879105
0.0043113743886351585,0.10891073197126389
0.004301175009459257,0.10916547477245331
0.004301609471440315,0.10935226827859879
0.004297082312405109,0.10829886049032211
0.004288915544748306,0.1094563752412796
0.0042964993044734,0.10941699892282486
0.004290472716093063,0.10943303257226944
0.004282351583242416,0.10859072953462601
0.004276941530406475,0.1098303571343422
0.004286384209990501,0.10973906517028809
0.004280775785446167,0.1093101054430008
0.004299709107726812,0.10986713320016861
0.0043807742185890675,0.10903260111808777
0.00436576409265399,0.10986915975809097
0.0043368213810026646,0.1092655137181282
0.004343661945313215,0.10912781208753586
0.004349755123257637,0.10903781652450562
0.004338324535638094,0.10933417826890945
0.004385971464216709,0.10840187966823578
0.00438156770542264,0.10959917306900024
0.004312674514949322,0.10886754095554352
0.004299805965274572,0.10839083045721054
0.00428955489769578,0.10884125530719757
0.004270229488611221,0.10941155254840851
0.004299922380596399,0.10905890166759491
0.004317350219935179,0.1095597967505455
0.004303284455090761,0.10882024466991425
0.00430263439193368,0.10928548127412796
0.0042898752726614475,0.1090056523680687
0.004273861180990934,0.10942420363426208
0.0042730337008833885,0.1086687296628952
0.004255921114236116,0.10949527472257614
0.0042630950920283794,0.10847709327936172
0.004270384553819895,0.10870641469955444
0.004261999856680632,0.10923010110855103
0.004264898132532835,0.10863962024450302
0.004268608056008816,0.10885316878557205
0.004272371996194124,0.10892366617918015
0.004251744598150253,0.10913582891225815
0.004251976031810045,0.10897365212440491
0.004254455678164959,0.10927785187959671
0.004250652622431517,0.10867591947317123
0.004248934332281351,0.10958018898963928
0.004243466537445784,0.108536496758461
0.004240779671818018,0.10904202610254288
0.004248456098139286,0.10892129689455032
0.004244115203619003,0.10868131369352341
0.004248814657330513,0.10882074385881424
0.0042632888071238995,0.10916376113891602
0.0042683836072683334,0.10895121097564697
0.004278003238141537,0.10943344235420227
0.004273806698620319,0.10993731766939163
0.004282103385776281,0.10866080224514008
0.00426894286647439,0.10915490984916687
0.004263607785105705,0.10888680815696716
0.004277729894965887,0.1096222922205925
0.004305574111640453,0.1083398088812828
0.00429011695086956,0.10969565808773041
0.004266626201570034,0.10869302600622177
0.004262101370841265,0.10896634310483932
0.004272026941180229,0.10912540555000305
0.004263502545654774,0.10883234441280365
0.004258044995367527,0.1090441346168518
0.00430518202483654,0.10940583050251007
0.004366779699921608,0.11001362651586533
0.004417924210429192,0.11063320934772491
0.004370891489088535,0.10960370302200317
0.00429929094389081,0.10904792696237564
0.004274981562048197,0.10832525789737701
0.004267643205821514,0.10933536291122437
0.004253455437719822,0.10915129631757736
0.004255341365933418,0.10942602157592773
0.004253098741173744,0.10838547348976135
0.004260905086994171,0.11044922471046448
0.004261391703039408,0.10884947329759598
0.0042771450243890285,0.10915883630514145
0.004283948335796595,0.10975566506385803
0.0043054549023509026,0.10841255635023117
0.004317919258028269,0.10941910743713379
0.004298733081668615,0.10827554017305374
0.004284682683646679,0.10918768495321274
0.004292082507163286,0.10872361063957214
0.004359837155789137,0.11007484793663025
0.0043058935552835464,0.10786236077547073
0.0042684017680585384,0.10892925411462784
0.004250379279255867,0.10886210203170776
0.004292338155210018,0.10885705798864365
0.0042897979728877544,0.10904452204704285
0.0042624338530004025,0.10911621153354645
0.004250903148204088,0.10824117809534073
0.004257084336131811,0.10896434634923935
0.004249775782227516,0.1088530421257019
0.0042837923392653465,0.10946717113256454
0.004289295990020037,0.10918646305799484
0.004278675187379122,0.10862637311220169
0.004262643866240978,0.10923714190721512
0.004246440716087818,0.1092614158987999
0.004274230450391769,0.10840073227882385
0.004270050674676895,0.10918507725000381
0.004259687382727861,0.10887204855680466
0.004293522797524929,0.1083696261048317
0.004259583540260792,0.10895034670829773
0.004247874952852726,0.10897140949964523
0.004238608293235302,0.10913338512182236
0.004242241848260164,0.10930129140615463
0.004282166250050068,0.1091122031211853
0.004298641812056303,0.10870078206062317
0.004268499091267586,0.10915103554725647
0.004245280288159847,0.10934577882289886
0.00423116609454155,0.10938026010990143
0.004228592850267887,0.10932818800210953
0.00421810382977128,0.10880869626998901
0.004215258173644543,0.10876569896936417
0.0042262147180736065,0.10886766016483307
0.004235437605530024,0.10902924835681915
0.0042606014758348465,0.10865359008312225
0.00424572080373764,0.1099175363779068
0.00427943654358387,0.1082085594534874
0.004244326148182154,0.10896972566843033
0.004232167731970549,0.10876625031232834
0.0042269001714885235,0.10850588232278824
0.004228746984153986,0.10945703089237213
0.004227382130920887,0.10874996334314346
0.00424373522400856,0.10897994041442871
0.004243031144142151,0.10971447080373764
0.00423788046464324,0.10916157811880112
0.004228207748383284,0.10772339254617691
0.004240804817527533,0.10943511128425598
0.004233947955071926,0.10934286564588547
0.004282119683921337,0.11067073047161102
0.004308626055717468,0.10795815289020538
0.004296069499105215,0.1081097200512886
0.004298963118344545,0.11019336432218552
0.004295156802982092,0.10768282413482666
0.004279391374439001,0.10896667838096619
0.004325108602643013,0.10830533504486084
0.0043091666884720325,0.10850215703248978
0.004291178192943335,0.10795724391937256
0.004259048029780388,0.10875967890024185
0.004237058572471142,0.10903908312320709
0.0042236316949129105,0.10864924639463425
0.004229879472404718,0.10856039077043533
0.0042280820198357105,0.10867228358983994
0.004220451693981886,0.10860386490821838
0.004217499867081642,0.10900095850229263
0.00422455882653594,0.1090429499745369
0.004216249566525221,0.10894330590963364
0.0042045325972139835,0.10904162377119064
0.004208003170788288,0.10888542234897614
0.004211333580315113,0.10918625444173813
0.00421138247475028,0.10918939113616943
0.004207755904644728,0.10903932899236679
0.004208892118185759,0.10910354554653168
0.004211113788187504,0.10903643816709518
0.004213062580674887,0.10895627737045288
0.004204687662422657,0.10938374698162079
0.004206855781376362,0.10915160179138184
0.004214650485664606,0.10890024155378342
0.004213412292301655,0.1090877577662468
0.004210670944303274,0.10954485833644867
0.004233417566865683,0.10925545543432236
0.004228864796459675,0.10856496542692184
0.004248867277055979,0.10826853662729263
0.004242387600243092,0.11035667359828949
0.004255246836692095,0.10832741111516953
0.004254775121808052,0.10858243703842163
0.004389259498566389,0.10890407860279083
0.004310145974159241,0.10910820960998535
0.00427551195025444,0.1086091473698616
0.004258467350155115,0.10932601988315582
0.004266250878572464,0.1088254377245903
0.00424224603921175,0.10861094295978546
0.00421398039907217,0.10892284661531448
0.004207434132695198,0.10910244286060333
0.004207435064017773,0.10940595716238022
0.004210967104882002,0.10906846821308136
0.004205912817269564,0.10853791236877441
0.0041964855045080185,0.11010010540485382
0.00420314259827137,0.10881561785936356
0.004198085982352495,0.10895492881536484
0.004192990250885487,0.10904362052679062
0.004199884366244078,0.10873197764158249
0.004211317747831345,0.10956091433763504
0.004203040152788162,0.10898581147193909
0.0042039514519274235,0.10920265316963196
0.00419634860008955,0.10823918133974075
0.004203352145850658,0.10890475660562515
0.004204422235488892,0.10901337116956711
0.004207983613014221,0.10901389271020889
0.004219931084662676,0.1091127097606659
0.004204344470053911,0.10890429466962814
0.0042296648025512695,0.1087491512298584
0.004247460979968309,0.1089063361287117
0.004242191556841135,0.10913094878196716
0.004250162746757269,0.10820554941892624
0.004214835353195667,0.1092885285615921
0.004218582529574633,0.10951095074415207
0.004230573773384094,0.10856126993894577
0.0042113494127988815,0.1091558113694191
0.004199199378490448,0.10917025804519653
0.004194691311568022,0.1082848310470581
0.004203582648187876,0.10915432125329971
0.004203720483928919,0.10895275324583054
0.00419969204813242,0.1093326285481453
0.004198681563138962,0.10879601538181305
0.004190861713141203,0.10879859328269958
0.004202402196824551,0.10810163617134094
0.004208149388432503,0.10892171412706375
0.00421600928530097,0.10964319109916687
0.004242658149451017,0.10901489853858948
0.00426892377436161,0.10983354598283768
0.004286829382181168,0.11030398309230804
0.004339560400694609,0.1085316613316536
0.0043002525344491005,0.10812187194824219
0.004269833210855722,0.10959409922361374
0.004222671966999769,0.10876218974590302
0.004227820318192244,0.1091490313410759
0.004217799752950668,0.10948728770017624
0.004204639233648777,0.10902101546525955
0.0041893827728927135,0.10936658829450607
0.004184058867394924,0.10849998891353607
0.00418873131275177,0.10969962179660797
0.004200953524559736,0.10930745303630829
0.0042060501873493195,0.10845743864774704
0.004213910084217787,0.10993679612874985
0.00421261228621006,0.10847844183444977
0.004201570060104132,0.1082724928855896
0.004199884366244078,0.10930763185024261
0.004187277052551508,0.10841019451618195
0.004195488523691893,0.10921449214220047
0.004195638932287693,0.10917506366968155
0.004189472179859877,0.10925043374300003
0.004190368577837944,0.10887923836708069
0.0041937436908483505,0.10869718343019485
0.0041998908855021,0.10934393852949142
0.0041969106532633305,0.10917819291353226
0.004210928454995155,0.10879187285900116
0.00426549231633544,0.10873117297887802
0.004302342887967825,0.10866743326187134
0.004270500037819147,0.10715008527040482
0.004243611358106136,0.10844221711158752
0.004216370172798634,0.10898812115192413
0.004221852403134108,0.11009525507688522
0.0042048064060509205,0.10824210196733475
0.0041918326169252396,0.10917451232671738
0.004191959742456675,0.10920644551515579
0.004187382757663727,0.10930640250444412
0.004183273296803236,0.10910151898860931
0.0041939434595406055,0.1088814064860344
0.004193141125142574,0.10956302285194397
0.004179421812295914,0.10905101895332336
0.004171754699200392,0.10900760442018509
0.004172656685113907,0.1086912676692009
0.004172676242887974,0.10888800770044327
0.004164460580796003,0.10885670781135559
0.0041691940277814865,0.10927296429872513
0.004161938093602657,0.10884995013475418
0.004168282728642225,0.10842014104127884
0.0041604056023061275,0.10870534926652908
0.004158331081271172,0.10906893014907837
0.004161730408668518,0.1086677834391594
0.004160216543823481,0.10879404097795486
0.004168391227722168,0.10958593338727951
0.004165306221693754,0.10968886315822601
0.0041665127500891685,0.1085636243224144
0.004183794371783733,0.10862672328948975
0.004179535433650017,0.10867778211832047
0.004248705226927996,0.11031287163496017
0.004416568670421839,0.10904288291931152
0.004311304073780775,0.1088671013712883
0.004233040381222963,0.1092095673084259
0.0042080357670784,0.10878106951713562
0.004181191325187683,0.10877189040184021
0.004177532158792019,0.10883008688688278
0.004170750733464956,0.10875528305768967
0.004184425808489323,0.1101628914475441
0.004183297511190176,0.10894767194986343
0.00418319134041667,0.10816654562950134
0.004191244021058083,0.10861361026763916
0.004184895195066929,0.10819496959447861
0.004171178676187992,0.10886608809232712
0.004173764958977699,0.10898272693157196
0.0041642640717327595,0.10849680751562119
0.004184662830084562,0.10877306759357452
0.00420484459027648,0.11013136804103851
0.004201739560812712,0.10861147195100784
0.004207191523164511,0.10871811956167221
0.004177201073616743,0.1091202050447464
0.004170131403952837,0.1088833436369896
0.004158189985901117,0.10853319615125656
0.004159299656748772,0.10935891419649124
0.0041619641706347466,0.10899293422698975
0.004167906008660793,0.10914254188537598
0.004167033825069666,0.1089310422539711
0.0041678547859191895,0.10904744267463684
0.004172023851424456,0.10877570509910583
0.0041656047105789185,0.10827379673719406
0.004173910710960627,0.10869775712490082
0.004185492638498545,0.10849542170763016
0.004174927249550819,0.10935939103364944
0.004163816571235657,0.10838034749031067
0.0041685630567371845,0.10884580761194229
0.004183395300060511,0.10911814868450165
0.004189068451523781,0.10829289257526398
0.004178883507847786,0.10886071622371674
0.004173292778432369,0.10934075713157654
0.004170976113528013,0.10882993042469025
0.004153080750256777,0.10903424024581909
0.004149014130234718,0.10906022042036057
0.004158121068030596,0.10897810012102127
0.004182346165180206,0.10871496796607971
0.004174176603555679,0.1084078848361969
0.004184042103588581,0.10890427976846695
0.004188165534287691,0.10840211808681488
0.0041999174281954765,0.1091589406132698
0.004202676471322775,0.10852468013763428
0.004212066065520048,0.10954120755195618
0.004198594484478235,0.10885903239250183
0.004207773134112358,0.1088569238781929
0.004287126939743757,0.10725530236959457
0.004382157698273659,0.1075861006975174
0.004271268378943205,0.10799074172973633
0.004209887236356735,0.10848856717348099
0.0041810860857367516,0.10909251123666763
0.004175310954451561,0.10890689492225647
0.004156220238655806,0.10863126814365387
0.00414428673684597,0.10917852818965912
0.004134854767471552,0.10885906964540482
0.004135266877710819,0.10832718759775162
0.004130587447434664,0.10885663330554962
0.004133924376219511,0.10858539491891861
0.004141313023865223,0.10854420065879822
0.004147729836404324,0.10838314145803452
0.004154379013925791,0.10881613194942474
0.00414834450930357,0.1086244210600853
0.004139196127653122,0.10831490159034729
0.0041341111063957214,0.10818294435739517
0.0041494290344417095,0.10890953987836838
0.004139109514653683,0.1082690879702568
0.004148268140852451,0.10820921510457993
0.004147758241742849,0.10891766846179962
0.004135421477258205,0.10817777365446091
0.004137957468628883,0.10936765372753143
0.00414164736866951,0.10833178460597992
0.0041501643136143684,0.10811074078083038
0.004153236746788025,0.10803621262311935
0.004157931078225374,0.10818231105804443
0.004171666223555803,0.10829344391822815
0.004161727149039507,0.10837393254041672
0.004150822293013334,0.10879825800657272
0.0041599515825510025,0.10832156985998154
0.004183939658105373,0.10899850726127625
0.004221017938107252,0.10812864452600479
0.004247969016432762,0.10842593014240265
0.004194079432636499,0.10820838063955307
0.004153372719883919,0.10944195091724396
0.004147941712290049,0.10914392024278641
0.004139093216508627,0.1080816239118576
0.004132390487939119,0.10882307589054108
0.0041272323578596115,0.10837702453136444
0.004128975328058004,0.1087208241224289
0.0041274032555520535,0.10875184088945389
0.004127809777855873,0.10849586874246597
0.004132173489779234,0.10883515328168869
0.004130557645112276,0.10861756652593613
0.004133056383579969,0.10890261828899384
0.004138091579079628,0.108293317258358
0.0041415211744606495,0.10843811929225922
0.004127191379666328,0.10851263999938965
0.004117258824408054,0.1088138073682785
0.004119102377444506,0.10892250388860703
0.004126023501157761,0.10887131094932556
0.004125681240111589,0.10896895080804825
0.004121034871786833,0.10894032567739487
0.004119849298149347,0.1089528352022171
0.004127474967390299,0.10827551782131195
0.004144763108342886,0.10818982869386673
0.004136086441576481,0.10862361639738083
0.00414489209651947,0.10842665284872055
0.004190489184111357,0.10791333764791489
0.00423429673537612,0.10873226076364517
0.004280168563127518,0.10822677612304688
0.00424921652302146,0.10862165689468384
0.004208142403513193,0.109365314245224
0.004189897328615189,0.10878284275531769
0.004156859591603279,0.10742048919200897
0.00414410000666976,0.10872610658407211
0.004132959526032209,0.1089942529797554
0.004146497696638107,0.10872961580753326
0.004146108403801918,0.1086035966873169
0.004140974022448063,0.10896391421556473
0.004130130168050528,0.10832478106021881
0.004140129778534174,0.10886868089437485
0.004137990530580282,0.10796169191598892
0.004137303680181503,0.10945285111665726
0.004127655643969774,0.10870452970266342
0.004118718206882477,0.1088801920413971
0.004117459990084171,0.10842790454626083
0.004121261183172464,0.10860364139080048
0.004116160329431295,0.1086505576968193
0.004117942415177822,0.10931409150362015
0.0041281310841441154,0.10834237188100815
0.0041296277195215225,0.1090320348739624
0.0041579753160476685,0.10843917727470398
0.004152296110987663,0.10886690020561218
0.004140826407819986,0.10804661363363266
0.0041481368243694305,0.10941193997859955
0.004188634920865297,0.10814902931451797
0.004179729614406824,0.10837049037218094
0.004170090425759554,0.10815484821796417
0.0041378880850970745,0.10827042162418365
0.004124728497117758,0.10870415717363358
0.0041217138059437275,0.10852301120758057
0.004117254633456469,0.10843173414468765
0.004114902578294277,0.1086544618010521
0.004112510941922665,0.1084873303771019
0.004116393160074949,0.10823722928762436
0.004119278863072395,0.10857713967561722
0.004119826480746269,0.10823631286621094
0.004123426042497158,0.10825306922197342
0.004137429408729076,0.10876075178384781
0.004135049879550934,0.10827465355396271
0.004136480391025543,0.10846567153930664
0.004136750008910894,0.10830333828926086
0.004153639543801546,0.10824870318174362
0.0041546025313436985,0.10867436230182648
0.0041380166076123714,0.10966765880584717
0.004141130484640598,0.10835240036249161
0.004122264217585325,0.10893269628286362
0.004125753417611122,0.10853294283151627
0.004107969347387552,0.10860302299261093
0.00410595303401351,0.10891123116016388
0.0041045211255550385,0.10868404060602188
0.004098901990801096,0.1083931252360344
0.004104486666619778,0.10878404974937439
0.004104153253138065,0.10870521515607834
0.004112985450774431,0.10888286679983139
0.004112007562071085,0.10835226625204086
0.004112829454243183,0.10838469862937927
0.00410466780886054,0.1087588369846344
0.00410661194473505,0.10890345275402069
0.004111125599592924,0.10853295773267746
0.004108120687305927,0.1090470403432846
0.004106774926185608,0.10864974558353424
0.004102409817278385,0.10842200368642807
0.004102698061615229,0.10871066898107529
0.004121491219848394,0.1085648164153099
0.004149803426116705,0.10880953073501587
0.004116158466786146,0.10837016254663467
0.00411405973136425,0.10820624977350235
0.004132211674004793,0.10863884538412094
0.004118961747735739,0.10852722078561783
0.004107655957341194,0.10853905230760574
0.004103664308786392,0.1084776446223259
0.0041257282719016075,0.10838525742292404
0.004128165077418089,0.10775798559188843
0.0041230544447898865,0.10915424674749374
0.004105385392904282,0.10875655710697174
0.004113274160772562,0.10841070860624313
0.004107343032956123,0.10907240957021713
0.0041102077811956406,0.10831457376480103
0.004117668606340885,0.10827884078025818
0.004138533025979996,0.10872345417737961
0.004122118931263685,0.10822679847478867
0.004108172841370106,0.10899179428815842
0.004118320532143116,0.10886227339506149
0.0041283778846263885,0.10836885869503021
0.004117156844586134,0.1089395135641098
0.004156483802944422,0.10892994701862335
0.004117755219340324,0.10862074792385101
0.004108684603124857,0.10863606631755829
0.004102889448404312,0.10893399268388748
0.0041192676872015,0.10841985046863556
0.004113553557544947,0.10851960629224777
0.00412067910656333,0.10798666626214981
0.004122387617826462,0.10869606584310532
0.004124064464122057,0.1087413877248764
0.004117138218134642,0.10866431146860123
0.004104205407202244,0.10807627439498901
0.004098947159945965,0.10906830430030823
0.004094678908586502,0.10799272358417511
0.004105663392692804,0.10830838233232498
0.004103797022253275,0.10807619988918304
0.0040995171293616295,0.10889649391174316
0.004094226285815239,0.10836004465818405
0.0040883454494178295,0.10904373228549957
0.004091338254511356,0.10846547782421112
0.004087514244019985,0.10860646516084671
0.004087595734745264,0.10873077809810638
0.00410027289763093,0.10876444727182388
0.004092143848538399,0.10822837799787521
0.004105526488274336,0.10862288624048233
0.004107692278921604,0.10835351794958115
0.004118575248867273,0.10900495946407318
0.004204589407891035,0.10794278234243393
0.0042170146480202675,0.10890371352434158
0.0041747731156647205,0.10817158967256546
0.004161705728620291,0.1087091788649559
0.0041479445062577724,0.10772243142127991
0.004143970552831888,0.10903652757406235
0.004134217277169228,0.10877463966608047
0.00412818742915988,0.10889329761266708
0.0041033076122403145,0.1083642765879631
0.004098264500498772,0.10897553712129593
0.004098368808627129,0.10792332887649536
0.004113270901143551,0.10893066972494125
0.004080488812178373,0.1083688884973526
0.00408291956409812,0.10828182846307755
0.004073130898177624,0.10857938975095749
0.0040749129839241505,0.1082591637969017
0.0040739853866398335,0.10892415791749954
0.004078533034771681,0.10877339541912079
0.004078359343111515,0.10894093662500381
0.004074711352586746,0.10816340148448944
0.004079427570104599,0.1086326465010643
0.00408254424110055,0.10845641046762466
0.0040867263451218605,0.10861992835998535
0.0040861270390450954,0.10829512774944305
0.004085245076566935,0.10823921114206314
0.0041025071404874325,0.10818687826395035
0.004120978061109781,0.10896182805299759
0.0041100806556642056,0.10840359330177307
0.00412946380674839,0.10760927200317383
0.004142597783356905,0.10846348106861115
0.004106729291379452,0.1087973341345787
0.004125678446143866,0.10801815241575241
0.004118446726351976,0.10851546376943588
0.0041107796132564545,0.10932913422584534
0.004104716703295708,0.10809985548257828
0.004144134931266308,0.10816199332475662
0.004133023787289858,0.1083519384264946
0.0041306293569505215,0.10863256454467773
0.004098447971045971,0.10867199301719666
0.004081633873283863,0.10855306684970856
0.004073962569236755,0.10887186974287033
0.004075246397405863,0.1086096242070198
0.0040637473575770855,0.10842673480510712
0.004083205014467239,0.10804194211959839
0.004081795923411846,0.1085636094212532
0.004085776396095753,0.10904114693403244
0.004085246007889509,0.10930672287940979
0.004088061396032572,0.10823361575603485
0.004085898399353027,0.10827906429767609
0.004073325078934431,0.10884790867567062
0.004081264138221741,0.10866483300924301
0.004080304875969887,0.10831521451473236
0.004072848707437515,0.1087685078382492
0.004069837741553783,0.10844746232032776
0.0040792496874928474,0.10841367393732071
0.0040712920017540455,0.10870916396379471
0.004084398038685322,0.10905507206916809
0.0040763127617537975,0.10836831480264664
0.004070817958563566,0.10841408371925354
0.004080045036971569,0.10850316286087036
0.00407232204452157,0.10855435580015182
0.004069350194185972,0.10869022458791733
0.0040700617246329784,0.1085217148065567
0.0040850103832781315,0.10811378061771393
0.004082829225808382,0.10854699462652206
0.004092282149940729,0.10868076980113983
0.004090211819857359,0.10810047388076782
0.004102848470211029,0.1088702529668808
0.004116439260542393,0.10775937139987946
0.004089603666216135,0.10841652005910873
0.00407872349023819,0.10834336280822754
0.0040788534097373486,0.10836224257946014
0.004088817164301872,0.1085498034954071
0.004082091152667999,0.10830655694007874
0.00408876221626997,0.10812996327877045
0.004081699997186661,0.10838080942630768
0.0040719714015722275,0.10803459584712982
0.004071233794093132,0.10893275588750839
0.004057897254824638,0.10854152590036392
0.004064181819558144,0.10796119272708893
0.00406506285071373,0.10869448632001877
0.004064065869897604,0.10795492678880692
0.004069404676556587,0.10849897563457489
0.004077632445842028,0.10874775052070618
0.004085006657987833,0.10873310267925262
0.004089236259460449,0.10838951915502548
0.0040845200419425964,0.10849557816982269
0.004078750964254141,0.10882832109928131
0.004061124753206968,0.10818575322628021
0.0040761688724160194,0.1086629256606102
0.004068510141223669,0.10908965021371841
0.004059945233166218,0.10856819152832031
0.004054684657603502,0.10782816261053085
0.00405315263196826,0.10859430581331253
0.004053401295095682,0.10831201076507568
0.004069006536155939,0.10873287916183472
0.004056181292980909,0.10841056704521179
0.004055515397340059,0.10800676792860031
0.004055652767419815,0.10803193598985672
0.004057072103023529,0.10861533135175705
0.004058105405420065,0.10792107880115509
0.004066730849444866,0.1084316149353981
0.004075649194419384,0.10793837159872055
0.004057060927152634,0.10829881578683853
0.004057468846440315,0.10824354737997055
0.004053724464029074,0.10806851089000702
0.004057699348777533,0.10820665210485458
0.004051273688673973,0.10823988169431686
0.004064745735377073,0.10843813419342041
0.004082393366843462,0.10854113101959229
0.004096178337931633,0.10820840299129486
0.004112557508051395,0.1086137518286705
0.0040869517251849174,0.10842292755842209
0.0040864599868655205,0.10799237340688705
0.004067243076860905,0.10885670781135559
0.004067119676619768,0.10829059034585953
0.004053417593240738,0.10851454734802246
0.004057919140905142,0.10870613902807236
0.004064573906362057,0.10822717100381851
0.00406025443226099,0.10839162021875381
0.00405529048293829,0.10858667641878128
0.004058522637933493,0.10781289637088776
0.004071628674864769,0.10931960493326187
0.004066647030413151,0.10837296396493912
0.004069474991410971,0.10867496579885483
0.004071080591529608,0.10858973860740662
0.004076821263879538,0.10869497805833817
0.004076753742992878,0.1087627187371254
0.004068579059094191,0.10786905139684677
0.004072210285812616,0.10854919999837875
0.004054537042975426,0.10824144631624222
0.004048957023769617,0.10847155749797821
0.004040443804115057,0.10822978615760803
0.004055310506373644,0.10865406692028046
0.0040377662517130375,0.1082082986831665
0.004037806298583746,0.10841462016105652
0.004035321529954672,0.10851434618234634
0.004041051026433706,0.10826916992664337
0.0040488531813025475,0.10835544764995575
0.004057515412569046,0.10814840346574783
0.00409672548994422,0.1082422137260437
0.004080834798514843,0.1082037091255188
0.004114496521651745,0.1067105159163475
0.004112010356038809,0.1080518513917923
0.004109553061425686,0.10737371444702148
0.00407783966511488,0.1072009727358818
0.0040702419355511665,0.10808506608009338
0.0040486836805939674,0.1077922135591507
0.004034202545881271,0.10860579460859299
0.00403854064643383,0.10860041528940201
0.004053086042404175,0.10824104398488998
0.00405130023136735,0.10820825397968292
0.004050451796501875,0.1086278036236763
0.0040414100512862206,0.10838214308023453
0.004040902480483055,0.10844241082668304
0.004049199633300304,0.10813287645578384
0.004043991677463055,0.10866212844848633
0.004054310265928507,0.10867888480424881
0.004049959592521191,0.10858207195997238
0.0040336353704333305,0.10843008011579514
0.0040292260237038136,0.10847584903240204
0.004033522214740515,0.10830552875995636
0.004038127604871988,0.10840573161840439
0.0040365965105593204,0.10824306309223175
0.004036027938127518,0.10838034749031067
0.004036673344671726,0.10867863893508911
0.004029947333037853,0.10845177620649338
0.004034085664898157,0.10865812003612518
0.004050849936902523,0.1079496368765831
0.004047814756631851,0.10864175111055374
0.0040539032779634,0.10848604142665863
0.0041256858967244625,0.10764218866825104
0.004183963406831026,0.10857369750738144
0.004136661067605019,0.10853758454322815
0.004123358987271786,0.10786427557468414
0.004091230221092701,0.10835524648427963
0.004049205221235752,0.10826167464256287
0.004040900617837906,0.10776927322149277
0.004035852383822203,0.10826540738344193
0.004044686909765005,0.10824744403362274
0.0040440852753818035,0.10799910128116608
0.004035497549921274,0.10812463611364365
0.004024876281619072,0.10801523178815842
0.0040206508710980415,0.10832178592681885
0.004020704887807369,0.10823230445384979
0.004023720510303974,0.10852905362844467
0.004048692062497139,0.10777201503515244
0.004048382863402367,0.10811211168766022
0.004048442002385855,0.1080348864197731
0.004039654042571783,0.10885865241289139
0.0040352786891162395,0.10823138058185577
0.00402894988656044,0.10798246413469315
0.004022111650556326,0.10807687789201736
0.004024664405733347,0.10834604501724243
0.004031875636428595,0.10805626958608627
0.004033725708723068,0.10811865329742432
0.004030860494822264,0.10829546302556992
0.004019537474960089,0.10839948803186417
0.0040258197113871574,0.10822956264019012
0.004028709605336189,0.10778641700744629
0.004018918611109257,0.10835138708353043
0.004017747938632965,0.10789759457111359
0.004019506741315126,0.10816007852554321
0.0040252977050840855,0.10816849768161774
0.004043098073452711,0.10803869366645813
0.0040392400696873665,0.10811610519886017
0.004051662050187588,0.10799708962440491
0.004061611834913492,0.10787390172481537
0.004046163521707058,0.10816588997840881
0.004041312728077173,0.10876283049583435
0.0040231989696621895,0.10753703862428665
0.004027391783893108,0.10794384777545929
0.004021195229142904,0.10795540362596512
0.004011303652077913,0.10825330018997192
0.004017758183181286,0.10806064307689667
0.004017763305455446,0.10799165070056915
0.004019980318844318,0.10811410844326019
0.004021579399704933,0.10801887512207031
0.00403185561299324,0.10777240991592407
0.004032764118164778,0.10840797424316406
0.004030503798276186,0.10799524188041687
0.004029774107038975,0.10807310789823532
0.004043233580887318,0.10735654830932617
0.004044866655021906,0.10883048176765442
0.004057516809552908,0.10823938250541687
0.0040410044603049755,0.10843554884195328
0.004033961333334446,0.10792067646980286
0.004037885926663876,0.10836820304393768
0.004035776946693659,0.10784311592578888
0.004030844662338495,0.10805158317089081
0.00403237110003829,0.10823769867420197
0.00403026444837451,0.10804198682308197
0.004048177972435951,0.10767526179552078
0.00405074330046773,0.10786609351634979
0.004077861551195383,0.10773781687021255
0.004069905262440443,0.10859796404838562
0.004041207488626242,0.10809839516878128
0.004018878564238548,0.10792320221662521
0.00401866203173995,0.108321413397789
0.004015833605080843,0.10839435458183289
0.004015718121081591,0.10822513699531555
0.004027198068797588,0.10835827142000198
0.004030153620988131,0.1086885929107666
0.00403852853924036,0.10807280242443085
0.004023644607514143,0.10818956792354584
0.004031744319945574,0.10803470015525818
0.004037720616906881,0.10856395959854126
0.004061124753206968,0.107666015625
0.004086942411959171,0.10820847004652023
0.004088918212801218,0.10753749310970306
0.004045526031404734,0.10800033062696457
0.004028147552162409,0.10841967910528183
0.0040230583399534225,0.10847204178571701
0.004012927878648043,0.10803724080324173
0.0040125250816345215,0.10847201943397522
0.004031181335449219,0.10771071910858154
0.004028532188385725,0.10765411704778671
0.004015685059130192,0.10821923613548279
0.004006744362413883,0.10786918550729752
0.0040103173814713955,0.10847906768321991
0.004017062019556761,0.10806804895401001
0.004005749709904194,0.10811159014701843
0.004002586007118225,0.10860785096883774
0.004008552059531212,0.10775306820869446
0.0040145316161215305,0.10805818438529968
0.004017621744424105,0.10803935676813126
0.0040339999832212925,0.10797806829214096
0.004025117494165897,0.10803071409463882
0.004039297346025705,0.10846418887376785
0.004023464396595955,0.10802669823169708
0.004029222298413515,0.10886968672275543
0.004021071828901768,0.10866864770650864
0.004011316224932671,0.10840480029582977
0.004015159327536821,0.10814986377954483
0.0040044030174613,0.10795477032661438
0.0039995331317186356,0.10807843506336212
0.0039944276213645935,0.10798969864845276
0.003997527062892914,0.10792805254459381
0.003998227417469025,0.10793682187795639
0.003998646978288889,0.1080041453242302
0.003993688616901636,0.10774353891611099
0.0039946469478309155,0.10835698246955872
0.0039974660612642765,0.10817185789346695
0.003997806925326586,0.10800626873970032
0.004000628367066383,0.10795518755912781
0.0039917887188494205,0.10778181254863739
0.003996646031737328,0.1083294227719307
0.004010927397757769,0.10811463743448257
0.003996590618044138,0.10794108361005783
0.003999275621026754,0.10804519057273865
0.004004134330898523,0.10822241753339767
0.003990975674241781,0.10783600807189941
0.004007544834166765,0.10843914747238159
0.004003383684903383,0.1081111952662468
0.004001414403319359,0.10771957784891129
0.004020747262984514,0.108009472489357
0.004014584701508284,0.10869953781366348
0.004034323152154684,0.10772097110748291
0.004020152613520622,0.10787218809127808
0.004017098341137171,0.10820634663105011
0.004002127330750227,0.10828305035829544
0.00400335481390357,0.10824506729841232
0.004014154430478811,0.10796525329351425
0.004003501962870359,0.10801606625318527
0.004007331095635891,0.10830865800380707
0.004005661699920893,0.10788130760192871
0.003998955246061087,0.10815833508968353
0.004007643088698387,0.10781814157962799
0.003999483305960894,0.10826202481985092
0.004001424182206392,0.10766217857599258
0.004016651306301355,0.10764966160058975
0.003998308442533016,0.10780318826436996
0.003997247666120529,0.10818108916282654
0.003995663486421108,0.1078227087855339
0.0039970651268959045,0.10823425650596619
0.003997772932052612,0.10804180055856705
0.0039989398792386055,0.10762133449316025
0.00399453891441226,0.10778319835662842
0.003991665318608284,0.10783395171165466
0.0040076361037790775,0.10778225213289261
0.004017519298940897,0.10803856700658798
0.004010538570582867,0.10770933330059052
0.003995301201939583,0.10794950276613235
0.003996601793915033,0.10785834491252899
0.003981307148933411,0.10794106870889664
0.00398723129183054,0.10823539644479752
0.003983581904321909,0.10763299465179443
0.0039899093098938465,0.10872946679592133
0.003998634405434132,0.10819084197282791
0.004000543616712093,0.10846032202243805
0.004037388600409031,0.10738623142242432
0.004025558475404978,0.1081400215625763
0.004010011907666922,0.10822201520204544
0.004005803260952234,0.1082313135266304
0.004019337706267834,0.10765663534402847
0.004014397505670786,0.10769593715667725
0.0040092747658491135,0.10807070136070251
0.004010434728115797,0.10782333463430405
0.004003405105322599,0.10812392830848694
0.003994734957814217,0.10807522386312485
0.003987556789070368,0.10787848383188248
0.003988916985690594,0.10810478776693344
0.003995233681052923,0.10744348913431168
0.003998180851340294,0.10801760107278824
0.003989797085523605,0.10743417590856552
0.003982814960181713,0.10797836631536484
0.003980810288339853,0.10782328993082047
0.003980339504778385,0.10789544135332108
0.00398444477468729,0.10757032036781311
0.003987548872828484,0.10811834037303925
0.004020499996840954,0.10821614414453506
0.004040813539177179,0.10742047429084778
0.004039884544909,0.10800202190876007
0.004016515798866749,0.10799155384302139
0.003995777107775211,0.10810505598783493
0.00398600660264492,0.10844576358795166
0.003981769550591707,0.10766690969467163
0.003975601866841316,0.10779713839292526
0.003981050569564104,0.10811801254749298
0.0039770896546542645,0.10755041986703873
0.003970983438193798,0.10794338583946228
0.003966583404690027,0.10797395557165146
0.003964469768106937,0.10803231596946716
0.003964764066040516,0.10812854021787643
0.003966431599110365,0.10778427124023438
0.003968814387917519,0.10794799774885178
0.003964479546993971,0.10788753628730774
0.003972276579588652,0.10794433206319809
0.003973490092903376,0.10780371725559235
0.003976538311690092,0.10800350457429886
0.003989224787801504,0.10774180293083191
0.0039826929569244385,0.10784891992807388
0.003981212619692087,0.10811786353588104
0.0039872946217656136,0.10761913657188416
0.003983356524258852,0.10818298906087875
0.00399033073335886,0.10809279978275299
0.00399030651897192,0.10783833265304565
0.0039886655285954475,0.10754621028900146
0.00399547815322876,0.10854130983352661
0.003990580793470144,0.1074535921216011
0.003996286075562239,0.1079820916056633
0.003987136762589216,0.1075175330042839
0.003980762790888548,0.10833855718374252
0.003989385906606913,0.10794875770807266
0.003973891027271748,0.10822749882936478
0.003977798391133547,0.10740164667367935
0.003986743278801441,0.10771206021308899
0.004007555544376373,0.10811109095811844
0.003992915153503418,0.10775544494390488
0.003974217921495438,0.10803378373384476
0.003973556682467461,0.10712338984012604
0.003981415182352066,0.1081095039844513
0.003972749225795269,0.10717254132032394
0.003968269098550081,0.10798423737287521
0.003981417044997215,0.10738229751586914
0.003993848338723183,0.10790950059890747
0.003986121620982885,0.10774765908718109
0.003995649982243776,0.10778844356536865
0.0039863004349172115,0.10817281901836395
0.003985302057117224,0.10770131647586823
0.003979754634201527,0.10754282027482986
0.003983143717050552,0.10779845714569092
0.003979905974119902,0.10721947997808456
0.003965819254517555,0.10796850174665451
0.0039660315960645676,0.10771209746599197
0.003977455664426088,0.10773652791976929
0.003979325294494629,0.10799466818571091
0.003977869171649218,0.10785216838121414
0.003998235333710909,0.10760073363780975
0.004011893644928932,0.10771303623914719
0.00405446020886302,0.1076461598277092
0.0040526981465518475,0.10846371948719025
0.004030429292470217,0.10768968611955643
0.004022471606731415,0.10808727145195007
0.004017264116555452,0.1071440801024437
0.003992773592472076,0.10691379010677338
0.003980614244937897,0.10784018039703369
0.003972293809056282,0.10754251480102539
0.003979256842285395,0.10739076137542725
0.003963292110711336,0.10782656818628311
0.00396436033770442,0.1074674054980278
0.003962694201618433,0.10777447372674942
0.003961904905736446,0.1075577363371849
0.003956971224397421,0.10778751969337463
0.00395131716504693,0.10757580399513245
0.003949921578168869,0.10776553303003311
0.003952208440750837,0.10764547437429428
0.003951388876885176,0.10749541223049164
0.003957662265747786,0.10743073374032974
0.0039594741538167,0.10774508863687515
0.003957419656217098,0.10766919702291489
0.003965364303439856,0.10751964896917343
0.003954657353460789,0.10773161053657532
0.003959587309509516,0.10732418298721313
0.003957341890782118,0.10761576890945435
0.003954906947910786,0.10758082568645477
0.0039609987288713455,0.10793197154998779
0.003964041359722614,0.10780584067106247
0.003965751267969608,0.10772871971130371
0.003960997331887484,0.10740760713815689
0.003963805735111237,0.10751023143529892
0.003969287034124136,0.1075684130191803
0.003956825006753206,0.10762699693441391
0.003953044768422842,0.10767871141433716
0.003954004030674696,0.1073325127363205
0.003955900203436613,0.10739385336637497
0.003949238918721676,0.10743290930986404
0.003952687606215477,0.10780761390924454
0.0039450256153941154,0.10756529867649078
0.00394975021481514,0.10771786421537399
0.003952181898057461,0.10794061422348022
0.003957775887101889,0.10764329880475998
0.00396702578291297,0.10779202729463577
0.00396790960803628,0.10768046230077744
0.00395531952381134,0.10760568827390671
0.0039641372859478,0.10749407112598419
0.0039582401514053345,0.10758516192436218
0.003947325050830841,0.10774141550064087
0.003952699713408947,0.1078174039721489
0.003956417087465525,0.10709605365991592
0.003948218654841185,0.10771117359399796
0.003946690820157528,0.10727518796920776
0.003955166321247816,0.107516348361969
0.003953658044338226,0.1077481135725975
0.003955392632633448,0.10750818252563477
0.0039476631209254265,0.10761729627847672
0.003954549785703421,0.10767970234155655
0.0039576031267642975,0.10738325119018555
0.003946204669773579,0.10746197402477264
0.003945467062294483,0.10784605890512466
0.003947863355278969,0.10749252885580063
0.003946807701140642,0.10738837718963623
0.003938859794288874,0.10762322694063187
0.003942728508263826,0.10769888013601303
0.003941547125577927,0.10763450711965561
0.00396039430052042,0.10748766362667084
0.00396020757034421,0.10764257609844208
0.003971665631979704,0.10804823786020279
0.003967072814702988,0.10740810632705688
0.003946155775338411,0.10761824250221252
0.0039430768229067326,0.10772398114204407
0.003940265160053968,0.10747510194778442
0.00394700700417161,0.10768028348684311
0.003942364826798439,0.1072610467672348
0.003954662941396236,0.10739782452583313
0.003959003835916519,0.10766691714525223
0.003968771547079086,0.10721705853939056
0.00396850798279047,0.10733748972415924
0.003967719152569771,0.10775939375162125
0.003988387994468212,0.10707980394363403
0.003974249120801687,0.10726233571767807
0.003956871572881937,0.10745982080698013
0.003946611657738686,0.10750816762447357
0.003948211204260588,0.10743393003940582
0.0039453147910535336,0.10774357616901398
0.003950188867747784,0.10732834786176682
0.0039605749770998955,0.1077854260802269
0.003956144209951162,0.10761076956987381
0.003948884550482035,0.10725174844264984
0.003948062192648649,0.10731282085180283
0.003944717813283205,0.10739225149154663
0.00394066097214818,0.10738210380077362
0.003943780902773142,0.10705368965864182
0.0039519318379461765,0.10761266946792603
0.00394459068775177,0.10727697610855103
0.003953502047806978,0.1074538379907608
0.0039518713019788265,0.10735766589641571
0.003943809308111668,0.1071724221110344
0.003938927780836821,0.10728825628757477
0.0039360434748232365,0.10759375989437103
0.003961088601499796,0.1079106554389
0.003958737011998892,0.10747133195400238
0.0039736065082252026,0.1075364500284195
0.003976626321673393,0.10747026652097702
0.0039758943021297455,0.1066318154335022
0.0039669000543653965,0.1077079325914383
0.003957065753638744,0.10742959380149841
0.0039645093493163586,0.10727014392614365
0.003978305030614138,0.1068810224533081
0.00396608654409647,0.10761289298534393
0.003948247525840998,0.10750488191843033
0.003938347566872835,0.10737785696983337
0.003935524728149176,0.1075756847858429
0.003941339440643787,0.10724510997533798
0.00394453527405858,0.10768955945968628
0.0039529805071651936,0.10745024681091309
0.003963837865740061,0.10709220916032791
0.003953868057578802,0.10815223306417465
0.003941837232559919,0.10711371898651123
0.003934691660106182,0.10740181058645248
0.003933260217308998,0.10734730958938599
0.003930252511054277,0.10718686133623123
0.003932412713766098,0.10729097574949265
0.003930047620087862,0.10764540731906891
0.003932738211005926,0.10706224292516708
0.003928888589143753,0.10731243342161179
0.003928870894014835,0.10723350942134857
0.003932729829102755,0.10773564130067825
0.003928356803953648,0.10736950486898422
0.003924883436411619,0.10751935094594955
0.003931973595172167,0.10740255564451218
0.003939913120120764,0.10754663497209549
0.003932339604943991,0.10720004886388779
0.0039318278431892395,0.10704296827316284
0.0039337435737252235,0.10744886845350266
0.003930576145648956,0.1072223037481308
0.00393837783485651,0.10735908150672913
0.003928876481950283,0.10730556398630142
0.003921380266547203,0.10744212567806244
0.003920292481780052,0.10712622106075287
0.003924330230802298,0.10721801221370697
0.003925086464732885,0.10735852271318436
0.003931752406060696,0.10738054662942886
0.0039374008774757385,0.10744437575340271
0.003936741966754198,0.10775570571422577
0.0039378623478114605,0.10744088888168335
0.003932475578039885,0.10744741559028625
0.00393455708399415,0.10749873518943787
0.003931839484721422,0.1068972498178482
0.003949697129428387,0.10740409046411514
0.003944333177059889,0.10682705044746399
0.003944976255297661,0.10684160888195038
0.003938829060643911,0.1077578142285347
0.0039392742328345776,0.10737252235412598
0.003954019863158464,0.10761534422636032
0.003937939181923866,0.1070912629365921
0.003969716839492321,0.10709449648857117
0.003971987869590521,0.10688880831003189
0.0039576757699251175,0.10686895996332169
0.003961620852351189,0.10749154537916183
0.003956629894673824,0.106508269906044
0.003952955827116966,0.10738641768693924
0.003955533728003502,0.10658731311559677
0.003949563950300217,0.1069423258304596
0.003945258911699057,0.10701935738325119
0.0039420779794454575,0.1072762981057167
0.003935523796826601,0.10781160742044449
0.003917507361620665,0.10700248181819916
0.003914412576705217,0.10728741437196732
0.003909888677299023,0.10719974339008331
0.0039091408252716064,0.1072978600859642
0.003907309845089912,0.1073378399014473
0.003921814262866974,0.10730811208486557
0.003928831312805414,0.10750263929367065
0.003933170344680548,0.10703497380018234
0.0039227851666510105,0.10759527236223221
0.003924504853785038,0.10726650059223175
0.00392669253051281,0.10721909999847412
0.003918996546417475,0.10725534707307816
0.00391525449231267,0.10745710879564285
0.003923127893358469,0.10735099762678146
0.003915187902748585,0.10756056010723114
0.003910435363650322,0.1074206754565239
0.003913886845111847,0.1071208193898201
0.0039188312366604805,0.1072271317243576
0.003930846694856882,0.10765001177787781
0.003932301886379719,0.10691790282726288
0.003931799903512001,0.10728934407234192
0.003927329089492559,0.1075812578201294
0.003945401404052973,0.10695146769285202
0.0039212810806930065,0.10716920346021652
0.003914971370249987,0.10720065981149673
0.003914449363946915,0.10735266655683517
0.003916061017662287,0.1075659841299057
0.003909433726221323,0.10736502707004547
0.0039135306142270565,0.1074257493019104
0.003924913704395294,0.10707344114780426
0.003939128015190363,0.10758274793624878
0.003964553587138653,0.10693363100290298
0.0040755202062428,0.10736062377691269
0.0039914315566420555,0.10731225460767746
0.003982260823249817,0.10745101422071457
0.003960039000958204,0.10699912905693054
0.003956873435527086,0.10697539895772934
0.003956093452870846,0.10686507821083069
0.003934126812964678,0.10684502869844437
0.0039207846857607365,0.10720425844192505
0.003909660503268242,0.10720501095056534
0.0039183469489216805,0.10728807747364044
0.003914172295480967,0.10708992928266525
0.003908415790647268,0.10740767419338226
0.003907846752554178,0.10679169744253159
0.003909164573997259,0.10729828476905823
0.003906256519258022,0.10721222311258316
0.0039049682673066854,0.10754705220460892
0.0039038367103785276,0.10709691792726517
0.0039006967563182116,0.10716009140014648
0.003898765193298459,0.10733065009117126
0.0038956687785685062,0.1074197068810463
0.0038978811353445053,0.10760755091905594
0.003901127027347684,0.10712297260761261
0.003899733070284128,0.10757678002119064
0.003911267034709454,0.1074320450425148
0.003914060071110725,0.10708631575107574
0.003907053265720606,0.10743776708841324
0.003915288019925356,0.107185959815979
0.003923799842596054,0.1069812923669815
0.003931493032723665,0.1070665568113327
0.003917691297829151,0.10695670545101166
0.0039262594655156136,0.10722129791975021
0.003914286382496357,0.10717521607875824
0.0039059522096067667,0.1071191281080246
0.0039010692853480577,0.10769280791282654
0.003898076480254531,0.10727669298648834
0.0038950841408222914,0.10720386356115341
0.0038956899661570787,0.10729243606328964
0.003898326074704528,0.1070864200592041
0.0038993926718831062,0.10700438171625137
0.0039016813971102238,0.10721754282712936
0.0038979894015938044,0.1070265993475914
0.003899228759109974,0.10698757320642471
0.003904425771906972,0.10696455091238022
0.003902516094967723,0.10687992721796036
0.0038976154755800962,0.10720595717430115
0.0038959479425102472,0.10713006556034088
0.00389523571357131,0.10710249841213226
0.0039034129586070776,0.10738462954759598
0.0038999300450086594,0.10723938047885895
0.003918210510164499,0.10690748691558838
0.003923280630260706,0.10727408528327942
0.003916545771062374,0.10723258554935455
0.003918508067727089,0.1073935255408287
0.003914493136107922,0.10667406022548676
0.003914515022188425,0.1074652373790741
0.0039088609628379345,0.10689996927976608
0.003913042601197958,0.10696060955524445
0.003916706889867783,0.10778247565031052
0.003938388545066118,0.10703439265489578
0.003932914696633816,0.10675934702157974
0.00391348684206605,0.10670246928930283
0.003909231163561344,0.1069352850317955
0.0039175585843622684,0.10656510293483734
0.003909397404640913,0.1069214940071106
0.003910803236067295,0.10700971633195877
0.003913050517439842,0.1075262725353241
0.003929558210074902,0.10708649456501007
0.003912509884685278,0.10661888122558594
0.003905020421370864,0.10709552466869354
0.003903938690200448,0.10706184059381485
0.0038990762550383806,0.10719028115272522
0.003897602902725339,0.10689430683851242
0.0038906456902623177,0.10682272911071777
0.003897181712090969,0.10703738033771515
0.0039024369325488806,0.10725978761911392
0.0039039049297571182,0.10718497633934021
0.003899659961462021,0.10656730085611343
0.0038991377223283052,0.10734544694423676
0.0038934294134378433,0.10690023005008698
0.003901207819581032,0.10713685303926468
0.0038984459824860096,0.10714752227067947
0.0038992459885776043,0.10719216614961624
0.0038906424306333065,0.10726294666528702
0.003888250095769763,0.10703732073307037
0.003890771884471178,0.10722064226865768
0.0038971728645265102,0.10771363228559494
0.003911904059350491,0.10669967532157898
0.003903202712535858,0.10729881376028061
0.0038986285217106342,0.10737431794404984
0.003916629124432802,0.1073179766535759
0.003943470306694508,0.10692846029996872
0.003938591573387384,0.10711970925331116
0.003920147195458412,0.10697650164365768
0.0039020301774144173,0.10727325081825256
0.0038934871554374695,0.10686448961496353
0.003893075278028846,0.10681042075157166
0.003888040315359831,0.10709282755851746
0.003889417741447687,0.10705956816673279
0.0038866049144417048,0.10699761658906937
0.0038966392166912556,0.1069469079375267
0.0038932468742132187,0.10708490759134293
0.0038942836690694094,0.10703834891319275
0.003895222209393978,0.10702744871377945
0.003890413325279951,0.1071738749742508
0.0038894747849553823,0.10674583911895752
0.0038865958340466022,0.10712675750255585
0.003887445665895939,0.10713127255439758
0.0038894491735845804,0.1070609912276268
0.0038923604879528284,0.1069871261715889
0.0038864645175635815,0.10708528757095337
0.003880840726196766,0.10694317519664764
0.0038808153476566076,0.10688664019107819
0.0038843839429318905,0.10663601011037827
0.0038976732175797224,0.10697086155414581
0.0038977954536676407,0.10719900578260422
0.003894026158377528,0.10670369863510132
0.003888307372108102,0.10665073990821838
0.003911915700882673,0.10729798674583435
0.0039000147953629494,0.1068311259150505
0.0038892612792551517,0.10699689388275146
0.003885220270603895,0.10676173865795135
0.00388103979639709,0.10722514986991882
0.0038864898961037397,0.10705241560935974
0.00388337136246264,0.10702981054782867
0.0038924661930650473,0.10683774948120117
0.003890220308676362,0.1067529022693634
0.0039020017720758915,0.10685186833143234
0.003893616609275341,0.10705351829528809
0.0038871574215590954,0.10696115344762802
0.0038857662584632635,0.10699964314699173
0.003882074262946844,0.10701705515384674
0.0038864321541041136,0.10687560588121414
0.003886609338223934,0.10686919838190079
0.003887471044436097,0.10679648816585541
0.003886278485879302,0.10656867176294327
0.003882017685100436,0.10679218173027039
0.0038856815081089735,0.10666058212518692
0.003887973027303815,0.10702209919691086
0.0038808463141322136,0.10663479566574097
0.0038840905763208866,0.10682453960180283
0.003895539091899991,0.10711058229207993
0.003885172540321946,0.10685354471206665
0.003880593925714493,0.10688115656375885
0.0038801338523626328,0.10667962580919266
0.003882898949086666,0.10680793225765228
0.0038878105115145445,0.10675331950187683
0.0038927309215068817,0.1068115383386612
0.003887318540364504,0.10673365741968155
0.003888014703989029,0.10628676414489746
0.0038901346269994974,0.10688996315002441
0.00388991367071867,0.10672019422054291
0.003886391641572118,0.10676945745944977
0.00388070335611701,0.10664056986570358
0.003880574367940426,0.10672402381896973
0.0038826470263302326,0.10677574574947357
0.0038769301027059555,0.10664904117584229
0.0038813441060483456,0.10644262284040451
0.003888349514454603,0.1070326641201973
0.0038707726635038853,0.10645932704210281
0.003872377099469304,0.10668190568685532
0.0038646478205919266,0.10690997540950775
0.003867833176627755,0.1067468449473381
0.0038749095983803272,0.10682442039251328
0.0038728578947484493,0.10673264414072037
0.003892299486324191,0.10662464797496796
0.0038808865938335657,0.10648039728403091
0.003875019494444132,0.106624074280262
0.003868609433993697,0.10661444813013077
0.003874206682667136,0.10696231573820114
0.0038762232288718224,0.10715173184871674
0.0038857886102050543,0.10649203509092331
0.0038941192906349897,0.10717116296291351
0.0039014932699501514,0.10703816264867783
0.003894468303769827,0.106449656188488
0.003903324482962489,0.10683844238519669
0.003913368564099073,0.10677412897348404
0.0039044353179633617,0.10641929507255554
0.003908722661435604,0.10649075359106064
0.0039159562438726425,0.10680391639471054
0.0039376853965222836,0.10636868327856064
0.0038958233781158924,0.10677123069763184
0.003884504549205303,0.10656891763210297
0.0038718010764569044,0.10669304430484772
0.0038693505339324474,0.10659006983041763
0.003861679695546627,0.10697794705629349
0.003859983291476965,0.10667688399553299
0.0038612000644207,0.10671328753232956
0.00386892375536263,0.10649526119232178
0.0038702315650880337,0.1066347286105156
0.0038652783259749413,0.10682603716850281
0.0038638378027826548,0.10661927610635757
0.003865930251777172,0.10670539736747742
0.00386519986204803,0.10701784491539001
0.0038645979948341846,0.10675443708896637
0.0038614789955317974,0.10687410831451416
0.0038625409360975027,0.10663291811943054
0.003864775877445936,0.10669330507516861
0.00386772770434618,0.10653243213891983
0.0038648482877761126,0.10667236894369125
0.0038747580256313086,0.10700184106826782
0.0038869758136570454,0.10676035284996033
0.0038974930066615343,0.10674075037240982
0.003875316120684147,0.10685508698225021
0.0038677456323057413,0.10652432590723038
0.0038809652905911207,0.10685884952545166
0.003894696943461895,0.10639210045337677
0.003911141771823168,0.10680469870567322
0.0039132689125835896,0.10657462477684021
0.0038851669523864985,0.10689453035593033
0.0038795315194875,0.10688529163599014
0.003862047102302313,0.10658042132854462
0.003860253607854247,0.10655868053436279
0.003859359072521329,0.10655368119478226
0.0038576731458306313,0.10650309920310974
0.0038662429433315992,0.10642647743225098
0.00385896279476583,0.10687975585460663
0.0038632506038993597,0.10689368844032288
0.003859075019136071,0.10693032294511795
0.0038563718553632498,0.1066402718424797
0.003861083881929517,0.10662282258272171
0.00386347365565598,0.10699585825204849
0.0038672201335430145,0.10673801600933075
0.0038663402665406466,0.10665982961654663
0.0038796833250671625,0.1068621277809143
0.00386799406260252,0.1067051962018013
0.0038683756720274687,0.1066153347492218
0.003860493889078498,0.10687648504972458
0.0038544554263353348,0.10648909956216812
0.00385490246117115,0.10657747089862823
0.003865578444674611,0.10637572407722473
0.0038690611254423857,0.10680126398801804
0.003881152719259262,0.10625681281089783
0.0038845299277454615,0.10665874183177948
0.0038862379733473063,0.10622919350862503
0.0038940981030464172,0.10676203668117523
0.0038974094204604626,0.10616760700941086
0.0038727172650396824,0.10665784031152725
0.0038791599217802286,0.10639920085668564
0.0038705591578036547,0.10652447491884232
0.003859254764392972,0.10666191577911377
0.003850995097309351,0.1065988838672638
0.0038475668989121914,0.10657479614019394
0.0038526819553226233,0.1065184697508812
0.003849354339763522,0.10676392167806625
0.0038477936759591103,0.1064889132976532
0.0038446413818746805,0.1065412312746048
0.0038462241645902395,0.1064424142241478
0.003847840242087841,0.10650812834501266
0.003851270768791437,0.10610798001289368
0.003845005529001355,0.10666794329881668
0.0038496344350278378,0.10662882775068283
0.0038491827435791492,0.10666941851377487
0.0038446818944066763,0.10668664425611496
0.0038483855314552784,0.10680056363344193
0.003851847955957055,0.10650637000799179
0.003850342705845833,0.1066909208893776
0.003854215843603015,0.10625999420881271
0.0038602526765316725,0.10645215958356857
0.003851610468700528,0.10666241496801376
0.003845296101644635,0.10657837241888046
0.0038529711309820414,0.10681091248989105
0.003850281238555908,0.10637129843235016
0.0038622377905994654,0.10655837506055832
0.0038588012102991343,0.1063590869307518
0.0038614857476204634,0.10632449388504028
0.0038560894317924976,0.10639271885156631
0.0038571397308260202,0.1066780686378479
0.003862959798425436,0.10619448870420456
0.0038637605030089617,0.10579439997673035
0.0038705000188201666,0.10671065747737885
0.0038783487398177385,0.1063077375292778
0.0038972238544374704,0.10586265474557877
0.0039328522980213165,0.10693835467100143
0.003969322424381971,0.10647247731685638
0.00394050870090723,0.1066775768995285
0.003924224991351366,0.10641606152057648
0.0039001519326120615,0.10646988451480865
0.0038606172893196344,0.1061629131436348
0.0038510418962687254,0.10662581026554108
0.0038467433769255877,0.10634762793779373
0.0038505264092236757,0.10649987310171127
0.0038438078481703997,0.10647605359554291
0.003848106600344181,0.1062394306063652
0.0038377491291612387,0.10634720325469971
0.003842542879283428,0.10639789700508118
0.00384766748175025,0.10677541047334671
0.0038435575552284718,0.1061260774731636
0.0038478481583297253,0.10646463185548782
0.003843569429591298,0.10621173679828644
0.0038378951139748096,0.10653059184551239
0.0038395982701331377,0.10650943219661713
0.0038419526536017656,0.10619597882032394
0.0038430308923125267,0.10666272789239883
0.003843139624223113,0.10604138672351837
0.003845725441351533,0.10635308176279068
0.0038468842394649982,0.10601551830768585
0.0038400301709771156,0.10642147809267044
0.003838976612314582,0.10648832470178604
0.003841300727799535,0.10651884227991104
0.00383579358458519,0.10607434064149857
0.0038337938021868467,0.10656297951936722
0.003835214301943779,0.10633573681116104
0.0038320294115692377,0.10638469457626343
0.003833865048363805,0.1064358577132225
0.0038314545527100563,0.10640736669301987
0.0038301777094602585,0.10648435354232788
0.003840432967990637,0.10626175254583359
0.003840430174022913,0.10630501806735992
0.0038405265659093857,0.10651799291372299
0.003845957573503256,0.10637761652469635
0.003849923610687256,0.10631953924894333
0.003855253104120493,0.1064467579126358
0.0038502514362335205,0.10631167143583298
0.003853533649817109,0.10605517774820328
0.003867923514917493,0.10612993687391281
0.0038665395695716143,0.10607943683862686
0.0038579709362238646,0.10610651224851608
0.0038528295699507,0.10627805441617966
0.0038498304784297943,0.10642430931329727
0.003845829050987959,0.10592346638441086
0.003851046785712242,0.10609832406044006
0.003844833467155695,0.106448233127594
0.0038305355701595545,0.1062285378575325
0.0038348999805748463,0.1064101979136467
0.003830058267340064,0.10597917437553406
0.003827965585514903,0.10625641793012619
0.0038268868811428547,0.10654159635305405
0.003830749774351716,0.106336809694767
0.0038316003046929836,0.10639477521181107
0.0038321998436003923,0.10609141737222672
0.0038314666599035263,0.10631532222032547
0.0038283253088593483,0.10628834366798401
0.0038266764022409916,0.10638980567455292
0.003829950001090765,0.10626852512359619
0.0038305080961436033,0.1062663123011589
0.003830674570053816,0.10636470466852188
0.003825173247605562,0.1060044914484024
0.003828061744570732,0.1063465029001236
0.0038438858464360237,0.10661929100751877
0.0038321586325764656,0.10637276619672775
0.003832973074167967,0.1062769815325737
0.0038394606672227383,0.10640249401330948
0.003833163296803832,0.10596603900194168
0.003830457106232643,0.10653769224882126
0.003824425395578146,0.10596095770597458
0.0038267725612968206,0.10618672519922256
0.0038323502521961927,0.10615021735429764
0.0038367225788533688,0.10613109916448593
0.003842281410470605,0.10670631378889084
0.0038310096133500338,0.10636016726493835
0.0038222861476242542,0.10632651299238205
0.0038200882263481617,0.10595601797103882
0.0038210824131965637,0.10620728135108948
0.003817511722445488,0.10602869838476181
0.003819819772616029,0.10633722692728043
0.0038233690429478884,0.10606691241264343
0.0038259204011410475,0.10603578388690948
0.0038257441483438015,0.10615342110395432
0.0038285923656076193,0.10619152337312698
0.0038288563955575228,0.10652438551187515
0.0038338240701705217,0.10603190213441849
0.003834128612652421,0.10657799243927002
0.0038508055731654167,0.10582981258630753
0.00384219060651958,0.10652673989534378
0.003843058831989765,0.10630585998296738
0.0038467790000140667,0.10651236027479172
0.003836217103525996,0.10631629079580307
0.0038393547292798758,0.10613161325454712
0.0038525681011378765,0.106253482401371
0.0038820586632937193,0.10608953982591629
0.003894105087965727,0.10604660958051682
0.0038894889876246452,0.10602473467588425
0.003858064068481326,0.1063060536980629
0.003854675218462944,0.10615017265081406
0.003847944550216198,0.10636889189481735
0.003847444662824273,0.10583129525184631
0.0038316166028380394,0.10646822303533554
0.0038298063445836306,0.10606583952903748
0.0038207038305699825,0.10608936846256256
0.0038306517526507378,0.10601510107517242
0.0038238530978560448,0.10618565231561661
0.0038218582049012184,0.10621114075183868
0.003825908526778221,0.10662458091974258
0.0038224600721150637,0.10617940872907639
0.003824445651844144,0.10615137964487076
0.0038192321080714464,0.10601740330457687
0.0038257711566984653,0.10604885220527649
0.0038216423708945513,0.10593899339437485
0.0038213077932596207,0.10630805045366287
0.0038192407228052616,0.1059599220752716
0.0038279001601040363,0.10633958131074905
0.003828377928584814,0.1062268391251564
0.003826053813099861,0.10647909343242645
0.0038250030484050512,0.10601487010717392
0.0038284072652459145,0.10626906901597977
0.003821547608822584,0.10616372525691986
0.0038166483864188194,0.10609453171491623
0.0038146774750202894,0.1060539186000824
0.0038122148253023624,0.10605444014072418
0.00381049164570868,0.10573448240756989
0.0038186414167284966,0.10628649592399597
0.0038239152636379004,0.10584346204996109
0.003822782076895237,0.10619374364614487
0.0038268459029495716,0.10584636777639389
0.0038257106207311153,0.10624931752681732
0.0038241364527493715,0.10579687356948853
0.003818635828793049,0.10638872534036636
0.00382261723279953,0.10614220052957535
0.003818264463916421,0.10623497515916824
0.0038234698586165905,0.10599840432405472
0.003827465698122978,0.10597963631153107
0.0038317579310387373,0.10605314373970032
0.0038214807864278555,0.10593339055776596
0.003816131269559264,0.1058674231171608
0.0038160064723342657,0.10626637190580368
0.0038101705722510815,0.10547289997339249
0.003808510722592473,0.1061302050948143
0.0038074268959462643,0.10583246499300003
0.003816312877461314,0.1056123673915863
0.0038090755697339773,0.10588663816452026
0.003810170106589794,0.10612110793590546
0.003810473019257188,0.10615679621696472
0.003819080302491784,0.10579224675893784
0.003812251379713416,0.10595163702964783
0.0038073959294706583,0.10628136247396469
0.0038112690672278404,0.10611271113157272
0.0038159904070198536,0.1060275211930275
0.003811789210885763,0.10591469705104828
0.0038250170182436705,0.10598750412464142
0.0038168844766914845,0.10595683008432388
0.0038094609044492245,0.10608716309070587
0.0038157871458679438,0.10589983314275742
0.0038159964606165886,0.10616186261177063
0.0038104376289993525,0.10622359812259674
0.003805618965998292,0.10586775839328766
0.003807040862739086,0.10620388388633728
0.0038132930640131235,0.1058427169919014
0.003824631217867136,0.10600966960191727
0.003819089848548174,0.10591208189725876
0.0038278158754110336,0.10646041482686996
0.0038304030895233154,0.10571148991584778
0.0038193415384739637,0.1059463769197464
0.0038250817451626062,0.10592566430568695
0.0038202842697501183,0.10582850873470306
0.003810928435996175,0.10571740567684174
0.0038079945370554924,0.10585550218820572
0.0038100993260741234,0.10567954927682877
0.003808693028986454,0.10614154487848282
0.003815075382590294,0.1060054823756218
0.003809456480666995,0.105743907392025
0.0038094762712717056,0.10604523122310638
0.003808051347732544,0.10595966875553131
0.0038132250774651766,0.10587258636951447
0.003808622481301427,0.10574202239513397
0.003817583667114377,0.10602107644081116
0.0038140087854117155,0.10571488738059998
0.003820556215941906,0.10593431442975998
0.003808047855272889,0.10571853071451187
0.0038101975806057453,0.10603839159011841
0.0038090767338871956,0.10597553104162216
0.0038085198029875755,0.10588110983371735
0.0038025283720344305,0.10570870339870453
0.003802166087552905,0.10591502487659454
0.0038000415079295635,0.10589597374200821
0.0038009362760931253,0.10584686696529388
0.00380420358851552,0.10603220760822296
0.003805861808359623,0.10587228089570999
0.0038011535070836544,0.10578335076570511
0.003807577770203352,0.10613419860601425
0.003811621805652976,0.10590720176696777
0.0038346336223185062,0.10638566315174103
0.0038132797926664352,0.10558010637760162
0.0038096720818430185,0.10652250051498413
0.0038063847459852695,0.10589684545993805
0.0038058320060372353,0.10578320175409317
0.0037975020240992308,0.105951227247715
0.0037952070124447346,0.10593350231647491
0.0037930887192487717,0.10582531988620758
0.0037955401930958033,0.1059945821762085
0.0037928284145891666,0.10561464726924896
0.0037941988557577133,0.10573078691959381
0.003799178870394826,0.10561325401067734
0.003803508821874857,0.1054915115237236
0.0038074778858572245,0.10586833208799362
0.003818076802417636,0.10598453879356384
0.0038320794701576233,0.10586471110582352
0.003862252924591303,0.10592519491910934
0.003839138662442565,0.10551202297210693
0.0038128599990159273,0.10578084737062454
0.003806772641837597,0.10584879666566849
0.003798549761995673,0.10610952973365784
0.0037957532331347466,0.10592570155858994
0.0037936714943498373,0.10585756599903107
0.00379067100584507,0.10581053793430328
0.003791575785726309,0.10571389645338058
0.003792332485318184,0.1058773398399353
0.003791072638705373,0.10577826201915741
0.0037895268760621548,0.10580769181251526
0.003796175355091691,0.10578789561986923
0.003807872999459505,0.10552632063627243
0.0038064923137426376,0.10586727410554886
0.0038066739216446877,0.10561686754226685
0.003801769809797406,0.10598649084568024
0.0037953488063067198,0.10572442412376404
0.003794420510530472,0.10582271218299866
0.003800441976636648,0.10566785931587219
0.003811664180830121,0.10569804161787033
0.0038223557639867067,0.10603606700897217
0.003823695471510291,0.10520926862955093
0.0038213678635656834,0.10584922879934311
0.0038256000261753798,0.10523734241724014
0.003816961543634534,0.10631062090396881
0.003821950638666749,0.1050163134932518
0.003817939665168524,0.10615912824869156
0.0038160064723342657,0.10512380301952362
0.003808102337643504,0.10518684983253479
0.0037967918906360865,0.10536438971757889
0.0037969807162880898,0.10518043488264084
0.003800549078732729,0.10570383816957474
0.0038033148739486933,0.10583759844303131
0.0037981062196195126,0.10528014600276947
0.003791629569604993,0.10584639012813568
0.00379573879763484,0.10535427182912827
0.0037921282928436995,0.10556569695472717
0.0037996291648596525,0.10560335963964462
0.0037982845678925514,0.10579166561365128
0.003796059638261795,0.10564903169870377
0.003789926879107952,0.10555166006088257
0.0037879892624914646,0.1054667979478836
0.00378793990239501,0.10580477118492126
0.003789487760514021,0.10571862757205963
0.003790665650740266,0.1059427335858345
0.0037906039506196976,0.10545118898153305
0.0037875715643167496,0.10559504479169846
0.0037840423174202442,0.10562270134687424
0.00378542672842741,0.10567612200975418
0.003787531051784754,0.1057792529463768
0.0037902910262346268,0.10559254884719849
0.0037861615419387817,0.10526395589113235
0.0037824788596481085,0.10552254319190979
0.0037798190023750067,0.10550018399953842
0.0037804334424436092,0.10558656603097916
0.0037812553346157074,0.10555409640073776
0.0037766387686133385,0.1055387556552887
0.0037781777791678905,0.10539595782756805
0.003780544502660632,0.10573063045740128
0.003784691449254751,0.10554579645395279
0.003780101891607046,0.10551673918962479
0.0037847962230443954,0.10552375018596649
0.0037885901983827353,0.10552540421485901
0.0038003618828952312,0.10527835041284561
0.003797327633947134,0.10553915053606033
0.003790802787989378,0.10536057502031326
0.003793219802901149,0.10571137815713882
0.0037900295574218035,0.10546635836362839
0.0037877042777836323,0.10560755431652069
0.0037879112642258406,0.10518363118171692
0.0037865403573960066,0.10530810058116913
0.0037858604919165373,0.10533368587493896
0.003786044428125024,0.10564292967319489
0.0037996387109160423,0.10568799078464508
0.0037963956128805876,0.10554956644773483
0.0037919452879577875,0.10551127791404724
0.0037829361390322447,0.1056753620505333
0.003776064608246088,0.10544873774051666
0.003786669811233878,0.10566649585962296
0.0037832872476428747,0.10519799590110779
0.0037932060658931732,0.10571098327636719
0.0037884656339883804,0.10562127828598022
0.0037897126749157906,0.10504090785980225
0.003797233337536454,0.1059131845831871
0.00380392512306571,0.10548083484172821
0.0038072015158832073,0.10540879517793655
0.003798126243054867,0.10565679520368576
0.0037842513993382454,0.10551674664020538
0.0037938510067760944,0.10521262139081955
0.003781589213758707,0.1054053083062172
0.0037823827005922794,0.1054212674498558
0.0037811289075762033,0.10560190677642822
0.003781067905947566,0.10533881187438965
0.0037766338791698217,0.1057913601398468
0.0037749605253338814,0.10521401464939117
0.0037766729947179556,0.10558700561523438
0.0037750171031802893,0.1055154874920845
0.0037759596016258,0.10561225563287735
0.0037755512166768312,0.10535985976457596
0.0037721307016909122,0.10544463992118835
0.0037812215741723776,0.10555995255708694
0.003777389647439122,0.10563499480485916
0.0037777794059365988,0.10561590641736984
0.0037902710027992725,0.10536685585975647
0.003794913413003087,0.10568705946207047
0.0037908009253442287,0.10542389750480652
0.0037883399054408073,0.10536489635705948
0.003789555048570037,0.10549678653478622
0.0037896393332630396,0.10511468350887299
0.003799414960667491,0.105853371322155
0.0037867350038141012,0.10527941584587097
0.0037782953586429358,0.10563087463378906
0.0037699632812291384,0.10541816800832748
0.003773026866838336,0.10533019155263901
0.003769758390262723,0.10554604977369308
0.0037719435058534145,0.10544373095035553
0.003770203795284033,0.10530195385217667
0.003771749325096607,0.10517419129610062
0.003777987090870738,0.10517995804548264
0.00377803691662848,0.10548216849565506
0.0037832087837159634,0.1051483005285263
0.0037802611477673054,0.10545134544372559
0.003770839888602495,0.10524458438158035
0.0037778690457344055,0.10519792139530182
0.00378461554646492,0.10518594086170197
0.00378161808475852,0.10552757233381271
0.0037831540685147047,0.10556913167238235
0.0037942477501928806,0.1051923856139183
0.0037923953495919704,0.10553207993507385
0.0037839682772755623,0.10544373095035553
0.0037882900796830654,0.10535795241594315
0.003786395536735654,0.10543792694807053
0.003779701190069318,0.10522390156984329
0.003775336779654026,0.10531600564718246
0.0037744769360870123,0.10532054305076599
0.0037769621703773737,0.10530107468366623
0.003772143041715026,0.10539764910936356
0.003770839888602495,0.10525955259799957
0.003767695277929306,0.1053948625922203
0.0037684794515371323,0.10523995012044907
0.003774799406528473,0.10528458654880524
0.003786385990679264,0.10512948781251907
0.0037841557059437037,0.10555016994476318
0.003782857907935977,0.1049974337220192
0.0037828211206942797,0.10519455373287201
0.003781141946092248,0.10523984581232071
0.003775541204959154,0.10534252971410751
0.003772290190681815,0.10533769428730011
0.003767305286601186,0.10524401068687439
0.003763226792216301,0.10522651672363281
0.0037729621399194,0.10545850545167923
0.00377174885943532,0.10536029934883118
0.0037648077122867107,0.10528971999883652
0.0037735209334641695,0.1052606999874115
0.0037671979516744614,0.10523878782987595
0.003766225418075919,0.10519520938396454
0.003769660834223032,0.10535178333520889
0.003761204658076167,0.10518649965524673
0.0037649930454790592,0.10527735203504562
0.0037651134189218283,0.10557199269533157
0.003761795349419117,0.10509879142045975
0.003763079410418868,0.10522643476724625
0.00376031082123518,0.10511759668588638
0.0037603231612592936,0.10525006055831909
0.0037616209592670202,0.10513021051883698
0.0037672691978514194,0.10533773899078369
0.003773620817810297,0.10533387959003448
0.0037775819655507803,0.1050228402018547
0.0037801102735102177,0.10542584210634232
0.0037891967222094536,0.10484327375888824
0.003780614584684372,0.10523594170808792
0.003770616836845875,0.10555683821439743
0.0037652049213647842,0.10503996908664703
0.003764993976801634,0.10522136092185974
0.003762119449675083,0.10520446300506592
0.003762247273698449,0.1055518388748169
0.0037601476069539785,0.10510069876909256
0.003760966705158353,0.10557425022125244
0.003763183020055294,0.10529550909996033
0.0037598947528749704,0.10554147511720657
0.00376900564879179,0.10520439594984055
0.0037696894723922014,0.10535270720720291
0.003771879943087697,0.10549133270978928
0.00376921147108078,0.10530221462249756
0.00377662037499249,0.10539142042398453
0.0037665513809770346,0.10516317933797836
0.00376894767396152,0.10499191284179688
0.003774224314838648,0.10519275069236755
0.003769315779209137,0.10531405359506607
0.0037752960342913866,0.10528641194105148
0.0037750310730189085,0.10536156594753265
0.003778544021770358,0.10535283386707306
0.0037742014974355698,0.1050647646188736
0.003772654104977846,0.10542228817939758
0.003769818926230073,0.10517894476652145
0.0037698347587138414,0.10516326129436493
0.0037755798548460007,0.10536380857229233
0.003774394514039159,0.10492009669542313
0.003775665769353509,0.10524383187294006
0.003770062467083335,0.10524892807006836
0.0037662768736481667,0.10511637479066849
0.00376343447715044,0.10524041205644608
0.0037558742333203554,0.10523355007171631
0.003754962934181094,0.10520250350236893
0.0037553906440734863,0.1051051914691925
0.0037575513124465942,0.10515129566192627
0.0037577601615339518,0.10513167828321457
0.003754038130864501,0.10501894354820251
0.003756500780582428,0.10516681522130966
0.0037554409354925156,0.10520016402006149
0.003758922452107072,0.10499712824821472
0.003757780184969306,0.10521524399518967
0.00375517550855875,0.10501793026924133
0.0037557922769337893,0.1051279678940773
0.0037559240590780973,0.10538322478532791
0.0037639376241713762,0.10502387583255768
0.003762836568057537,0.10531014949083328
0.0037684598937630653,0.10510451346635818
0.0037654261104762554,0.10489104688167572
0.0037766366731375456,0.1050100177526474
0.0037715088110417128,0.10492546856403351
0.0037622356321662664,0.10528233647346497
0.0037563161458820105,0.10537013411521912
0.0037592865992337465,0.10520105808973312
0.0037658174987882376,0.10540797561407089
0.003757437691092491,0.10494720935821533
0.003753395052626729,0.10516709834337234
0.003752544755116105,0.10506954789161682
0.0037541305646300316,0.10508088022470474
0.0037517596501857042,0.10498402267694473
0.0037543191574513912,0.10512811690568924
0.0037520970217883587,0.10507597029209137
0.003755746176466346,0.10504510253667831
0.003755055135115981,0.10523834824562073
0.003748492104932666,0.10498097538948059
0.003745362861081958,0.10528149455785751
0.0037480408791452646,0.10513866692781448
0.003749252762645483,0.10499145090579987
0.0037517379969358444,0.10518810898065567
0.003753705881536007,0.10517030209302902
0.003756229067221284,0.10511346161365509
0.0037486122455447912,0.10501755774021149
0.0037522786296904087,0.10524460673332214
0.0037607327103614807,0.10518735647201538
0.003755363170057535,0.10526828467845917
0.003752365242689848,0.10502220690250397
0.003759023966267705,0.10519085079431534
0.0037619827780872583,0.10501482337713242
0.0037633362226188183,0.1055973470211029
0.0037872663233429193,0.10532603412866592
0.003771386342123151,0.10516107827425003
0.003773823846131563,0.10472731292247772
0.0037652000319212675,0.1049242839217186
0.003751931944862008,0.10503020882606506
0.0037529966793954372,0.10530544817447662
0.0037504767533391714,0.1050788164138794
0.0037474827840924263,0.10514921694993973
0.003747522132471204,0.10510727018117905
0.003745715832337737,0.10501789301633835
0.0037450522650033236,0.1049322560429573
0.0037449386436492205,0.10497833788394928
0.0037503265775740147,0.10491950064897537
0.0037495214492082596,0.1050022542476654
0.003754141740500927,0.10488788783550262
0.003752262331545353,0.10503735393285751
0.0037515724543482065,0.10502790659666061
0.003756567370146513,0.1050078272819519
0.0037489195819944143,0.10504242032766342
0.0037459074519574642,0.1049729436635971
0.003746619913727045,0.10534258186817169
0.003747029695659876,0.10497090965509415
0.0037502029445022345,0.10516387969255447
0.0037513889838010073,0.10525330901145935
0.003750259755179286,0.10495391488075256
0.0037515470758080482,0.10501467436552048
0.0037522355560213327,0.1050967276096344
0.0037472948897629976,0.10501255840063095
0.003746050177142024,0.10529375076293945
0.0037425407208502293,0.10513779520988464
0.0037428990472108126,0.10527797788381577
0.003741607768461108,0.10514239221811295
0.003738940227776766,0.1051172986626625
0.003739534178748727,0.10512706637382507
0.00374381965957582,0.10517227649688721
0.00374926021322608,0.10501183569431305
0.0037473123520612717,0.10515223443508148
0.0037491305265575647,0.10500967502593994
0.003744592657312751,0.10511172562837601
0.0037458459846675396,0.10498078167438507
0.0037426685448735952,0.1050991415977478
0.003744404297322035,0.10500337928533554
0.003741511609405279,0.10495705157518387
0.003743741661310196,0.1051495373249054
0.0037455058190971613,0.10511822998523712
0.0037532441783696413,0.10533435642719269
0.003753855125978589,0.10502709448337555
0.0037529603578150272,0.10506340861320496
0.0037466806825250387,0.10505229234695435
0.003746130969375372,0.10525010526180267
0.0037456180434674025,0.10513836145401001
0.003746421542018652,0.10508973896503448
0.003742879955098033,0.10469920933246613
0.0037450504023581743,0.10488321632146835
0.0037443710025399923,0.10496427118778229
0.003738782135769725,0.10503170639276505
0.003739406820386648,0.10492739081382751
0.0037378775887191296,0.10509944707155228
0.0037347949109971523,0.10485617816448212
0.003733893157914281,0.1050419807434082
0.0037341781426221132,0.10488585382699966
0.003737244987860322,0.10514302551746368
0.0037391141522675753,0.10502266883850098
0.0037397530395537615,0.10516177862882614
0.00373843964189291,0.10496781766414642
0.0037430471275001764,0.10509777814149857
0.003741870168596506,0.10491397231817245
0.003742292057722807,0.10513342916965485
0.003741031978279352,0.10506364703178406
0.003738237312063575,0.1049765944480896
0.0037358244881033897,0.10503633320331573
0.0037369222845882177,0.10480677336454391
0.0037399576976895332,0.10515717417001724
0.0037356337998062372,0.10487522929906845
0.003738122759386897,0.10495339334011078
0.0037317764945328236,0.10492944717407227
0.0037329571787267923,0.1051567941904068
0.003737234277650714,0.1050078496336937
0.0037377486005425453,0.10514125227928162
0.0037350133061408997,0.10500770062208176
0.0037316542584449053,0.10498351603746414
0.0037410897202789783,0.10510282218456268
0.0037384566385298967,0.10491535812616348
0.003745745401829481,0.10520720481872559
0.0037408897187560797,0.104915089905262
0.0037427302449941635,0.10481946170330048
0.0037363243754953146,0.1053394228219986
0.003736217273399234,0.10495693981647491
0.0037393406964838505,0.10493076592683792
0.003736687358468771,0.10505682229995728
0.0037386512849479914,0.10509992390871048
0.0037362053990364075,0.10478606820106506
0.0037405514158308506,0.10503886640071869
0.0037449055816978216,0.10487934201955795
0.003745363326743245,0.10512574017047882
0.0037488180678337812,0.10474709421396255
0.0037520851474255323,0.10501623153686523
0.003744522575289011,0.10475114732980728
0.0037405940238386393,0.10503086447715759
0.003737571882084012,0.10478396713733673
0.0037360291462391615,0.10504915565252304
0.003733260091394186,0.10492348670959473
0.0037323187571018934,0.1048508957028389
0.003733142279088497,0.10497540980577469
0.0037353672087192535,0.10518071800470352
0.0037360854912549257,0.10501783341169357
0.0037305280566215515,0.10505985468626022
0.0037293198984116316,0.10484164953231812
0.003730516880750656,0.10493839532136917
0.0037299145478755236,0.10491768270730972
0.003728901967406273,0.10496299713850021
0.0037353234365582466,0.10495571047067642
0.0037435812409967184,0.10505915433168411
0.0037322216667234898,0.10486114025115967
0.0037250749301165342,0.10500182211399078
0.0037324996665120125,0.1049376130104065
0.00373302074149251,0.10494109243154526
0.003730152267962694,0.10483629256486893
0.003736259648576379,0.10484810918569565
0.0037376200780272484,0.10482162982225418
0.0037395975086838007,0.10506531596183777
0.0037361527793109417,0.10495494306087494
0.003735231002792716,0.10478870570659637
0.0037393784150481224,0.10499439388513565
0.0037341380957514048,0.10506642609834671
0.0037347120232880116,0.10500439256429672
0.0037389397621154785,0.10487990826368332
0.0037540250923484564,0.10488966852426529
0.003750220872461796,0.10486339032649994
0.00374430138617754,0.10487854480743408
0.0037450690288096666,0.10489793121814728
0.003735479898750782,0.10490886867046356
0.003730845171958208,0.10478604584932327
0.0037370692007243633,0.10484669357538223
0.003728994634002447,0.10504212230443954
0.003722802735865116,0.1048048809170723
0.0037203687243163586,0.10484675318002701
0.003721482353284955,0.10494902729988098
0.003722367575392127,0.1049000546336174
0.003719580126926303,0.10481742769479752
0.003720927517861128,0.10479019582271576
0.003718755906447768,0.10494633764028549
0.003722919151186943,0.10488110780715942
0.003722164547070861,0.104871466755867
0.0037291802000254393,0.10498479008674622
0.0037263163831084967,0.10506073385477066
0.003727938048541546,0.10482809692621231
0.0037320053670555353,0.10505125671625137
0.0037325392477214336,0.10486013442277908
0.0037313459906727076,0.10468684136867523
0.003736330894753337,0.10498840361833572
0.0037431346718221903,0.10470317304134369
0.0037395197432488203,0.10494350641965866
0.0037411723751574755,0.10501808673143387
0.0037370715290308,0.1050802692770958
0.00372546655125916,0.10484829545021057
0.0037221151869744062,0.10493168234825134
0.0037270854227244854,0.10479564964771271
0.0037323497235774994,0.104787677526474
0.0037369171623140574,0.1049574539065361
0.0037524334620684385,0.10503080487251282
0.00373936933465302,0.10493689030408859
0.003745398949831724,0.10460782796144485
0.0037289962638169527,0.1050478145480156
0.0037213920149952173,0.10478432476520538
0.0037198145873844624,0.10506849735975266
0.003719011088833213,0.10499724745750427
0.0037203822284936905,0.10484425723552704
0.0037257103249430656,0.10489873588085175
0.003731756703928113,0.10498633980751038
0.003727834904566407,0.10473542660474777
0.0037198341451585293,0.10490748286247253
0.00372138200327754,0.10483335703611374
0.003718791762366891,0.10488978773355484
0.003722600406035781,0.10507211089134216
0.0037206802517175674,0.10477083176374435
0.0037187200505286455,0.10487102717161179
0.0037185903638601303,0.10479141771793365
0.0037192238960415125,0.10489733517169952
0.0037190632428973913,0.10486738383769989
0.003720597131177783,0.10484614223241806
0.0037163514643907547,0.10491583496332169
0.003717092564329505,0.10489785671234131
0.003713923506438732,0.10482020676136017
0.0037190455477684736,0.10487709939479828
0.003716970793902874,0.10482408106327057
0.0037169810384511948,0.10503016412258148
0.003716134000569582,0.10475525259971619
0.0037170853465795517,0.10488069802522659
0.0037155677564442158,0.10490751266479492
0.0037224451079964638,0.10495182126760483
0.003719714703038335,0.10473229736089706
0.0037175610195845366,0.1048380509018898
0.0037225710693746805,0.10492867976427078
0.0037241133395582438,0.1048867478966713
0.00372226326726377,0.1047254279255867
0.0037252584006637335,0.10484864562749863
0.0037160301581025124,0.10480917990207672
0.0037157637998461723,0.10478071868419647
0.0037240178789943457,0.1047833114862442
0.0037231205496937037,0.10492265224456787
0.0037179032806307077,0.10464512556791306
0.0037203077226877213,0.1049882248044014
0.003718216437846422,0.10466339439153671
0.003713649231940508,0.10486778616905212
0.0037127078976482153,0.10480833053588867
0.0037106743548065424,0.10488530248403549
0.0037092433776706457,0.10478121042251587
0.003712717443704605,0.10484971106052399
0.0037124173250049353,0.10493580996990204
0.0037142394576221704,0.10472659021615982
0.0037110361736267805,0.1048090010881424
0.0037092226557433605,0.10491731017827988
0.00371285667642951,0.1048663854598999
0.0037196283228695393,0.10486049950122833
0.0037162622902542353,0.104739248752594
0.0037152066361159086,0.10476641356945038
0.003713840153068304,0.1047767773270607
0.003715092083439231,0.10467125475406647
0.003716089529916644,0.10485740751028061
0.0037153703160583973,0.1047331765294075
0.0037135714665055275,0.10498114675283432
0.003708113916218281,0.10473345965147018
0.003713433165103197,0.10501427203416824
0.0037130480632185936,0.10484475642442703
0.0037299233954399824,0.10458683222532272
0.0037129800766706467,0.10474638640880585
0.0037093425635248423,0.10487119853496552
0.0037078328896313906,0.10490292310714722
0.0037097635213285685,0.1046077087521553
0.0037089441902935505,0.1049044206738472
0.003717823186889291,0.10480814427137375
0.003716285340487957,0.10488966107368469
0.003710780991241336,0.10464003682136536
0.0037055788561701775,0.1050087958574295
0.0037065651267766953,0.10466700792312622
0.0037081444170325994,0.10470109432935715
0.003709484124556184,0.10477892309427261
0.0037092361599206924,0.10488907247781754
0.0037173929158598185,0.10483130812644958
0.0037155020982027054,0.1046903133392334
0.0037158101331442595,0.10484125465154648
0.0037234905175864697,0.10486920922994614
0.0037251764442771673,0.10472113639116287
0.0037173039745539427,0.10494434088468552
0.0037188350688666105,0.10462261736392975
0.003716637147590518,0.10490930825471878
0.0037183244712650776,0.10490135103464127
0.0037139703053981066,0.10478199273347855
0.0037081921473145485,0.10463705658912659
0.00370642333291471,0.10471679270267487
0.0037106345407664776,0.10477758944034576
0.0037090552505105734,0.10476534813642502
0.0037118508480489254,0.10472777485847473
0.003710916731506586,0.10467803478240967
0.003713781014084816,0.10474522411823273
0.003705797716975212,0.10490258038043976
0.0037071076221764088,0.10482807457447052
0.003710792865604162,0.10465511679649353
0.0037069288082420826,0.10474816709756851
0.003701171837747097,0.10484421253204346
0.003698696382343769,0.10462379455566406
0.0037031699903309345,0.10476212948560715
0.0037083025090396404,0.10489987581968307
0.0037049485836178064,0.10468559712171555
0.003708541626110673,0.10475285351276398
0.0037008391227573156,0.104609914124012
0.003705199807882309,0.10489220917224884
0.0037184522952884436,0.10466409474611282
0.0037071655970066786,0.10490386933088303
0.0037153312005102634,0.10487711429595947
0.003699993249028921,0.10476476699113846
0.003699073800817132,0.10472148656845093
0.003699333406984806,0.10481581836938858
0.0036980577278882265,0.10485228151082993
0.003698212094604969,0.10484607517719269
0.0037032016552984715,0.10490179061889648
0.0037134999874979258,0.10477351397275925
0.0037231999449431896,0.1045360341668129
0.0037096410524100065,0.10467758774757385
0.003717407351359725,0.10476656258106232
0.0037098194006830454,0.1045851856470108
0.003717864630743861,0.10483791679143906
0.00371454912237823,0.10472015291452408
0.0037280889227986336,0.10491335391998291
0.0037429826334118843,0.10466820746660233
0.00373191200196743,0.10489702224731445
0.0037212595343589783,0.10481168329715729
0.003712182864546776,0.10460811853408813
0.003709050826728344,0.1047341600060463
0.0037011243402957916,0.10465027391910553
0.0037031169049441814,0.10468767583370209
0.0037045793142169714,0.10479941964149475
0.0037017962895333767,0.10467856377363205
0.0037022726610302925,0.10476318746805191
0.0036989839281886816,0.10479586571455002
0.0036995690315961838,0.10473799705505371
0.0036957678385078907,0.10474660992622375
0.0036958286073058844,0.10471323877573013
0.0036955540999770164,0.10480115562677383
0.003693540347740054,0.1047237291932106
0.0036945275496691465,0.10476177930831909
0.003693890757858753,0.10483217984437943
0.003695516148582101,0.10472217202186584
0.003696079831570387,0.10475298762321472
0.0036950004287064075,0.10477340221405029
0.003696904983371496,0.1047782450914383
0.0036933976225554943,0.10475608706474304
0.0036940653808414936,0.10468680411577225
0.003691231133416295,0.10470252484083176
0.003694225335493684,0.1047835499048233
0.0036957808770239353,0.10466407239437103
0.0037013222463428974,0.10461903363466263
0.0037047266960144043,0.10465371608734131
0.00371145480312407,0.10469502210617065
0.0036993524990975857,0.10492049157619476
0.0037023534532636404,0.10474306344985962
0.003695714520290494,0.10484533756971359
0.0036929366178810596,0.10488315671682358
0.0036912409123033285,0.10481247305870056
0.0036923678126186132,0.104652538895607
0.003693545935675502,0.10483460873365402
0.003690062090754509,0.10479769110679626
0.003696817671880126,0.10480207949876785
0.0036977645941078663,0.10463804751634598
0.0036989145446568727,0.10465977340936661
0.0036976123228669167,0.10482125729322433
0.00369637762196362,0.10489413142204285
0.0036925170570611954,0.10466531664133072
0.003694758052006364,0.10467792302370071
0.0037004693876951933,0.10475855320692062
0.003703382797539234,0.1045813262462616
0.0036999888252466917,0.10466998815536499
0.003700867760926485,0.10476559400558472
0.0037049567326903343,0.10479728132486343
0.0037069213576614857,0.10460924357175827
0.0037003387697041035,0.10469381511211395
0.00369673571549356,0.10466863214969635
0.003693593433126807,0.10468750447034836
0.003690673504024744,0.10471834987401962
0.003687333082780242,0.10458949953317642
0.0036921461578458548,0.10478394478559494
0.003694498911499977,0.1046157106757164
0.0036923319566994905,0.10479842126369476
0.0036889873445034027,0.1046142429113388
0.0036875915247946978,0.10466554015874863
0.003693128004670143,0.1047036424279213
0.003693245816975832,0.10471654683351517
0.0037040829192847013,0.10470955818891525
0.003699147142469883,0.10480611026287079
0.0037060475442558527,0.104648657143116
0.003707046387717128,0.10454729944467545
0.003704699454829097,0.10478025674819946
0.003699677297845483,0.10455337166786194
0.0037051772233098745,0.10462526232004166
0.003705703653395176,0.10464504361152649
0.0037027522921562195,0.10475379973649979
0.003697965992614627,0.1046268418431282
0.003696278901770711,0.10450777411460876
0.0036950604990124702,0.10478710383176804
0.00369231216609478,0.10458213835954666
0.003697178792208433,0.10472606122493744
0.003690954763442278,0.104586660861969
0.0036875512450933456,0.1047438234090805
0.0036916323006153107,0.10461757332086563
0.0036897119134664536,0.10482801496982574
0.003694018814712763,0.10462147742509842
0.0036901093553751707,0.10479142516851425
0.0036931138020008802,0.10479065775871277
0.0036866103764623404,0.10468816012144089
0.0036835267674177885,0.10467521101236343
0.00368599989451468,0.10460959374904633
0.0036822205875068903,0.10465817153453827
0.003685335163027048,0.1046568974852562
0.00368303619325161,0.1047242283821106
0.0036867219023406506,0.10471031069755554
0.003687008051201701,0.10475083440542221
0.0036844543647021055,0.10474474728107452
0.003686426440253854,0.10452913492918015
0.0036911466158926487,0.1046207919716835
0.003691410878673196,0.1047196015715599
0.003688826924189925,0.10455983877182007
0.003701986512169242,0.10456951707601547
0.0037058291491121054,0.10484971106052399
0.003706773277372122,0.10462712496519089
0.0037113437429070473,0.10456825792789459
0.0037225240375846624,0.10471800714731216
0.003749510273337364,0.10447151213884354
0.003727509407326579,0.10473830252885818
0.0037185517139732838,0.10486502200365067
0.003693366888910532,0.10458486527204514
0.003690754994750023,0.10458062589168549
0.003686556126922369,0.10467863082885742
0.003688390366733074,0.10455824434757233
0.0036891696508973837,0.10476331412792206
0.0036796806380152702,0.1045396700501442
0.0036775560583919287,0.10467828065156937
0.0036757863126695156,0.10465908795595169
0.003676034277305007,0.1047687903046608
0.0036750826984643936,0.10469554364681244
0.003677003551274538,0.10466476529836655
0.0036746799014508724,0.10468761622905731
0.0036768161226063967,0.10464269667863846
0.00367660797201097,0.10468984395265579
0.0036773080937564373,0.10477039217948914
0.003683844581246376,0.10466784238815308
0.003681618720293045,0.1046602725982666
0.003682126523926854,0.10465768724679947
0.003680003108456731,0.10473772883415222
0.003681582398712635,0.10470470786094666
0.0036788946017622948,0.10460735857486725
0.003679112298414111,0.1047285869717598
0.0036781129892915487,0.10458073765039444
0.003675738349556923,0.10474590212106705
0.003674228908494115,0.10469169169664383
0.0036752449814230204,0.10467102378606796
0.003676797728985548,0.10472740232944489
0.0036743718665093184,0.10464012622833252
0.003675195388495922,0.10466009378433228
0.0036762794479727745,0.10455206036567688
0.0036762249656021595,0.10470102727413177
0.0036770824808627367,0.10454151779413223
0.003678908571600914,0.10474561899900436
0.003684635041281581,0.10462482273578644
0.0036835530772805214,0.10459211468696594
0.003684669267386198,0.10461969673633575
0.0036848175805062056,0.10477399080991745
0.003681632922962308,0.10478674620389938
0.0036809176672250032,0.10458829998970032
0.003680134890601039,0.10467790812253952
0.0036845409777015448,0.10460230708122253
0.0036814988125115633,0.10461791604757309
0.0036843926645815372,0.10456333309412003
0.0036816974170506,0.10460507124662399
0.0036867165472358465,0.10467053204774857
0.0036848438903689384,0.1047084853053093
0.003685703733935952,0.10454437136650085
0.00368910632096231,0.1046721339225769
0.0036862108390778303,0.10453491657972336
0.003681478090584278,0.10460428893566132
0.0036818645894527435,0.10436247289180756
0.0036776044871658087,0.10468629747629166
0.0036802534013986588,0.10471252351999283
0.003676955122500658,0.10452193766832352
0.003675172571092844,0.10475603491067886
0.0036764037795364857,0.10462180525064468
0.003677584230899811,0.10455363988876343
0.003673145081847906,0.10455024242401123
0.0036739157512784004,0.10474198311567307
0.0036739034112542868,0.10457149147987366
0.003673117607831955,0.10470044612884521
0.003671481739729643,0.10453162342309952
0.0036705925595015287,0.10463256388902664
0.00367519143037498,0.10449013113975525
0.0036741707008332014,0.10465135425329208
0.003674611449241638,0.10465240478515625
0.0036793758627027273,0.1046575978398323
0.00367103423923254,0.10455241054296494
0.0036720989737659693,0.1047043427824974
0.0036729166749864817,0.10461748391389847
0.003673948347568512,0.10462945699691772
0.003674648003652692,0.10467127710580826
0.0036733869928866625,0.10450843721628189
0.0036733418237417936,0.10467351973056793
0.00366981397382915,0.10460536181926727
0.0036701932549476624,0.10455396771430969
0.0036710407584905624,0.10465839505195618
0.0036753537133336067,0.10486552864313126
0.0036749558057636023,0.10471497476100922
0.0036720174830406904,0.10459389537572861
0.003673141822218895,0.10462057590484619
0.003679402871057391,0.1046057790517807
0.0036805905401706696,0.10459128767251968
0.003675060113891959,0.10462381690740585
0.0036746826954185963,0.10459280014038086
0.0036810734309256077,0.10467954725027084
0.003679814515635371,0.10468015819787979
0.0036773800384253263,0.10453995317220688
0.0036761395167559385,0.10464457422494888
0.003673375118523836,0.10469662398099899
0.003671174170449376,0.10461827367544174
0.0036807565484195948,0.10471139848232269
0.0036805495619773865,0.10462101548910141
0.0036841342225670815,0.10446557402610779
0.0036854767240583897,0.10472626239061356
0.0036812927573919296,0.10456735640764236
0.003669476369395852,0.10457256436347961
0.003666976001113653,0.10458999127149582
0.003670650999993086,0.10461333394050598
0.003672705963253975,0.10456157475709915
0.0036720007192343473,0.10467857867479324
0.003666071454063058,0.10464506596326828
0.003665741067379713,0.10458670556545258
0.0036686051171272993,0.10456767678260803
0.003670079866424203,0.10468397289514542
0.0036786911077797413,0.10471703112125397
0.0036756477784365416,0.10449575632810593
0.003671289188787341,0.10470690578222275
0.0036691874265670776,0.10451548546552658
0.003673071740195155,0.10457403212785721
0.0036779067013412714,0.10450448840856552
0.0036783269606530666,0.10466637462377548
0.0036786163691431284,0.10466143488883972
0.0036925384774804115,0.10459312796592712
0.003689877688884735,0.10471808165311813
0.0036888604518026114,0.104449562728405
0.003696260042488575,0.10451395809650421
0.003691218327730894,0.10461152344942093
0.003681054338812828,0.10465262085199356
0.003673276398330927,0.10450755804777145
0.003665715456008911,0.10478267073631287
0.003668650984764099,0.10466474294662476
0.0036679392214864492,0.10466358810663223
0.0036668856628239155,0.1045989841222763
0.003668778343126178,0.10456973314285278
0.003679256420582533,0.10480321943759918
0.003675996558740735,0.1046014279127121
0.0036648553796112537,0.10466200858354568
0.003663670737296343,0.10461243987083435
0.0036646288353949785,0.10449729114770889
0.0036630781833082438,0.10458192229270935
0.003662983886897564,0.1045636385679245
0.0036615326534956694,0.10463782399892807
0.0036628167144954205,0.10474313050508499
0.0036620174068957567,0.10461657494306564
0.0036627824883908033,0.10473242402076721
0.003662943607196212,0.10457928478717804
0.003663657233119011,0.10459154844284058
0.0036625401116907597,0.10453879833221436
0.0036617412697523832,0.10467907041311264
0.0036606951616704464,0.10458485782146454
0.003661548485979438,0.10481937229633331
0.0036667929962277412,0.10460180044174194
0.003671123879030347,0.10467900335788727
0.0036687857937067747,0.10457295179367065
0.0036646914668381214,0.10462616384029388
0.0036640409380197525,0.10452359914779663
0.0036678004544228315,0.10466163605451584
0.003663640934973955,0.1046876311302185
0.0036627978552132845,0.10472479462623596
0.0036626653745770454,0.1045973151922226
0.0036667180247604847,0.10448023676872253
0.0036685308441519737,0.10474584996700287
0.0036638753954321146,0.1045139953494072
0.0036612539552152157,0.10470214486122131
0.0036622497718781233,0.1045001894235611
0.003664353396743536,0.1047808825969696
0.0036708356346935034,0.10452789813280106
0.003666837466880679,0.10450831800699234
0.003664470976218581,0.10452369600534439
0.003662975039333105,0.1045684963464737
0.003663931507617235,0.10455940663814545
0.003662239061668515,0.10465003550052643
0.003667974378913641,0.10463082790374756
0.0036719676572829485,0.10467200726270676
0.003683470655232668,0.10464628785848618
0.003674698295071721,0.10477802157402039
0.003664375049993396,0.10458852350711823
0.003662187373265624,0.10462725162506104
0.0036598064471036196,0.10457738488912582
0.0036618649028241634,0.10459128767251968
0.0036634651478379965,0.10450823605060577
0.003657918656244874,0.10455404967069626
0.0036582828033715487,0.10462740808725357
0.003656855784356594,0.10462390631437302
0.0036587484646588564,0.10455771535634995
0.0036574476398527622,0.1046203151345253
0.0036573540419340134,0.10463634133338928
0.003656510030850768,0.10451971739530563
0.003661305643618107,0.10469969362020493
0.0036625389475375414,0.10455622524023056
0.0036657063756138086,0.1046113595366478
0.0036673143040388823,0.10442394018173218
0.0036641110200434923,0.104620061814785
0.0036584583576768637,0.10444717854261398
0.0036568264476954937,0.1045336052775383
0.0036576781421899796,0.10457613319158554
0.0036573780234903097,0.10450170189142227
0.003657155204564333,0.10453728586435318
0.0036585067864507437,0.10465814918279648
0.0036561409942805767,0.10465847700834274
0.0036567451898008585,0.10455817729234695
0.0036600197199732065,0.10463627427816391
0.0036580662708729506,0.10458113253116608
0.0036663890350610018,0.10463853180408478
0.0036620963364839554,0.10448352992534637
0.0036690926644951105,0.10467676818370819
0.0036721965298056602,0.10447947680950165
0.003667288925498724,0.10452419519424438
0.0036628306843340397,0.10460344702005386
0.0036660891491919756,0.10448382794857025
0.0036672221031039953,0.10451996326446533
0.0036629519890993834,0.10450402647256851
0.0036650628317147493,0.10457909852266312
0.003665429772809148,0.10436896234750748
0.0036569375079125166,0.10450604557991028
0.0036540627479553223,0.10448288917541504
0.003650923492386937,0.10453007370233536
0.003651051316410303,0.10449181497097015
0.003653219435364008,0.10457400232553482
0.003652554703876376,0.10451250523328781
0.0036529030185192823,0.10454729944467545
0.003654635278508067,0.10455465316772461
0.0036577112041413784,0.10447954386472702
0.0036613347474485636,0.10453763604164124
0.0036612001713365316,0.1046523004770279
0.0036541714798659086,0.10443653911352158
0.0036497884429991245,0.1045861467719078
0.0036482333671301603,0.10443838685750961
0.0036509453784674406,0.10456690937280655
0.003650178201496601,0.10454679280519485
0.0036475774832069874,0.10456807166337967
0.0036497453693300486,0.10459080338478088
0.0036501288414001465,0.10456746816635132
0.003653132589533925,0.10447392612695694
0.003650483675301075,0.10461247712373734
0.0036504424642771482,0.10457167774438858
0.003652233397588134,0.10463251918554306
0.0036548206117004156,0.1045508161187172
0.003654712112620473,0.10465453565120697
0.003654792904853821,0.10464420169591904
0.0036574213299900293,0.10457359254360199
0.0036571419332176447,0.10446092486381531
0.00366207561455667,0.10453356057405472
0.0036617072764784098,0.10479538887739182
0.0036735008470714092,0.10439322888851166
0.003666598815470934,0.10450131446123123
0.003661297494545579,0.1045723408460617
0.003656672313809395,0.10429059714078903
0.003658517962321639,0.10456254333257675
0.0036552799865603447,0.10461027175188065
0.003652165411040187,0.10448826104402542
0.003649498336017132,0.10455381870269775
0.0036502277944236994,0.10448054224252701
0.003647801000624895,0.10461337864398956
0.003646452445536852,0.1044774129986763
0.0036447939928621054,0.10447490960359573
0.0036471798084676266,0.10453519970178604
0.0036450494080781937,0.10453633964061737
0.0036474335938692093,0.1044735461473465
0.0036436282098293304,0.10454553365707397
0.0036465006414800882,0.10448731482028961
0.0036485278978943825,0.1044994592666626
0.0036491304636001587,0.10453605651855469
0.0036528308410197496,0.10452447831630707
0.003655441105365753,0.10443165898323059
0.00365931517444551,0.10439609736204147
0.003662044880911708,0.1046251505613327
0.003658309346064925,0.10444089025259018
0.0036577824503183365,0.10441169142723083
0.0036549698561429977,0.10441724956035614
0.0036535875406116247,0.10464659333229065
0.0036538701970130205,0.10443194210529327
0.003649996593594551,0.10460428893566132
0.003655092092230916,0.10446801036596298
0.003656954038888216,0.10447822511196136
0.003655625507235527,0.10456342250108719
0.003651425475254655,0.10452660173177719
0.0036544243339449167,0.10440369695425034
0.003650043858215213,0.10444757342338562
0.0036494361702352762,0.10447190701961517
0.0036469409242272377,0.10456960648298264
0.0036495376843959093,0.10457806289196014
0.0036495798267424107,0.10436766594648361
0.0036486946046352386,0.10448738187551498
0.0036506731994450092,0.10456296056509018
0.00364925735630095,0.10442128032445908
0.003645914373919368,0.10444583743810654
0.003647624747827649,0.10453855246305466
0.003645350458100438,0.10447569936513901
0.003641323186457157,0.10451988130807877
0.0036404761485755444,0.10435439646244049
0.0036382463295012712,0.10463306307792664
0.003640929237008095,0.10444674640893936
0.003643566509708762,0.10452287644147873
0.0036406181752681732,0.10448243468999863
0.0036408661399036646,0.10450948029756546
0.003641231684014201,0.10443520545959473
0.0036437208764255047,0.10446583479642868
0.0036411762703210115,0.10455655306577682
0.003641200950369239,0.10451334714889526
0.0036498585250228643,0.10458317399024963
0.0036453385837376118,0.1044822633266449
0.0036467984318733215,0.10450119525194168
0.0036453455686569214,0.1044558584690094
0.0036490284837782383,0.10449238121509552
0.0036469611804932356,0.10451041162014008
0.003652861574664712,0.10453858226537704
0.003649261547252536,0.10440871864557266
0.003646771889179945,0.10439532995223999
0.0036454082001000643,0.10439001768827438
0.003643048694357276,0.10444731265306473
0.0036393916234374046,0.10443277657032013
0.003639369970187545,0.10445035994052887
0.003638282185420394,0.10441853106021881
0.0036365576088428497,0.10463558882474899
0.0036387888249009848,0.10449028015136719
0.003637580433860421,0.1045536994934082
0.0036374197807163,0.10439898818731308
0.003638228867202997,0.10449745506048203
0.0036381396930664778,0.10444945842027664
0.003637052373960614,0.10440085828304291
0.00363734969869256,0.10454324632883072
0.003637187648564577,0.10442863404750824
0.0036417338997125626,0.10431929677724838
0.0036394877824932337,0.10448510199785233
0.003640619572252035,0.10445421934127808
0.0036378062795847654,0.10452336072921753
0.0036408002488315105,0.10452327877283096
0.003646609839051962,0.10438873618841171
0.0036419867537915707,0.10448092222213745
0.0036487383767962456,0.1044202372431755
0.003653483698144555,0.10436675697565079
0.003652887186035514,0.10442350059747696
0.003647826611995697,0.10438385605812073
0.003646421479061246,0.10446690768003464
0.003650159342214465,0.10456933826208115
0.0036450547631829977,0.10445386916399002
0.0036399622913450003,0.10446884483098984
0.003640291979536414,0.10454017668962479
0.0036406046710908413,0.10436397790908813
0.0036395948845893145,0.10454238951206207
0.0036380751989781857,0.10443612188100815
0.0036334414035081863,0.1044437512755394
0.003633480751886964,0.10442422330379486
0.0036338160280138254,0.10444364696741104
0.0036343461833894253,0.10448173433542252
0.00363740767352283,0.10448747873306274
0.003635520813986659,0.10446463525295258
0.00363524560816586,0.10446206480264664
0.0036336241755634546,0.10444670170545578
0.0036341510713100433,0.10441505908966064
0.003635794622823596,0.10449198633432388
0.0036375427152961493,0.10434665530920029
0.0036365727428346872,0.10441379249095917
0.003635774366557598,0.10445252805948257
0.0036367159336805344,0.10455113649368286
0.0036416782531887293,0.10438606142997742
0.0036373776383697987,0.1046183854341507
0.0036369620356708765,0.10434052348136902
0.003638122696429491,0.10442741960287094
0.003638674272224307,0.1044355109333992
0.0036423341371119022,0.10459139198064804
0.0036410584580153227,0.10436218231916428
0.0036379462108016014,0.10449571162462234
0.0036385587882250547,0.10451636463403702
0.003643722040578723,0.10459937155246735
0.0036478587426245213,0.10458654910326004
0.003645056625828147,0.10442501306533813
0.0036438314709812403,0.10440687835216522
0.003643890842795372,0.10429643839597702
0.003642680821940303,0.10445316880941391
0.0036384453997015953,0.10437018424272537
0.003638853784650564,0.10454574227333069
0.0036378249060362577,0.10439671576023102
0.003633767832070589,0.10443409532308578
0.0036325049586594105,0.10434124618768692
0.003633896354585886,0.10445275157690048
0.0036341301165521145,0.10433945059776306
0.0036331024020910263,0.10451636463403702
0.0036336667835712433,0.1043512150645256
0.0036316884215921164,0.10442860424518585
0.00363343907520175,0.1044040098786354
0.00363371055573225,0.10442115366458893
0.003635647241026163,0.10442707687616348
0.003638927126303315,0.10445741564035416
0.0036418421659618616,0.10430746525526047
0.0036342418752610683,0.10432887822389603
0.0036359892692416906,0.10447745025157928
0.003633349435403943,0.1043710857629776
0.0036336148623377085,0.10439711064100266
0.003633718006312847,0.10456253588199615
0.0036293899174779654,0.10443753004074097
0.0036298572085797787,0.10433804988861084
0.0036322600208222866,0.10438474267721176
0.003634250722825527,0.10438328981399536
0.003638357389718294,0.1044461727142334
0.0036426223814487457,0.10444509983062744
0.0036365205887705088,0.10449154675006866
0.003633693093433976,0.10432472825050354
0.0036291710566729307,0.10453765094280243
0.003627060679718852,0.10443457961082458
0.0036281337961554527,0.10438375920057297
0.0036279773339629173,0.10436443239450455
0.003626900725066662,0.10436058044433594
0.003630071645602584,0.10438474267721176
0.003630804130807519,0.10450821369886398
0.003634558990597725,0.10438412427902222
0.0036314676981419325,0.10446798801422119
0.0036355277989059687,0.10434507578611374
0.0036382332909852266,0.10439243912696838
0.0036363108083605766,0.10435159504413605
0.0036357734352350235,0.10440085828304291
0.0036346486303955317,0.10439126938581467
0.003628459759056568,0.10439633578062057
0.003632990876212716,0.10448791831731796
0.003630387829616666,0.10439872741699219
0.0036329689901322126,0.10438605397939682
0.00363065954297781,0.10440699011087418
0.0036308816634118557,0.10431276261806488
0.003631922882050276,0.10437948256731033
0.003628570819273591,0.10428906977176666
0.0036248331889510155,0.10433682054281235
0.003627364058047533,0.10446566343307495
0.0036285393871366978,0.10422223806381226
0.0036286371760070324,0.10441460460424423
0.0036302560474723577,0.10435459762811661
0.003633132204413414,0.10436275601387024
0.003642926923930645,0.1042250245809555
0.003640059381723404,0.10445339977741241
0.0036486147437244654,0.10431504994630814
0.003639921313151717,0.10424733906984329
0.0036310458090156317,0.10443897545337677
0.003628779435530305,0.10435924679040909
0.0036270776763558388,0.10428290069103241
0.0036270543932914734,0.1044030413031578
0.0036278062034398317,0.10439883917570114
0.003625884186476469,0.1043999046087265
0.0036266567185521126,0.10434042662382126
0.0036293899174779654,0.10431796312332153
0.003633625339716673,0.1042628288269043
0.0036295868922024965,0.10434477031230927
0.0036271391436457634,0.10431184619665146
0.003626426914706826,0.10442817211151123
0.0036262446083128452,0.10433157533407211
0.0036274443846195936,0.10430986434221268
0.003625068813562393,0.10435987263917923
0.0036231002304702997,0.10447294265031815
0.003625275567173958,0.1043102890253067
0.0036237144377082586,0.10447429120540619
0.00362392608076334,0.10438017547130585
0.0036231328267604113,0.10442373901605606
0.0036228024400770664,0.10434356331825256
0.0036211973056197166,0.10434488207101822
0.0036261233035475016,0.10432109981775284
0.0036225246731191874,0.10446828603744507
0.0036249374970793724,0.104390949010849
0.003627314232289791,0.10449554026126862
0.0036252993158996105,0.10434628278017044
0.003625341458246112,0.10434768348932266
0.0036199267487972975,0.10439133644104004
0.0036206734366714954,0.10440246015787125
0.003620245959609747,0.10443451255559921
0.003622292308136821,0.1043241024017334
0.0036229609977453947,0.10440859198570251
0.0036269091069698334,0.10435573756694794
0.0036231218837201595,0.10442543029785156
0.003623795695602894,0.1043449342250824
0.0036219742614775896,0.10436338186264038
0.0036239707842469215,0.10455527901649475
0.003625262761488557,0.10442166030406952
0.00362564530223608,0.10431481897830963
0.0036240224726498127,0.10423270612955093
0.003629196435213089,0.10443277657032013
0.0036270080599933863,0.10430174320936203
0.0036265512462705374,0.10440204292535782
0.0036271335557103157,0.10430298745632172
0.0036224203649908304,0.10435391962528229
0.003619150258600712,0.10427694022655487
0.003620508359745145,0.10431355237960815
0.00362410768866539,0.10432323813438416
0.0036263924557715654,0.10443004965782166
0.003627405734732747,0.10431761294603348
0.003626252291724086,0.10446235537528992
0.003622729331254959,0.10431329160928726
0.003625885583460331,0.10456788539886475
0.003628233214840293,0.10432103276252747
0.0036262483336031437,0.1040315330028534
0.003624038537964225,0.10437590628862381
0.0036197209265083075,0.10438429564237595
0.003622959367930889,0.10436731576919556
0.003620926756411791,0.10435347259044647
0.0036237570457160473,0.10442457348108292
0.0036216697189956903,0.10441790521144867
0.003621653886511922,0.10438359528779984
0.003621902549639344,0.10440067201852798
0.003618823364377022,0.10430454462766647
0.0036201579496264458,0.10428211838006973
0.0036217886954545975,0.10435508191585541
0.0036308164708316326,0.10430767387151718
0.0036297619808465242,0.10430412739515305
0.0036229947581887245,0.10444066673517227
0.0036244713701307774,0.10435763746500015
0.003618051763623953,0.10424580425024033
0.0036174023989588022,0.10429757833480835
0.0036152037791907787,0.10427364706993103
0.003616242203861475,0.10442446172237396
0.003617451759055257,0.10429494082927704
0.00361837400123477,0.10427312552928925
0.0036210555117577314,0.10435619205236435
0.0036220091860741377,0.10425567626953125
0.00361918774433434,0.10438765585422516
0.0036206115037202835,0.1041257381439209
0.0036218995228409767,0.10446654260158539
0.003622258547693491,0.10435440391302109
0.0036177970468997955,0.10431962460279465
0.0036151050589978695,0.10423798114061356
0.0036143548786640167,0.10435237735509872
0.0036115662660449743,0.10421334207057953
0.0036118447314947844,0.10431357473134995
0.0036138657014817,0.10432879626750946
0.00361591181717813,0.1042773649096489
0.003616951871663332,0.10418367385864258
0.0036197679582983255,0.10433913767337799
0.0036168424412608147,0.10436315089464188
0.0036154540721327066,0.10432179272174835
0.003614623099565506,0.10434448719024658
0.0036150114610791206,0.10426627099514008
0.0036184752825647593,0.10439497977495193
0.0036205926444381475,0.10426152497529984
0.0036135208792984486,0.10429252684116364
0.0036152442917227745,0.10430445522069931
0.0036135315895080566,0.10430663079023361
0.003615825204178691,0.10429471731185913
0.00361456535756588,0.1042879968881607
0.0036157462745904922,0.10425344109535217
0.003613065928220749,0.1042732372879982
0.0036123415920883417,0.10435279458761215
0.003612535772845149,0.10425935685634613
0.0036120919976383448,0.10431855171918869
0.0036130165681242943,0.10431697964668274
0.0036192580591887236,0.10436038672924042
0.0036164340563118458,0.10428924113512039
0.0036173989064991474,0.10422132164239883
0.003618418239057064,0.10426874458789825
0.003617726033553481,0.10425828397274017
0.003615999361500144,0.10416057705879211
0.003615934867411852,0.10434238612651825
0.003616560250520706,0.10410284996032715
0.003617224283516407,0.10441387444734573
0.0036204648204147816,0.10438671708106995
0.003622509306296706,0.104229636490345
0.0036195877473801374,0.10424593836069107
0.0036144054029136896,0.10432824492454529
0.003611149964854121,0.10421180725097656
0.003611976280808449,0.10427793115377426
0.0036158610600978136,0.10414399951696396
0.0036157327704131603,0.10441379249095917
0.0036147464998066425,0.10432861745357513
0.003616619622334838,0.10423105955123901
0.0036178387235850096,0.10430167615413666
0.0036161697935312986,0.10422103106975555
0.0036121776793152094,0.10443258285522461
0.0036151190288364887,0.10424647480249405
0.003615046152845025,0.10410506278276443
0.0036147208884358406,0.1043427363038063
0.0036122766323387623,0.10418160259723663
0.0036097767297178507,0.10424277931451797
0.0036088707856833935,0.10421691089868546
0.0036074554082006216,0.10420625656843185
0.0036108470521867275,0.10438009351491928
0.0036084202583879232,0.10422026365995407
0.00360878836363554,0.10424508154392242
0.003610959742218256,0.10425464063882828
0.0036081033758819103,0.10426735877990723
0.003607399296015501,0.10422252118587494
0.0036093376111239195,0.10422614961862564
0.0036125839687883854,0.10431800782680511
0.00361358979716897,0.10433238744735718
0.0036145318299531937,0.10433696210384369
0.0036121795419603586,0.10428199172019958
0.0036099518183618784,0.1042298749089241
0.003608959959819913,0.10428498685359955
0.003606014885008335,0.10431724041700363
0.0036070947535336018,0.10420343279838562
0.0036075767129659653,0.10430607199668884
0.003613184904679656,0.1042092889547348
0.0036123646423220634,0.10420025140047073
0.003612389788031578,0.10427332669496536
0.0036142843309789896,0.10420548915863037
0.0036138815339654684,0.10429796576499939
0.0036085471510887146,0.10425688326358795
0.0036113217938691378,0.10420586913824081
0.0036118277348577976,0.1042126789689064
0.003613261040300131,0.1042415127158165
0.0036104521714150906,0.10419602692127228
0.00361053179949522,0.10429234802722931
0.0036093113012611866,0.10428983718156815
0.0036110260989516973,0.10425420850515366
0.003610217012465,0.10426121950149536
0.0036143960896879435,0.10416955500841141
0.003613825421780348,0.10426810383796692
0.003610958345234394,0.10425741225481033
0.0036082144360989332,0.10419613122940063
0.003606726648285985,0.10424859821796417
0.0036063194274902344,0.1041836142539978
0.003608476836234331,0.10432331264019012
0.0036062628496438265,0.1043056771159172
0.003612241242080927,0.10413886606693268
0.0036141322925686836,0.10434488207101822
0.0036067641340196133,0.10418060421943665
0.003606257028877735,0.10416414588689804
0.0036066342145204544,0.10418352484703064
0.0036057697143405676,0.10416078567504883
0.0036093415692448616,0.1041630282998085
0.0036074654199182987,0.10419571399688721
0.0036089157219976187,0.10420104116201401
0.00360733806155622,0.10417813062667847
0.003605696139857173,0.10428676009178162
0.0036025322042405605,0.10423535108566284
0.0036049943882972,0.1041732206940651
0.0036030083429068327,0.10417990386486053
0.0036024891305714846,0.10420283675193787
0.0036033696960657835,0.10414794832468033
0.0036008828319609165,0.10438314080238342
0.003601087722927332,0.10408414900302887
0.0036004330031573772,0.10432861000299454
0.0036012723576277494,0.10416843742132187
0.003601581323891878,0.1042335107922554
0.0036004087887704372,0.10416170954704285
0.003601688425987959,0.10420884191989899
0.003601077711209655,0.10427817702293396
0.0036005827132612467,0.10418618470430374
0.003601577365770936,0.10414405912160873
0.003605817910283804,0.10421934723854065
0.0035993389319628477,0.10404054075479507
0.0035994048230350018,0.10423967242240906
0.0035990681499242783,0.10417649149894714
0.0035983684938400984,0.10418486595153809
0.003598360111936927,0.10420583933591843
0.00359854637645185,0.10413560271263123
0.003600672585889697,0.1041039228439331
0.0036010814364999533,0.1042170524597168
0.003602327313274145,0.10415732860565186
0.0036017317324876785,0.10428807884454727
0.0036007347516715527,0.10413854569196701
0.0036002760753035545,0.10416509211063385
0.003601493313908577,0.10412713140249252
0.0036018432583659887,0.10420538485050201
0.0036025620065629482,0.10413209348917007
0.003603209974244237,0.10410716384649277
0.0036061652936041355,0.10420529544353485
0.003604463068768382,0.1040784940123558
0.0036088787019252777,0.10413580387830734
0.0036076297983527184,0.10410232096910477
0.0036199288442730904,0.10425697267055511
0.0036115467082709074,0.10418396443128586
0.0036099771969020367,0.10420641303062439
0.0036056882236152887,0.10407516360282898
0.0036052295472472906,0.10417190194129944
0.003605300560593605,0.10425420850515366
0.0036019873805344105,0.10418833047151566
0.0036016986705362797,0.10409566015005112
0.0035998288076370955,0.1041594073176384
0.0035994427744299173,0.10419698804616928
0.0035983624402433634,0.1041167676448822
0.0035999948158860207,0.10413523018360138
0.0036016760859638453,0.10413529723882675
0.0036024143919348717,0.10422977805137634
0.0036022309213876724,0.10414043068885803
0.003599239280447364,0.10420610755681992
0.0035998993553221226,0.10409918427467346
0.0035977649968117476,0.10409457981586456
0.0035994478967040777,0.10411784797906876
0.0035998306702822447,0.10405520349740982
0.003599044168367982,0.10411115735769272
0.003598448121920228,0.10407453775405884
0.003598985727876425,0.10421854257583618
0.0035999719984829426,0.10417523235082626
0.003600349882617593,0.10421029478311539
0.003601763630285859,0.10414119809865952
0.0036041915882378817,0.10410582274198532
0.003604242578148842,0.10427285730838776
0.00360251497477293,0.10417026281356812
0.003601185278967023,0.1040998250246048
0.003602769458666444,0.10410845279693604
0.0036037687677890062,0.10415276885032654
0.0036047818139195442,0.10402015596628189
0.003602886339649558,0.1040138304233551
0.0036058358382433653,0.10405796766281128
0.00360349309630692,0.10424506664276123
0.003603458870202303,0.10395081341266632
0.003605304518714547,0.10412715375423431
0.003604800207540393,0.10412896424531937
0.0036037107929587364,0.10416936129331589
0.0035991566255688667,0.10411665588617325
0.0035978597588837147,0.10410449653863907
0.0035950816236436367,0.1041598692536354
0.0035950010642409325,0.10412205010652542
0.0035947475116699934,0.10413901507854462
0.0035935738123953342,0.10411302000284195
0.0035935649648308754,0.1041598990559578
0.0035935284104198217,0.10407157987356186
0.0035934620536863804,0.10409826785326004
0.0035966227296739817,0.10411907732486725
0.003591919085010886,0.1040940135717392
0.003591860644519329,0.10413404554128647
0.003592109540477395,0.1041192039847374
0.003594783367589116,0.10419650375843048
0.0035953186452388763,0.10422854125499725
0.003595554269850254,0.10420104116201401
0.0035959063097834587,0.10414428263902664
0.0035954946652054787,0.10416712611913681
0.0035944844130426645,0.10409922897815704
0.0035949470475316048,0.10420019179582596
0.0035952897742390633,0.10407914966344833
0.00359576684422791,0.10410335659980774
0.003591809654608369,0.10418494790792465
0.003591741668060422,0.10409285128116608
0.00359118590131402,0.10421647131443024
0.0035963573027402163,0.10412049293518066
0.003597015980631113,0.10423656553030014
0.0035983456764370203,0.10415464639663696
0.0035983393900096416,0.10403139889240265
0.0035981028340756893,0.10420450568199158
0.0035957677755504847,0.10422217845916748
0.003594867419451475,0.10406110435724258
0.0035901686642318964,0.10416563600301743
0.003590415930375457,0.10403159260749817
0.0035905567929148674,0.10403617471456528
0.0035883018281310797,0.10414545983076096
0.003587794490158558,0.10413726419210434
0.003588393097743392,0.10407789796590805
0.0035898976493626833,0.1040724441409111
0.003588845254853368,0.10426876693964005
0.003591754473745823,0.10410788655281067
0.003592392895370722,0.10416296869516373
0.0035918806679546833,0.10408098250627518
0.003590367268770933,0.10416168719530106
0.0035925153642892838,0.10412681102752686
0.003592823864892125,0.1042037159204483
0.0035924294497817755,0.10405225306749344
0.0035932480823248625,0.10408094525337219
0.0035907430574297905,0.10415724664926529
0.003594890469685197,0.10417589545249939
0.0035901253577321768,0.10412231832742691
0.003592647146433592,0.10417944937944412
0.003589560044929385,0.10401377081871033
0.003588339313864708,0.10416396707296371
0.00358785642310977,0.10410214960575104
0.003586868289858103,0.10412746667861938
0.0035869283601641655,0.10414194315671921
0.0035905721597373486,0.10413070768117905
0.0035911269951611757,0.1042427197098732
0.003595237620174885,0.10403124988079071
0.003592885099351406,0.10401960462331772
0.0035917479544878006,0.10407469421625137
0.0035903947427868843,0.10407623648643494
0.00359193398617208,0.10411931574344635
0.0035922492388635874,0.10409758239984512
0.003589622676372528,0.10403598099946976
0.003595041809603572,0.10407616943120956
0.0035972902551293373,0.10397691279649734
0.0035950816236436367,0.10407517850399017
0.0035976695362478495,0.10398659110069275
0.003595119807869196,0.10420183092355728
0.003600994125008583,0.10397043079137802
0.0036035168450325727,0.1041240468621254
0.0035940047819167376,0.10406889021396637
0.003589728381484747,0.10393976420164108
0.003589995438233018,0.10415057837963104
0.00358778377994895,0.10392202436923981
0.0035871178843080997,0.10420630872249603
0.0035890808794647455,0.10402945429086685
0.003586261998862028,0.10405679047107697
0.0035873856395483017,0.10410059243440628
0.0035859551280736923,0.10415748506784439
0.003583162557333708,0.10401405394077301
0.0035827867686748505,0.1040290892124176
0.003585466416552663,0.10415487736463547
0.0035838745534420013,0.10407443344593048
0.0035836652386933565,0.10411243140697479
0.00358421984128654,0.10395414382219315
0.0035842289216816425,0.10400877147912979
0.0035856557078659534,0.10408078879117966
0.0035848780535161495,0.10400588065385818
0.003585337894037366,0.10411249101161957
0.0035847064573317766,0.10405779629945755
0.003583308542147279,0.10404085367918015
0.003584662452340126,0.10405711084604263
0.0035832158755511045,0.10398790240287781
0.0035863176453858614,0.10410325974225998
0.0035840992350131273,0.10409524291753769
0.0035840580239892006,0.10396473109722137
0.003585406579077244,0.1041397675871849
0.00359534309245646,0.10418196767568588
0.003601223463192582,0.10394135862588882
0.0035898375790566206,0.10411947220563889
0.003586278762668371,0.10400482267141342
0.003586370963603258,0.1040697917342186
0.0035864089149981737,0.10410649329423904
0.0035855877213180065,0.10399016737937927
0.0035859791096299887,0.104080930352211
0.003586612641811371,0.10412394255399704
0.003585156984627247,0.10412637144327164
0.003587291343137622,0.1040421575307846
0.0035881646908819675,0.10402654856443405
0.0035888459533452988,0.1041085496544838
0.003586158622056246,0.10409175604581833
0.003584860125556588,0.10401768982410431
0.003584691323339939,0.10406751185655594
0.003582448000088334,0.10400106012821198
0.0035805669613182545,0.10410206019878387
0.0035835669841617346,0.10401857644319534
0.0035826661624014378,0.10398688912391663
0.003586673876270652,0.10416532307863235
0.003585973521694541,0.10411930829286575
0.0035904464311897755,0.10397511720657349
0.0035885402467101812,0.10408872365951538
0.0035877092741429806,0.1042431965470314
0.003584763500839472,0.10400217026472092
0.003582811215892434,0.10414871573448181
0.00357969687320292,0.10400015115737915
0.003580087795853615,0.10399213433265686
0.003582011442631483,0.1040300652384758
0.0035830256529152393,0.10403229296207428
0.0035818300675600767,0.10410681366920471
0.0035852896980941296,0.10406704246997833
0.0035838878247886896,0.10409541428089142
0.003582815872505307,0.10402264446020126
0.003585090162232518,0.10408023744821548
0.003584838705137372,0.10394881665706635
0.003582764882594347,0.1040060967206955
0.003585352096706629,0.10394501686096191
0.003588372841477394,0.10399691760540009
0.0035836745519191027,0.10407239198684692
0.003582709701731801,0.104047492146492
0.0035838440526276827,0.10408059507608414
0.003579487092792988,0.10393208265304565
0.003581379307433963,0.10416293889284134
0.0035805769730359316,0.10392772406339645
0.003579117124900222,0.10408397018909454
0.003582318779081106,0.10393131524324417
0.003579168813303113,0.10395701229572296
0.003577915718778968,0.10399265587329865
0.0035790223628282547,0.10393492877483368
0.0035798612516373396,0.10408816486597061
0.0035795336589217186,0.10396523773670197
0.003578855888918042,0.10402335226535797
0.0035808496177196503,0.10405128449201584
0.0035797173622995615,0.10406869649887085
0.003582737874239683,0.10403713583946228
0.0035798409953713417,0.104002945125103
0.0035798426251858473,0.10394903272390366
0.003581909229978919,0.10406909137964249
0.003584112972021103,0.10403373837471008
0.003581882221624255,0.10395411401987076
0.003586774691939354,0.10397753119468689
0.0035874764434993267,0.10402344167232513
0.0035849404521286488,0.10408702492713928
0.003584806341677904,0.10390057414770126
0.003585099009796977,0.1038646325469017
0.0035869095008820295,0.10397198051214218
0.0035814656876027584,0.10406874120235443
0.0035826414823532104,0.1039675623178482
0.0035832663998007774,0.10405544936656952
0.003585504600778222,0.10397733002901077
0.003587690182030201,0.10399684309959412
0.003584139747545123,0.10395264625549316
0.003580976976081729,0.10400836169719696
0.003576375776901841,0.10399435460567474
0.00357713527046144,0.10400013625621796
0.003576150629669428,0.1039929911494255
0.003577372757717967,0.10400518029928207
0.0035752488765865564,0.10398174077272415
0.0035756491124629974,0.1039939746260643
0.0035753955598920584,0.10403122752904892
0.0035755217541009188,0.1040482372045517
0.0035757243167608976,0.10401152074337006
0.0035784069914370775,0.1040867492556572
0.003574749920517206,0.10402882844209671
0.0035743017215281725,0.10393276065587997
0.0035750928800553083,0.10402001440525055
0.003578034695237875,0.10406532883644104
0.003575412090867758,0.10408180207014084
0.0035775722935795784,0.10399377346038818
0.003581664292141795,0.1039246991276741
0.00357984472066164,0.10399515181779861
0.0035787071101367474,0.10405901819467545
0.0035804659128189087,0.10399423539638519
0.0035753664560616016,0.10394490510225296
0.003577080788090825,0.10400691628456116
0.0035783592611551285,0.1038411483168602
0.0035774330608546734,0.10401947051286697
0.0035724532790482044,0.10399163514375687
0.003574189031496644,0.10411043465137482
0.003574345028027892,0.10401037335395813
0.0035742460750043392,0.1039699912071228
0.003578441683202982,0.10398799180984497
0.0035789418034255505,0.10400338470935822
0.003583004930987954,0.10381496697664261
0.003584575606510043,0.10411898046731949
0.0035842787474393845,0.10392206162214279
0.0035806247033178806,0.10393477976322174
0.003577739465981722,0.10393785685300827
0.0035733513068407774,0.10392314195632935
0.003572449553757906,0.10404696315526962
0.003570813685655594,0.10405129939317703
0.003571336390450597,0.10405013710260391
0.0035696937702596188,0.10389453172683716
0.003569564316421747,0.1040627509355545
0.0035694902762770653,0.1040274053812027
0.003569680964574218,0.10397650301456451
0.0035705112386494875,0.10398002713918686
0.003569373395293951,0.10404404997825623
0.003569738008081913,0.10390032082796097
0.003569891909137368,0.10401195287704468
0.0035706120543181896,0.10398314893245697
0.0035697701387107372,0.10406924039125443
0.0035704034380614758,0.1040179431438446
0.003570934757590294,0.10388921946287155
0.003573000431060791,0.10408526659011841
0.003571530571207404,0.10406423360109329
0.0035724067129194736,0.10402370989322662
0.0035740116145461798,0.10405781865119934
0.0035746556241065264,0.10400239378213882
0.003580128075554967,0.10386208444833755
0.0035758984740823507,0.10394203662872314
0.0035783774219453335,0.10397468507289886
0.0035767178051173687,0.10388395935297012
0.003570512169972062,0.10395897924900055
0.00357045722194016,0.1040722206234932
0.0035714891273528337,0.10394111275672913
0.0035698215942829847,0.10400901734828949
0.0035705515183508396,0.10410061478614807
0.0035678527783602476,0.10397277772426605
0.0035716125275939703,0.10392151772975922
0.0035723592154681683,0.10402752459049225
0.0035735417623072863,0.10398426651954651
0.003571461420506239,0.1038898378610611
0.003569785738363862,0.10410120338201523
0.003569271881133318,0.10399803519248962
0.0035683265887200832,0.1040516272187233
0.003569435328245163,0.10401587188243866
0.0035708779469132423,0.10401690006256104
0.0035720106679946184,0.1040748730301857
0.0035705084446817636,0.10396367311477661
0.003570123575627804,0.1039758250117302
0.003570412052795291,0.10394968837499619
0.003570854663848877,0.10407228022813797
0.0035709431394934654,0.10405222326517105
0.00357139203697443,0.10395554453134537
0.00356986653059721,0.10391811281442642
0.0035716453567147255,0.10395567864179611
0.003571231383830309,0.10387760400772095
0.003568655578419566,0.10397694259881973
0.0035674073733389378,0.10401692986488342
0.0035662082955241203,0.10391316562891006
0.0035681799054145813,0.10393228381872177
0.0035663750022649765,0.10396849364042282
0.0035656788386404514,0.10398765653371811
0.003566242754459381,0.10394731909036636
0.0035674890968948603,0.10400575399398804
0.0035713145043700933,0.10397601872682571
0.003571370616555214,0.10403749346733093
0.003569741500541568,0.10401308536529541
0.003568948246538639,0.1039014607667923
0.003572026500478387,0.10402931272983551
0.0035723703913390636,0.10396939516067505
0.0035716849379241467,0.10389477759599686
0.003573492169380188,0.10391796380281448
0.003571618115529418,0.1039707362651825
0.003568168031051755,0.10387346148490906
0.0035669589415192604,0.10401977598667145
0.0035672418307513,0.10394729673862457
0.0035680951550602913,0.1040070578455925
0.00357001181691885,0.1040145605802536
0.0035681179724633694,0.10395968705415726
0.003567890729755163,0.10397683084011078
0.003575016977265477,0.10380915552377701
0.003571087494492531,0.10397389531135559
0.003572364104911685,0.10392294079065323
0.003568153828382492,0.10393112152814865
0.0035675482358783484,0.10395637899637222
0.0035643980372697115,0.1039542555809021
0.00356558570638299,0.1039666086435318
0.0035640632268041372,0.10396337509155273
0.003563281847164035,0.10397110879421234
0.0035649901255965233,0.10398140549659729
0.003563693957403302,0.10396821796894073
0.003565626684576273,0.10400226712226868
0.0035642527509480715,0.10399066656827927
0.003563014790415764,0.103916235268116
0.00356382317841053,0.10407417267560959
0.0035625614691525698,0.10396812111139297
0.003562781261280179,0.10403073579072952
0.003563137026503682,0.10393399000167847
0.0035666089970618486,0.1039632186293602
0.0035643745213747025,0.10392985492944717
0.0035656585823744535,0.10395372658967972
0.003562451573088765,0.1039692610502243
0.003563521895557642,0.10405641049146652
0.003562869969755411,0.10385651886463165
0.003563591977581382,0.10404559969902039
0.0035636855755001307,0.10388915985822678
0.003563979174941778,0.10400210320949554
0.0035649051424115896,0.10392408072948456
0.0035697598941624165,0.10399289429187775
0.003575578099116683,0.10387849807739258
0.0035677277483046055,0.10398196429014206
0.003566475585103035,0.10405100136995316
0.0035643689334392548,0.10396979749202728
0.0035653384402394295,0.10397696495056152
0.003567153587937355,0.10391993820667267
0.003564301645383239,0.1039925217628479
0.00356425903737545,0.10401293635368347
0.0035637670662254095,0.10388575494289398
0.0035639076959341764,0.1038287803530693
0.0035634562373161316,0.10397514700889587
0.0035625211894512177,0.10390516370534897
0.003568313317373395,0.10393807291984558
0.003562639467418194,0.10381350666284561
0.0035625698510557413,0.1038927510380745
0.003561224788427353,0.10393773764371872
0.003559368196874857,0.10382818430662155
0.0035586031153798103,0.10392202436923981
0.003560568206012249,0.10391318798065186
0.0035604112781584263,0.1039724200963974
0.0035608757752925158,0.10410619527101517
0.003563385456800461,0.10392460227012634
0.003561929101124406,0.10395755618810654
0.003563300706446171,0.10400386154651642
0.0035604750737547874,0.103912852704525
0.003558423137292266,0.10386969149112701
0.003559192642569542,0.10401793569326401
0.003558943746611476,0.10392642766237259
0.0035619111731648445,0.10394226014614105
0.0035599011462181807,0.10391686856746674
0.0035581006668508053,0.10394661873579025
0.0035599078983068466,0.10401409864425659
0.003564031794667244,0.10387057065963745
0.003568683983758092,0.10393679141998291
0.0035686560440808535,0.10387810319662094
0.003578741569072008,0.10401105135679245
0.0035767320077866316,0.10398299247026443
0.0035700236912816763,0.10408829152584076
0.003566137282177806,0.10382311791181564
0.0035628587938845158,0.10398097336292267
0.0035613272339105606,0.10388848185539246
0.003562840400263667,0.10396158695220947
0.00356217660009861,0.10389935225248337
0.0035621714778244495,0.10396108776330948
0.003561832709237933,0.10390718281269073
0.0035601144190877676,0.10390413552522659
0.003559272503480315,0.10388512164354324
0.0035593390930444,0.10386672616004944
0.003563803620636463,0.10394830256700516
0.003561573103070259,0.10391703993082047
0.003563200356438756,0.10397643595933914
0.003565884195268154,0.10394490510225296
0.0035650916397571564,0.10385607928037643
0.003580494085326791,0.1039990559220314
0.003574919421225786,0.10372841358184814
0.003567887470126152,0.10386877506971359
0.003562518395483494,0.10385429859161377
0.003559378907084465,0.10391268879175186
0.003557162592187524,0.10383040457963943
0.0035574559587985277,0.1039591133594513
0.003556270617991686,0.10389021039009094
0.0035548738669604063,0.10399287939071655
0.0035551374312490225,0.10391531139612198
0.003555649658665061,0.10392756760120392
0.0035550908651202917,0.1038811057806015
0.003554773749783635,0.10387209802865982
0.003554693190380931,0.10395809262990952
0.0035551441833376884,0.10388538241386414
0.003554152324795723,0.10387454181909561
0.003554727416485548,0.10389180481433868
0.0035547676961869,0.10388422012329102
0.0035552978515625,0.10393859446048737
0.0035545972641557455,0.10392680019140244
0.003554658265784383,0.10394841432571411
0.0035556124057620764,0.10394206643104553
0.0035545022692531347,0.10386896133422852
0.0035548259038478136,0.10401351004838943
0.003553090849891305,0.10389720648527145
0.0035547777079045773,0.10387865453958511
0.003556499956175685,0.10396537184715271
0.003552973037585616,0.10385546088218689
0.0035523162223398685,0.10390470921993256
0.0035519031807780266,0.10391362756490707
0.003553122514858842,0.10395514219999313
0.0035538836382329464,0.10392381995916367
0.003553960006684065,0.10386655479669571
0.0035562897101044655,0.10386548191308975
0.003557700663805008,0.10384673625230789
0.003562145633623004,0.10392755270004272
0.0035687419585883617,0.10411971062421799
0.003564950078725815,0.10393401235342026
0.003560902550816536,0.10397014021873474
0.003562674392014742,0.10396155714988708
0.0035574412904679775,0.10385243594646454
0.0035559670068323612,0.10395221412181854
0.003556119743734598,0.10382704436779022
0.003554560011252761,0.10389810055494308
0.0035576580557972193,0.10389026999473572
0.0035586305893957615,0.1038949191570282
0.003559332573786378,0.10392332077026367
0.0035561202093958855,0.10371067374944687
0.0035561774857342243,0.10395041853189468
0.0035572820343077183,0.10372274369001389
0.003559346543624997,0.1039324402809143
0.0035569274332374334,0.10391318053007126
0.003558546071872115,0.10392232239246368
0.003555463859811425,0.10387810319662094
0.0035506892018020153,0.10396735370159149
0.003550951834768057,0.10392533242702484
0.003551968839019537,0.10392951965332031
0.0035532228648662567,0.1038847491145134
0.0035559451207518578,0.10386507958173752
0.00355346011929214,0.10389148443937302
0.0035537993535399437,0.10387180000543594
0.003551994916051626,0.10380399227142334
0.0035527588333934546,0.10376126319169998
0.003552533220499754,0.10386251658201218
0.0035519690718501806,0.10378028452396393
0.0035506978165358305,0.10390057414770126
0.003551916917786002,0.10392704606056213
0.0035516766365617514,0.10383128374814987
0.0035518715158104897,0.10393758863210678
0.003550213063135743,0.10386814922094345
0.003549376502633095,0.10389262437820435
0.00355214299634099,0.10389698296785355
0.00355095649138093,0.10389166325330734
0.0035506971180438995,0.10394375026226044
0.003551713190972805,0.1038239523768425
0.003551067318767309,0.10391313582658768
0.0035506398417055607,0.10390707105398178
0.0035511532332748175,0.10390331596136093
0.0035496021155267954,0.10389650613069534
0.0035513422917574644,0.10383215546607971
0.0035512768663465977,0.10389968752861023
0.0035494070034474134,0.10387854278087616
0.0035486395936459303,0.10390347987413406
0.0035482009407132864,0.10381488502025604
0.003549040760844946,0.1038319393992424
0.0035484752152115107,0.10399485379457474
0.0035485755652189255,0.1038336232304573
0.003547320142388344,0.10389219969511032
0.003547139000147581,0.10391200333833694
0.0035475948825478554,0.10392127186059952
0.0035488891880959272,0.10382088273763657
0.0035496463533490896,0.10395462065935135
0.0035471764858812094,0.10387468338012695
0.0035477105993777514,0.10390149801969528
0.0035491078160703182,0.10387981683015823
0.003550697350874543,0.10376695543527603
0.003552980488166213,0.1038525402545929
0.003552730893716216,0.10398150235414505
0.0035559283569455147,0.10396233946084976
0.00355297583155334,0.10384127497673035
0.00355324475094676,0.10383812338113785
0.003549732966348529,0.1038719117641449
0.00355392973870039,0.10393122583627701
0.0035508726723492146,0.10389766097068787
0.003547747153788805,0.10383502393960953
0.0035485930275171995,0.10385192930698395
0.0035479944199323654,0.10386902838945389
0.0035490631125867367,0.10381926596164703
0.003550902009010315,0.10384136438369751
0.00355057162232697,0.10375360399484634
0.003553440561518073,0.10383884608745575
0.0035567523445934057,0.10387607663869858
0.0035574964713305235,0.10390020906925201
0.003554294118657708,0.10394423454999924
0.003550229361280799,0.10379138588905334
0.0035501779057085514,0.10383042693138123
0.0035494680050760508,0.10388118028640747
0.003551811445504427,0.10382353514432907
0.003556534182280302,0.10389819741249084
0.0035578205715864897,0.10396383702754974
0.0035545628052204847,0.10380512475967407
0.0035537215881049633,0.10385297983884811
0.0035516934003680944,0.10389269143342972
0.0035480952356010675,0.10397474467754364
0.0035473548341542482,0.103789784014225
0.0035459809005260468,0.10393524169921875
0.003545887768268585,0.10379144549369812
0.003544369712471962,0.10389115661382675
0.003543614875525236,0.10384700447320938
0.0035458116326481104,0.10386393964290619
0.003543796483427286,0.10388012230396271
0.0035465105902403593,0.10381089150905609
0.0035476870834827423,0.10384032875299454
0.003546954831108451,0.10388370603322983
0.0035481026861816645,0.10381222516298294
0.0035462116356939077,0.10381972044706345
0.0035452742595225573,0.10378727316856384
0.00354600977152586,0.10391020774841309
0.0035445985849946737,0.10387519001960754
0.0035476600751280785,0.10371394455432892
0.003546985099092126,0.10388486832380295
0.0035487208515405655,0.10386356711387634
0.003544783918187022,0.10394863039255142
0.0035448865965008736,0.10390117019414902
0.0035464707762002945,0.103933185338974
0.0035483557730913162,0.10384469479322433
0.0035449168644845486,0.10382066667079926
0.0035500514786690474,0.10382803529500961
0.003547435160726309,0.10379571467638016
0.0035476023331284523,0.10389919579029083
0.003545289859175682,0.10382235795259476
0.0035449315328150988,0.1038893386721611
0.003544118022546172,0.1038225069642067
0.003543545724824071,0.10383480787277222
0.0035443524830043316,0.1039123684167862
0.003547367174178362,0.10385965555906296
0.00354662723839283,0.10380041599273682
0.0035431799478828907,0.10388584434986115
0.003542786231264472,0.10391001403331757
0.0035432400181889534,0.10389439761638641
0.003542018821462989,0.1038099005818367
0.003541944781318307,0.10385831445455551
0.0035412211436778307,0.10384228825569153
0.003541296813637018,0.10383298993110657
0.003541063517332077,0.10391058027744293
0.0035414949525147676,0.10380931198596954
0.003541926620528102,0.10387503355741501
0.003540684236213565,0.10382038354873657
0.003540933132171631,0.10384754091501236
0.0035406320821493864,0.10386186838150024
0.003541220910847187,0.10379254072904587
0.003540667472407222,0.10382188111543655
0.003540309611707926,0.10388065874576569
0.0035411017015576363,0.10386600345373154
0.0035414607264101505,0.10377081483602524
0.003541861195117235,0.10381532460451126
0.003542665159329772,0.10381794720888138
0.0035443683154881,0.10386224091053009
0.0035451508592814207,0.1037692204117775
0.003545596031472087,0.10394436120986938
0.003547415602952242,0.10371824353933334
0.003545049810782075,0.10388682782649994
0.0035468987189233303,0.10385964810848236
0.0035443457309156656,0.10376124083995819
0.003541141515597701,0.10376391559839249
0.0035410276614129543,0.10381509363651276
0.00354050868190825,0.10382707417011261
0.003541577374562621,0.10382944345474243
0.0035411235876381397,0.10378876328468323
0.003540271893143654,0.10385268181562424
0.0035414935555309057,0.10386158525943756
0.003540890058502555,0.1038290411233902
0.003544025355949998,0.10381275415420532
0.0035422733053565025,0.10386954247951508
0.003541941987350583,0.10387779772281647
0.0035406718961894512,0.10378092527389526
0.0035403661895543337,0.10381390154361725
0.0035378276370465755,0.10380946099758148
0.0035389333497732878,0.10382696241140366
0.0035397536121308804,0.10388028621673584
0.003542607882991433,0.1037171483039856
0.0035405484959483147,0.10393443703651428
0.003539477940648794,0.10384055227041245
0.0035414882004261017,0.10387008637189865
0.003542587161064148,0.10380654782056808
0.003541607176885009,0.10374701023101807
0.0035408413968980312,0.10380634665489197
0.003540462115779519,0.10387159883975983
0.0035396183375269175,0.10379131138324738
0.003539266064763069,0.10380348563194275
0.0035383421927690506,0.10389422625303268
0.003537894459441304,0.1038127988576889
0.003538228804245591,0.10376743227243423
0.003541068872436881,0.10386374592781067
0.00354174105450511,0.10385388135910034
0.003543352708220482,0.10379157215356827
0.0035435378085821867,0.10381273925304413
0.0035397708415985107,0.10378030687570572
0.0035396823659539223,0.10383502393960953
0.00353902205824852,0.10383531451225281
0.0035422651562839746,0.1038234606385231
0.0035415610764175653,0.1037851944565773
0.003542533842846751,0.10381653159856796
0.0035429932177066803,0.10375574976205826
0.0035486503038555384,0.10384969413280487
0.0035535823553800583,0.10386158525943756
0.003557669697329402,0.10370886325836182
0.003556557698175311,0.10359130799770355
0.003554604947566986,0.10376240313053131
0.0035507958382368088,0.103697769343853
0.0035459203645586967,0.10387587547302246
0.003541978308930993,0.10377684980630875
0.0035379331093281507,0.10385577380657196
0.0035364592913538218,0.10379046201705933
0.0035359158646315336,0.10387061536312103
0.003536132862791419,0.10380470752716064
0.0035363151691854,0.1037662923336029
0.0035367533564567566,0.10378740727901459
0.0035366243682801723,0.10376807302236557
0.0035359947942197323,0.10381994396448135
0.003536481410264969,0.10382439941167831
0.0035348404198884964,0.10389675945043564
0.0035343668423593044,0.10372692346572876
0.003535486524924636,0.10390494018793106
0.0035357098095119,0.10386199504137039
0.0035355770960450172,0.10386110097169876
0.003533868817612529,0.10380475223064423
0.0035344217903912067,0.10384837538003922
0.0035345014184713364,0.10378767549991608
0.0035344157367944717,0.10377208888530731
0.0035335738211870193,0.10385370254516602
0.0035345505457371473,0.10378172993659973
0.00353467115201056,0.10387302935123444
0.003535750787705183,0.10378136485815048
0.0035365307703614235,0.10388893634080887
0.003535146825015545,0.103732630610466
0.0035351437982171774,0.10385346412658691
0.00353643880225718,0.10383886098861694
0.003535115160048008,0.10384465008974075
0.0035357193555682898,0.10374273359775543
0.003535534953698516,0.10381018370389938
0.003536551259458065,0.10379021614789963
0.0035336145665496588,0.10391594469547272
0.0035342450719326735,0.10383176803588867
0.0035343640483915806,0.10379523783922195
0.0035320944152772427,0.10381273925304413
0.0035326345823705196,0.10372386127710342
0.0035322385374456644,0.10386738181114197
0.0035318632144480944,0.10382373631000519
0.0035334329586476088,0.10382238030433655
0.003534128423780203,0.10381417721509933
0.003536714008077979,0.10378829389810562
0.0035347656812518835,0.10378102958202362
0.003533479990437627,0.10385032743215561
0.003533376147970557,0.10386472940444946
0.0035339915193617344,0.10390788316726685
0.0035340094473212957,0.10383699834346771
0.0035336920991539955,0.10374928265810013
0.003533110488206148,0.10377126932144165
0.003535991068929434,0.10376191139221191
0.0035338059533387423,0.1038382276892662
0.0035376062151044607,0.10388004034757614
0.0035371454432606697,0.1039319559931755
0.0035375459119677544,0.103886678814888
0.0035437853075563908,0.10371249169111252
0.0035472700837999582,0.10378646850585938
0.0035377254243940115,0.1038302555680275
0.0035366567317396402,0.10383978486061096
0.0035362024791538715,0.10373251140117645
0.0035349128302186728,0.10385075211524963
0.0035361498594284058,0.10383258014917374
0.0035361566115170717,0.10381932556629181
0.003539143828675151,0.10387519747018814
0.003537585958838463,0.10377907752990723
0.003535194555297494,0.10391809791326523
0.0035339316818863153,0.10374715924263
0.003532765433192253,0.10379081219434738
0.0035326615907251835,0.10381273925304413
0.0035338723100721836,0.10386107116937637
0.0035303423646837473,0.1038174033164978
0.0035299884621053934,0.10380136966705322
0.0035290897358208895,0.10385885834693909
0.0035305318888276815,0.10382415354251862
0.0035301249008625746,0.10386688262224197
0.0035307765938341618,0.10382343083620071
0.003530794521793723,0.10379569977521896
0.003532376140356064,0.10379361361265182
0.003528619185090065,0.10381612926721573
0.003529418958351016,0.10385677963495255
0.0035282752942293882,0.1038278341293335
0.003531442489475012,0.10387459397315979
0.0035304047632962465,0.10385528206825256
0.0035294617991894484,0.10384144634008408
0.003528435016050935,0.10382794588804245
0.003529347712174058,0.1037696972489357
0.003529139794409275,0.10376128554344177
0.0035295463167130947,0.10379830747842789
0.0035314157139509916,0.10388069599866867
0.003528931410983205,0.10376328974962234
0.0035301651805639267,0.10376092046499252
0.0035288138315081596,0.10380196571350098
0.003530933056026697,0.10373160988092422
0.0035320965107530355,0.10380830615758896
0.0035346425138413906,0.10385015606880188
0.0035337493754923344,0.10373957455158234
0.0035355198197066784,0.10367143154144287
0.0035351815167814493,0.10375389456748962
0.0035401724744588137,0.1039176657795906
0.0035369524266570807,0.10375582426786423
0.003537612734362483,0.10375802963972092
0.00353781646117568,0.10377585142850876
0.0035382737405598164,0.10370840132236481
0.0035316012799739838,0.10384737700223923
0.00353038776665926,0.10370860248804092
0.0035287151113152504,0.10384564101696014
0.00352981174364686,0.10379241406917572
0.0035276596900075674,0.10376991331577301
0.003528551198542118,0.10383163392543793
0.0035280620213598013,0.10378888249397278
0.0035266175400465727,0.10384250432252884
0.0035269770305603743,0.10382398217916489
0.003525958862155676,0.10380587726831436
0.003527665976434946,0.10383334010839462
0.0035273090470582247,0.1038249209523201
0.0035277639981359243,0.10385366529226303
0.0035260659642517567,0.10377006977796555
0.003527124645188451,0.1039213165640831
0.0035295940469950438,0.10373009741306305
0.0035288368817418814,0.10391180962324142
0.003531395923346281,0.10378864407539368
0.003529465524479747,0.10376423597335815
0.0035302997566759586,0.1036946102976799
0.0035319977905601263,0.10389641672372818
0.0035300191957503557,0.10378552228212357
0.003528786124661565,0.10371432453393936
0.003530745627358556,0.1038004606962204
0.003529306733980775,0.10379545390605927
0.003527918364852667,0.10381950438022614
0.0035290673840790987,0.10377522557973862
0.0035284548066556454,0.10383047163486481
0.003529229434207082,0.10384349524974823
0.003528422676026821,0.10383778810501099
0.0035278387367725372,0.10372699052095413
0.003527340479195118,0.10380135476589203
0.003528986591845751,0.10370969027280807
0.0035273805260658264,0.10380540788173676
0.003526541171595454,0.10374801605939865
0.0035272599197924137,0.10374168306589127
0.003528757719323039,0.10369530320167542
0.003528003813698888,0.10373739898204803
0.0035252925008535385,0.10377790033817291
0.0035250086802989244,0.10377618670463562
0.0035241867881268263,0.10374774783849716
0.0035236135590821505,0.10384289920330048
0.003523825900629163,0.10381064563989639
0.0035248235799372196,0.10375678539276123
0.003524261759594083,0.10372865200042725
0.0035243218299001455,0.10383647680282593
0.0035250249784439802,0.10379394888877869
0.003524425206705928,0.10389229655265808
0.003525947220623493,0.10377629101276398
0.003526838030666113,0.1037321612238884
0.0035294315312057734,0.10371842235326767
0.003528052940964699,0.10384732484817505
0.0035294212866574526,0.10373865813016891
0.00352965178899467,0.10369895398616791
0.003528312314301729,0.10386358946561813
0.0035269244108349085,0.10367411375045776
0.0035253933165222406,0.103846475481987
0.0035237239208072424,0.10381749272346497
0.003523337421938777,0.10379120707511902
0.0035226009786128998,0.10380733758211136
0.003522631013765931,0.10377050191164017
0.0035236957482993603,0.10384988784790039
0.0035232077352702618,0.10381121933460236
0.0035222412552684546,0.10380223393440247
0.0035218754783272743,0.10374796390533447
0.003522144164890051,0.10377693176269531
0.003522517392411828,0.10383006930351257
0.0035236801486462355,0.10376167297363281
0.0035226047039031982,0.10381939262151718
0.003523357678204775,0.10380411893129349
0.003522365354001522,0.10378510504961014
0.003522581188008189,0.10385982692241669
0.0035224915482103825,0.10381055623292923
0.003521904582157731,0.10383549332618713
0.0035231176298111677,0.10384485125541687
0.0035227304324507713,0.10377927869558334
0.003522824728861451,0.10376908630132675
0.003522885963320732,0.10385298728942871
0.003525219392031431,0.10382820665836334
0.003523621940985322,0.10372992604970932
0.0035275728441774845,0.10379385203123093
0.0035263982135802507,0.10372509807348251
0.003526185406371951,0.1038576140999794
0.0035292329266667366,0.10381953418254852
0.00352555513381958,0.10370824486017227
0.0035242876037955284,0.10384900122880936
0.0035253805108368397,0.10376767814159393
0.0035237367264926434,0.10379806905984879
0.0035202335566282272,0.10376932471990585
0.0035204242449253798,0.10374179482460022
0.0035205811727792025,0.10377554595470428
0.0035207343753427267,0.10378295928239822
0.0035193359944969416,0.10379127413034439
0.003519816789776087,0.10377085953950882
0.0035195406526327133,0.10380304604768753
0.0035204708110541105,0.1038338914513588
0.0035211462527513504,0.10382284224033356
0.0035206591710448265,0.10377831757068634
0.0035195357631891966,0.10383118689060211
0.0035196568351238966,0.10373437404632568
0.0035225776955485344,0.10386596620082855
0.003520542522892356,0.10380865633487701
0.003520151600241661,0.10380098223686218
0.003518735757097602,0.10381832718849182
0.003518791636452079,0.1038268506526947
0.0035195688251405954,0.10384757071733475
0.0035199481062591076,0.1038496345281601
0.0035224633757025003,0.10389015078544617
0.0035220785066485405,0.10378047823905945
0.0035233660601079464,0.10385804623365402
0.003521272446960211,0.10375937819480896
0.0035225525498390198,0.10373186320066452
0.0035200787242501974,0.10383734852075577
0.003521012607961893,0.10377524048089981
0.003519910853356123,0.10382303595542908
0.0035237891133874655,0.10376834124326706
0.003524908795952797,0.1038028672337532
0.0035258096177130938,0.10383342206478119
0.0035270897205919027,0.1038024052977562
0.0035312590189278126,0.10374240577220917
0.0035272075328975916,0.10378944873809814
0.0035276671405881643,0.10373900830745697
0.0035220871213823557,0.10374470055103302
0.003520457772538066,0.10383478552103043
0.003519238904118538,0.10378208756446838
0.003519967431202531,0.10385820269584656
0.003521148581057787,0.10376156866550446
0.003520522965118289,0.10379468649625778
0.0035223544109612703,0.10386563092470169
0.0035217413678765297,0.10376536101102829
0.003521596547216177,0.10382513701915741
0.003518402576446533,0.10372360795736313
0.003519111080095172,0.10381987690925598
0.0035175958182662725,0.10373499244451523
0.0035187287721782923,0.10381751507520676
0.0035181972198188305,0.10375326126813889
0.0035175038501620293,0.10378377139568329
0.003518175333738327,0.1038237139582634
0.0035182773135602474,0.103769451379776
0.0035167026799172163,0.1037837564945221
0.0035171620547771454,0.10382318496704102
0.0035169131588190794,0.10379166156053543
0.003517781849950552,0.10382678359746933
0.0035197504330426455,0.10375185310840607
0.00351682654581964,0.1038024052977562
0.0035172984935343266,0.1038091629743576
0.003516684053465724,0.10373865067958832
0.003516755299642682,0.1038236916065216
0.003515958320349455,0.10381729900836945
0.0035151869524270296,0.10381720960140228
0.0035151480697095394,0.10384377092123032
0.003515338758006692,0.10379873961210251
0.003515319200232625,0.10381271690130234
0.003516295226290822,0.10382795333862305
0.0035175855737179518,0.10377223789691925
0.0035175008233636618,0.10382141172885895
0.003516007447615266,0.10383084416389465
0.0035154903307557106,0.10384003072977066
0.0035147962626069784,0.103856161236763
0.003517208155244589,0.10385381430387497
0.003517498029395938,0.103772833943367
0.0035160693805664778,0.10377193242311478
0.003518097335472703,0.10380607098340988
0.0035174672957509756,0.10374940186738968
0.0035176165401935577,0.10375674068927765
0.003515003016218543,0.10383537411689758
0.003514380194246769,0.10386303067207336
0.0035167608875781298,0.10375790297985077
0.003516214666888118,0.10384330153465271
0.0035156498197466135,0.10386280715465546
0.0035175615921616554,0.1037435382604599
0.0035187203902751207,0.1037212610244751
0.00351799838244915,0.10380211472511292
0.003516747383400798,0.10383445769548416
0.003514982061460614,0.1037575751543045
0.0035136027727276087,0.10385449975728989
0.0035144442226737738,0.10380229353904724
0.003514799289405346,0.10378922522068024
0.003515403950586915,0.10376954078674316
0.003518739715218544,0.10373148322105408
0.0035171066410839558,0.10377947986125946
0.003515049582347274,0.10384851694107056
0.0035162183921784163,0.10382804274559021
0.003516193712130189,0.10380634665489197
0.0035148945171386003,0.10380525141954422
0.0035141087137162685,0.10382740199565887
0.003514818847179413,0.10379734635353088
0.003514842828735709,0.10373937338590622
0.003514734096825123,0.10382531583309174
0.0035144593566656113,0.1037542000412941
0.003515680553391576,0.10382121056318283
0.003516202326864004,0.10381077975034714
0.003523860825225711,0.10380744934082031
0.003519593272358179,0.10379771888256073
0.0035161462146788836,0.10376428812742233
0.0035152200143784285,0.1038544550538063
0.003516684053465724,0.10382838547229767
0.003514971351251006,0.1037970632314682
0.0035135808866471052,0.10386033356189728
0.0035139634273946285,0.10381899774074554
0.0035158186219632626,0.103756844997406
0.003516664495691657,0.10389919579029083
0.003514272626489401,0.10379331558942795
0.0035133222118020058,0.10377299040555954
0.0035111948382109404,0.10382065176963806
0.0035124055575579405,0.1037442609667778
0.0035130393225699663,0.1037968099117279
0.003513501025736332,0.10377857834100723
0.003513856790959835,0.10373836755752563
0.0035133971832692623,0.10378361493349075
0.003517739474773407,0.10370956361293793
0.0035176340024918318,0.10376077890396118
0.003517528297379613,0.10376977920532227
0.003517384175211191,0.10377327352762222
0.0035172009374946356,0.10380753129720688
0.0035218200646340847,0.10371430218219757
0.003518154378980398,0.10374051332473755
0.0035135678481310606,0.10381275415420532
0.003515146905556321,0.10370781272649765
0.003514994867146015,0.10372920334339142
0.0035139780957251787,0.1036859005689621
0.0035127708688378334,0.10377835482358932
0.0035110514145344496,0.10379185527563095
0.003510389244183898,0.10376682132482529
0.0035118197556585073,0.10381065309047699
0.003511203918606043,0.10381902754306793
0.0035116246435791254,0.10371668636798859
0.0035104278940707445,0.10393032431602478
0.0035107966978102922,0.10376018285751343
0.003510845359414816,0.10381030291318893
0.0035106351133435965,0.1037977859377861
0.0035102295223623514,0.10381504148244858
0.0035095238126814365,0.10371758788824081
0.0035088330041617155,0.1037922278046608
0.0035094565246254206,0.10372024029493332
0.0035098048392683268,0.1037525087594986
0.0035090469755232334,0.10378819704055786
0.0035084218252450228,0.10376851260662079
0.003509740112349391,0.10375285893678665
0.0035092683974653482,0.10380129516124725
0.003510302398353815,0.10378126800060272
0.003510487964376807,0.10385921597480774
0.0035113058984279633,0.10382090508937836
0.0035125077702105045,0.10380247235298157
0.003510259324684739,0.10375001281499863
0.003510777372866869,0.10381542891263962
0.003509943373501301,0.10376831889152527
0.003509960602968931,0.10382799059152603
0.003510473994538188,0.10379467159509659
0.0035119145177304745,0.1037338525056839
0.0035119063686579466,0.10380944609642029
0.003510772017762065,0.10372193157672882
0.003510545939207077,0.10378935933113098
0.0035094276536256075,0.10377515852451324
0.0035086143761873245,0.10381568968296051
0.003508825320750475,0.10378383845090866
0.003507962916046381,0.10381586849689484
0.0035088416188955307,0.10382503271102905
0.003509822068735957,0.10374696552753448
0.0035097929649055004,0.10386800020933151
0.0035085794515907764,0.10372597724199295
0.0035079086665064096,0.10377738624811172
0.0035071612801402807,0.1037713810801506
0.0035075759515166283,0.10373926907777786
0.003508766880258918,0.10368905961513519
0.0035081312526017427,0.10380411893129349
0.003508994122967124,0.10371388494968414
0.0035089822486042976,0.10371799767017365
0.0035085459239780903,0.10381346195936203
0.0035099894739687443,0.10368838161230087
0.0035076276399195194,0.10381117463111877
0.00350769329816103,0.1038423553109169
0.0035110805183649063,0.10375996679067612
0.003509359434247017,0.10372758656740189
0.003515994641929865,0.10368286073207855
0.0035133338533341885,0.10379847884178162
0.0035088348668068647,0.10369458794593811
0.003507493995130062,0.10379422456026077
0.003509631846100092,0.10382746160030365
0.003513977862894535,0.10379374772310257
0.003519404446706176,0.10376952588558197
0.0035159599501639605,0.10381442308425903
0.0035145478323101997,0.10374277830123901
0.0035123152192682028,0.10381369292736053
0.0035110702738165855,0.10373028367757797
0.0035074648912996054,0.10388492047786713
0.003506589215248823,0.10377994179725647
0.003507085144519806,0.10375092923641205
0.0035063019022345543,0.10375726222991943
0.003506155451759696,0.10381533950567245
0.0035057347267866135,0.10374952107667923
0.0035057803615927696,0.10376152396202087
0.00350594287738204,0.1037452295422554
0.003506164997816086,0.10378871113061905
0.0035064909607172012,0.10379008948802948
0.003505973145365715,0.10374873131513596
0.0035046471748501062,0.10380057245492935
0.003504518186673522,0.10378491133451462
0.0035058031789958477,0.10383772104978561
0.0035068136639893055,0.10383676737546921
0.0035043482203036547,0.10380299389362335
0.0035058457870036364,0.10384093225002289
0.003507892368361354,0.10377101600170135
0.0035095966886729,0.10380692034959793
0.0035093470942229033,0.10370631515979767
0.003507395274937153,0.10371032357215881
0.00350756524130702,0.10386039316654205
0.0035115124192088842,0.10386668145656586
0.0035130579490214586,0.10374902933835983
0.003511461429297924,0.10381113737821579
0.003511826042085886,0.1037992313504219
0.003510004375129938,0.10375891625881195
0.0035073577892035246,0.10381420701742172
0.003506496548652649,0.10376468300819397
0.003503901418298483,0.10379050672054291
0.003504260675981641,0.10369151830673218
0.003504456952214241,0.10380600392818451
0.0035042166709899902,0.10375713557004929
0.0035051070153713226,0.10377960652112961
0.003503949148580432,0.1038224920630455
0.00350416568107903,0.10382316261529922
0.0035042085219174623,0.10381080210208893
0.0035030038561671972,0.10381016135215759
0.003502689767628908,0.103781558573246
0.003503489075228572,0.10381961613893509
0.003502358915284276,0.10381177067756653
0.0035035402979701757,0.1037791296839714
0.003502827836200595,0.10379251837730408
0.003502440173178911,0.10374818742275238
0.0035024103708565235,0.10379108786582947
0.003503832034766674,0.10383428633213043
0.003503260901197791,0.10384765267372131
0.0035037596244364977,0.1037643700838089
0.003503949148580432,0.10381191968917847
0.003502946114167571,0.10374689102172852
0.003503076732158661,0.10377734899520874
0.0035022117663174868,0.10380909591913223
0.0035016604233533144,0.10376985371112823
0.0035030264407396317,0.10381241887807846
0.003505699336528778,0.10380508750677109
0.0035050539299845695,0.10388746857643127
0.003505485597997904,0.10373412072658539
0.003504445543512702,0.10372667759656906
0.0035056101623922586,0.10383044928312302
0.0035054306499660015,0.10381227731704712
0.0035037079360336065,0.1038481593132019
0.0035028760321438313,0.10373290628194809
0.003503239480778575,0.10381527245044708
0.003504198743030429,0.1038123145699501
0.003503972664475441,0.10381083190441132
0.0035053808242082596,0.10373503714799881
0.003507317276671529,0.1038411483168602
0.003506175708025694,0.10379178076982498
0.003504673484712839,0.10371385514736176
0.0035033465828746557,0.10374738276004791
0.003502726787701249,0.1037958562374115
0.0035016851034015417,0.1037888154387474
0.003502716077491641,0.10391001403331757
0.0035026571713387966,0.10379699617624283
0.0035035526379942894,0.1037822812795639
0.0035028273705393076,0.10378213226795197
0.00350147089920938,0.10374200344085693
0.0035010473802685738,0.10380834341049194
0.0035027863923460245,0.10380620509386063
0.0035020457580685616,0.10375787317752838
0.00350118987262249,0.10375919193029404
0.0035003111697733402,0.10374685376882553
0.0035002443473786116,0.10375135391950607
0.003499765880405903,0.10382810235023499
0.0034996727481484413,0.1037822812795639
0.0035006136167794466,0.10379155725240707
0.0035002119839191437,0.10378249734640121
0.0035002068616449833,0.10378670692443848
0.0035000289790332317,0.10379356890916824
0.0035015856847167015,0.10384516417980194
0.0035006115213036537,0.10378782451152802
0.003499887650832534,0.1038164347410202
0.0035012918524444103,0.10381755232810974
0.0035035947803407907,0.10371541976928711
0.003502305131405592,0.10380242764949799
0.0035011880099773407,0.10379308462142944
0.0035007179249078035,0.10371632874011993
0.003501314204186201,0.10386591404676437
0.003501429921016097,0.10374470055103302
0.003499878803268075,0.10372284799814224
0.0034996317699551582,0.10380382835865021
0.003499530954286456,0.10370534658432007
0.003501522820442915,0.103811115026474
0.0035005041863769293,0.1038576290011406
0.003501355880871415,0.1037009060382843
0.003501094412058592,0.10384844988584518
0.0035009849816560745,0.10386344790458679
0.003501264378428459,0.10381632298231125
0.003502253908663988,0.1037403866648674
0.0035026061814278364,0.10388237982988358
0.0035064995754510164,0.10369815677404404
0.003507626010105014,0.10380256175994873
0.00350192841142416,0.1037755012512207
0.003501550992950797,0.10373371839523315
0.0034993733279407024,0.10374893993139267
0.0034985251259058714,0.10374028235673904
0.0034986832179129124,0.10377386212348938
0.003497759345918894,0.10380177199840546
0.0034977884497493505,0.10380098223686218
0.0034986971877515316,0.10382192581892014
0.0034996038302779198,0.10384779423475266
0.003498509293422103,0.10371629148721695
0.003498134668916464,0.10378802567720413
0.003498614765703678,0.10377813130617142
0.003501902800053358,0.1038597822189331
0.003501744708046317,0.10374465584754944
0.0035025477409362793,0.10381258279085159
0.003498680889606476,0.10386796295642853
0.003499772632494569,0.10371002554893494
0.003498698817566037,0.10373744368553162
0.003498453414067626,0.10374772548675537
0.0034986878745257854,0.10366915911436081
0.003499320475384593,0.10376401245594025
0.0034988836850970984,0.1038031280040741
0.0034984841477125883,0.1037522703409195
0.003498935606330633,0.10384958982467651
0.0035004857927560806,0.10378940403461456
0.0035003405064344406,0.10378815978765488
0.003499827580526471,0.10388016700744629
0.0034984415397047997,0.10369236767292023
0.0034989453852176666,0.10376467555761337
0.003497667843475938,0.10374952107667923
0.003496189136058092,0.10379872471094131
0.003495896700769663,0.10381090641021729
0.0034957649186253548,0.1037716493010521
0.003495844081044197,0.10384026914834976
0.003496557706966996,0.10379370301961899
0.003495837328955531,0.10375003516674042
0.0034965279046446085,0.10385074466466904
0.003496804041787982,0.10377493500709534
0.0034963556099683046,0.10382968187332153
0.003495462005957961,0.10371699929237366
0.003497578203678131,0.10380471497774124
0.0034980066120624542,0.10377564281225204
0.0034969474654644728,0.1037553995847702
0.003495641751214862,0.10378159582614899
0.003495035693049431,0.10382310301065445
0.0034950608387589455,0.10378219932317734
0.0034953050781041384,0.10385546088218689
0.003495053621008992,0.10376318544149399
0.0034945684019476175,0.10377050936222076
0.0034941863268613815,0.10373812168836594
0.0034946042578667402,0.10378813743591309
0.003494847798720002,0.10376454144716263
0.0034952869173139334,0.10381761938333511
0.0034967742394655943,0.1037515252828598
0.0034960077609866858,0.10380655527114868
0.003497560042887926,0.10373639315366745
0.003497422207146883,0.10368478298187256
0.0034986892715096474,0.10374870896339417
0.0034977931063622236,0.10377145558595657
0.003495266428217292,0.1037059873342514
0.0034957011230289936,0.103904128074646
0.0034958587493747473,0.10384254902601242
0.0034959595650434494,0.10381995141506195
0.003495811717584729,0.10378202050924301
0.0034960522316396236,0.10379738360643387
0.0034972510766237974,0.10374102741479874
0.0034975057933479548,0.10375379770994186
0.0034976224415004253,0.10380490124225616
0.00349896727129817,0.10376961529254913
0.0034985037054866552,0.10385210067033768
0.003495648968964815,0.10377427935600281
0.003494411939755082,0.10372509807348251
0.003493641270324588,0.10381365567445755
0.003494563512504101,0.10376344621181488
0.0034941337071359158,0.10379869490861893
0.0034947125241160393,0.10377281159162521
0.0034929674584418535,0.10381521284580231
0.003492797492071986,0.10379497706890106
0.0034935693256556988,0.10376432538032532
0.0034937309101223946,0.10372963547706604
0.003492476651445031,0.10374844819307327
0.0034936019219458103,0.10369989275932312
0.003494140924885869,0.10388659685850143
0.003494013100862503,0.10368286073207855
0.0034929150715470314,0.10380775481462479
0.003493565833196044,0.10376349836587906
0.0034943765494972467,0.10379602015018463
0.0034935642033815384,0.10378364473581314
0.003493056632578373,0.10379361361265182
0.003491869429126382,0.10380563139915466
0.0034923970233649015,0.1037430390715599
0.0034922834020107985,0.10376781225204468
0.0034935828298330307,0.103847935795784
0.0034932182170450687,0.1038268581032753
0.003493107622489333,0.10377320647239685
0.0034931167028844357,0.10382327437400818
0.003492188872769475,0.1037936806678772
0.0034919334575533867,0.10374114662408829
0.003491766983643174,0.10381962358951569
0.003494084347039461,0.10372591763734818
0.003494107164442539,0.10375518351793289
0.0034938137978315353,0.10371146351099014
0.003494364209473133,0.10380382835865021
0.0034921332262456417,0.1037321463227272
0.003492878284305334,0.10378085821866989
0.0034924091305583715,0.10377908498048782
0.0034911707043647766,0.10371672362089157
0.0034910677932202816,0.10373693704605103
0.0034931765403598547,0.10375276952981949
0.00349333300255239,0.10377072542905807
0.0034941337071359158,0.10378240793943405
0.003492305986583233,0.1038200706243515
0.003492543939501047,0.10375011712312698
0.003493914380669594,0.10381124913692474
0.003493678290396929,0.10381102561950684
0.003492585849016905,0.10375829041004181
0.0034904968924820423,0.10380128771066666
0.003490330185741186,0.10379817336797714
0.0034917232114821672,0.10368479043245316
0.0034934754949063063,0.10381213575601578
0.003491701791062951,0.10380031913518906
0.00349237653426826,0.10373803973197937
0.003492161864414811,0.10377592593431473
0.003491587471216917,0.10380295664072037
0.0034932636190205812,0.10374238342046738
0.0034923183266073465,0.10375123471021652
0.0034925765357911587,0.10374082624912262
0.0034934396389871836,0.10379120707511902
0.0034941791091114283,0.10376425832509995
0.003492336720228195,0.10377504676580429
0.0034925932995975018,0.10382021218538284
0.0034918964374810457,0.10379015654325485
0.00349230645224452,0.10383322834968567
0.00349204964004457,0.10375042259693146
0.0034914230927824974,0.10377498716115952
0.0034913562703877687,0.10382012277841568
0.003489950904622674,0.10377945750951767
0.0034918722230941057,0.10378115624189377
0.003491687821224332,0.10378514975309372
0.0034911625552922487,0.10377895087003708
0.003492218442261219,0.10376714915037155
0.0034932135604321957,0.10373805463314056
0.003490462666377425,0.10380162298679352
0.003490997711196542,0.10373781621456146
0.0034925690852105618,0.10384298861026764
0.0034912070259451866,0.10380589216947556
0.0034883914049714804,0.10375542938709259
0.003488863119855523,0.10375003516674042
0.0034877995494753122,0.10378285497426987
0.003488092450425029,0.10383796691894531
0.0034882058389484882,0.10376737266778946
0.003488420508801937,0.10379210114479065
0.003488898975774646,0.10379264503717422
0.003489062888547778,0.10383660346269608
0.0034882735926657915,0.10371565818786621
0.003490465460345149,0.1038135439157486
0.0034919357858598232,0.10377993434667587
0.003488051937893033,0.10375630855560303
0.003487680107355118,0.10382481664419174
0.0034877059515565634,0.103767991065979
0.0034866109490394592,0.10375384986400604
0.003488176502287388,0.10376723855733871
0.0034874780103564262,0.10387424379587173
0.003487870329990983,0.10379552096128464
0.003488261951133609,0.10386024415493011
0.0034886468201875687,0.10380206257104874
0.0034877206198871136,0.10375380516052246
0.003487766021862626,0.10379443317651749
0.003487147856503725,0.10379413515329361
0.003488092916086316,0.10377959161996841
0.003487592563033104,0.10377047955989838
0.003487055189907551,0.1037701740860939
0.003487883135676384,0.1038220003247261
0.0034889394883066416,0.10376553237438202
0.0034896351862698793,0.10377316176891327
0.0034903499763458967,0.10374327749013901
0.0034915655851364136,0.10380098223686218
0.0034903879277408123,0.10374635457992554
0.003488920396193862,0.10376039892435074
0.0034903010819107294,0.10379140824079514
0.0034901630133390427,0.10380613058805466
0.0034885338973253965,0.10378662496805191
0.003488401649519801,0.10372158139944077
0.003490110859274864,0.10380473732948303
0.0034878854639828205,0.10371147096157074
0.0034882796462625265,0.1038026288151741
0.003488015616312623,0.10378477722406387
0.0034874691627919674,0.10375801473855972
0.003487241454422474,0.10374389588832855
0.0034871986135840416,0.10372002422809601
0.0034877266734838486,0.10379558801651001
0.0034848307259380817,0.10382386296987534
0.0034855701960623264,0.10372167825698853
0.003487065900117159,0.10372622311115265
0.003487419104203582,0.10376989096403122
0.003485764842480421,0.10380376130342484
0.0034859259612858295,0.10372244566679001
0.0034858204890042543,0.10371197015047073
0.0034876177087426186,0.10381165891885757
0.0034874656703323126,0.103729248046875
0.003486521542072296,0.10378269851207733
0.003485545050352812,0.10377238690853119
0.003487257519736886,0.10374632477760315
0.003486383706331253,0.10372692346572876
0.003487883135676384,0.10370131582021713
0.0034853722900152206,0.10382670164108276
0.0034864244516938925,0.10368384420871735
0.0034856139682233334,0.1037631705403328
0.00348655809648335,0.10380187630653381
0.0034863813780248165,0.1037791445851326
0.0034868610091507435,0.10375546663999557
0.0034872700925916433,0.10375463217496872
0.003485859604552388,0.10379771888256073
0.0034855022095143795,0.10374316573143005
0.0034853830002248287,0.10377870500087738
0.003484596498310566,0.10377993434667587
0.0034852309618145227,0.10377031564712524
0.0034863175824284554,0.10381712019443512
0.0034870989620685577,0.1037399098277092
0.003487558336928487,0.10382755100727081
0.0034872889518737793,0.10369826853275299
0.003487909445539117,0.10379064083099365
0.0034852572716772556,0.103727325797081
0.003486440284177661,0.10375647991895676
0.0034843594767153263,0.10376767814159393
0.0034835878759622574,0.10378193110227585
0.003483751555904746,0.10375617444515228
0.0034832977689802647,0.10374069213867188
0.0034841648302972317,0.10378269851207733
0.0034831238444894552,0.10385280847549438
0.003483900800347328,0.10376562178134918
0.003483525477349758,0.10374251008033752
0.0034826709888875484,0.10377085208892822
0.003482774831354618,0.10386068373918533
0.0034829084761440754,0.1037791296839714
0.003482751315459609,0.10378846526145935
0.0034823620226234198,0.10373807698488235
0.003482922911643982,0.10383149236440659
0.0034829932264983654,0.10378524661064148
0.003482429776340723,0.10383055359125137
0.003482209984213114,0.10379810631275177
0.003482453292235732,0.10370691120624542
0.003483378328382969,0.1037517860531807
0.003483264474198222,0.10378389805555344
0.0034821610897779465,0.10381317138671875
0.0034821301233023405,0.10370123386383057
0.0034821724984794855,0.10379510372877121
0.003483534324914217,0.10378164052963257
0.003483133390545845,0.10375916957855225
0.0034832500386983156,0.10375367105007172
0.0034825061447918415,0.10379263013601303
0.003483816748484969,0.10382742434740067
0.003483633743599057,0.10373740643262863
0.0034822614397853613,0.10376051068305969
0.0034828532952815294,0.10379714518785477
0.0034820069558918476,0.10380516946315765
0.003480871906504035,0.10378571599721909
0.003480571787804365,0.10379502177238464
0.0034815312828868628,0.10372044146060944
0.0034812551457434893,0.10381253063678741
0.0034822081215679646,0.10377189517021179
0.003481965744867921,0.10381413996219635
0.003481278195977211,0.1037696972489357
0.0034819715656340122,0.10374237596988678
0.0034822928719222546,0.10379409790039062
0.0034818570129573345,0.10382840782403946
0.0034836118575185537,0.10375378280878067
0.003482817905023694,0.10373472422361374
0.0034824791364371777,0.10381422191858292
0.0034824854228645563,0.1037391796708107
0.003482737112790346,0.10373113304376602
0.003481675172224641,0.10381221026182175
0.003480533603578806,0.10370370745658875
0.0034810055512934923,0.10380381345748901
0.0034808586351573467,0.10377340763807297
0.0034809112548828125,0.10381954908370972
0.003481653518974781,0.10375967621803284
0.003481754334643483,0.10377608239650726
0.0034818705171346664,0.10371888428926468
0.0034823305904865265,0.10377971827983856
0.0034846304915845394,0.10376108437776566
0.003486393252387643,0.1037827804684639
0.00348650268279016,0.10374871641397476
0.003486251924186945,0.10378531366586685
0.0034862710162997246,0.10372385382652283
0.0034831345546990633,0.10384637862443924
0.0034827759955078363,0.10373519361019135
0.003481058869510889,0.10373394191265106
0.0034804062452167273,0.10374073684215546
0.003480657236650586,0.10380707681179047
0.003481681924313307,0.10369954258203506
0.0034822593443095684,0.10381277650594711
0.003482507774606347,0.10378749668598175
0.003482169471681118,0.10388052463531494
0.003481358988210559,0.10369706153869629
0.0034816437400877476,0.10383619368076324
0.0034802048467099667,0.10371648520231247
0.0034799431450664997,0.10375645756721497
0.00347899436019361,0.10372163355350494
0.003478318452835083,0.10378454625606537
0.0034783717710524797,0.10378537327051163
0.0034799277782440186,0.10375700891017914
0.003480844432488084,0.10378992557525635
0.003479011356830597,0.10378613322973251
0.0034786146134138107,0.10380319505929947
0.0034786320757120848,0.10376200824975967
0.00347837433218956,0.1037798747420311
0.003478656755760312,0.10376261919736862
0.0034782029688358307,0.10377645492553711
0.0034781002905219793,0.10378435999155045
0.003478690981864929,0.10383204370737076
0.00347740575671196,0.10376239567995071
0.0034779261332005262,0.10382430255413055
0.00347808375954628,0.10373362898826599
0.003477540798485279,0.10376112163066864
0.0034779347479343414,0.10376638919115067
0.003478595521301031,0.10378047823905945
0.0034775256644934416,0.10376130044460297
0.003477308666333556,0.10378727316856384
0.003477511228993535,0.10381707549095154
0.0034787580370903015,0.10379771143198013
0.003479582257568836,0.10375386476516724
0.0034784043673425913,0.10375956445932388
0.0034795845858752728,0.10375283658504486
0.0034803838934749365,0.10375077277421951
0.0034802951849997044,0.10373670607805252
0.0034793601371347904,0.10378190129995346
0.003478409256786108,0.10382886230945587
0.0034782798029482365,0.10377182066440582
0.0034789510536938906,0.10372258722782135
0.0034796088002622128,0.10373225808143616
0.0034803312737494707,0.10381380468606949
0.003479024628177285,0.10381118208169937
0.003478091210126877,0.1037641316652298
0.003477092133834958,0.10377167165279388
0.0034774611704051495,0.10379639267921448
0.0034785473253577948,0.10370136797428131
0.003479295177385211,0.10377684235572815
0.003478393657132983,0.10377395153045654
0.003477328224107623,0.10376901179552078
0.003476837882772088,0.10377109795808792
0.00347655126824975,0.10383529216051102
0.0034760935232043266,0.1037856787443161
0.0034767971374094486,0.1037280410528183
0.003477334277704358,0.103815957903862
0.003476561512798071,0.10372617840766907
0.0034760378766804934,0.10377112776041031
0.0034769014455378056,0.10379514843225479
0.003477709833532572,0.10380080342292786
0.0034777012187987566,0.10380135476589203
0.00347669655457139,0.10379273444414139
0.003477891441434622,0.10374186933040619
0.003478124737739563,0.10375569015741348
0.003479016711935401,0.1038290411233902
0.003477775491774082,0.10373567044734955
0.0034790949430316687,0.10374052077531815
0.0034779375419020653,0.10379117727279663
0.003477176185697317,0.10371063649654388
0.0034782870206981897,0.10379593819379807
0.003478537080809474,0.10375823080539703
0.003477915655821562,0.10383471846580505
0.003480511950328946,0.10375817120075226
0.003478082362562418,0.10381416231393814
0.003479707520455122,0.1036936417222023
0.00347801367752254,0.10376603901386261
0.0034775466192513704,0.10372067987918854
0.0034768637269735336,0.10377654433250427
0.003475992940366268,0.10381455719470978
0.003477230202406645,0.1038670763373375
0.00347764790058136,0.10372626036405563
0.003475925885140896,0.1037236824631691
0.003476358251646161,0.10376089066267014
0.0034750348422676325,0.1037612333893776
0.003475429955869913,0.10381142050027847
0.0034754120279103518,0.1037522628903389
0.003476266283541918,0.10381646454334259
0.003475156147032976,0.10378601402044296
0.003474585711956024,0.10374493896961212
0.0034747696481645107,0.1037544310092926
0.003475476521998644,0.10376973450183868
0.0034745826851576567,0.10379043966531754
0.003474463941529393,0.10373841226100922
0.003474246244877577,0.10375604033470154
0.0034749885089695454,0.10374518483877182
0.0034746387973427773,0.10379824042320251
0.003475152887403965,0.10376956313848495
0.003475962672382593,0.10370901226997375
0.0034749459009617567,0.10379080474376678
0.003476580372080207,0.10380099713802338
0.0034769889898598194,0.10363147407770157
0.003475689562037587,0.103909432888031
0.0034755044616758823,0.10377059876918793
0.003474573139101267,0.10381665825843811
0.003473368939012289,0.10378381609916687
0.0034734318032860756,0.1037733182311058
0.00347349070943892,0.10379188507795334
0.0034736895468086004,0.10375472903251648
0.0034730208572000265,0.10373903065919876
0.0034739270340651274,0.10379955917596817
0.003472783835604787,0.10375393182039261
0.0034735023509711027,0.10380924493074417
0.0034740145783871412,0.10377724468708038
0.003473331918939948,0.10375329852104187
0.003472596174106002,0.10379936546087265
0.003473270684480667,0.1038011834025383
0.0034728727769106627,0.10376212745904922
0.003473191987723112,0.10375356674194336
0.003473579650744796,0.10377531498670578
0.003474094672128558,0.10373751074075699
0.0034742371644824743,0.10383108258247375
0.0034738550893962383,0.1037323996424675
0.003475047182291746,0.10380493104457855
0.0034741160925477743,0.10374939441680908
0.0034732173662632704,0.103743776679039
0.003473675111308694,0.10377483069896698
0.0034736632369458675,0.1037621796131134
0.0034731756895780563,0.10380329936742783
0.003472137963399291,0.10379736870527267
0.0034723645076155663,0.10377214848995209
0.0034728129394352436,0.10378487408161163
0.0034717919770628214,0.10379952937364578
0.0034716802183538675,0.10378055274486542
0.0034716364461928606,0.10379486531019211
0.0034715489018708467,0.10380668193101883
0.003471719566732645,0.10374612361192703
0.003472157521173358,0.10382553935050964
0.0034717784728854895,0.10377845168113708
0.003472232259809971,0.10377303510904312
0.0034715551882982254,0.10381808876991272
0.0034730220213532448,0.1037570908665657
0.0034737635869532824,0.1037457063794136
0.003474922850728035,0.10376930236816406
0.0034720380790531635,0.1038021370768547
0.003471372416242957,0.10379608720541
0.0034707749728113413,0.10372299700975418
0.0034713386557996273,0.10385120660066605
0.0034708327148109674,0.10381852090358734
0.0034722075797617435,0.10373944044113159
0.003471983131021261,0.10383901745080948
0.0034709738101810217,0.10380399227142334
0.0034706671722233295,0.10379558801651001
0.003471566364169121,0.10376445204019547
0.003470874624326825,0.10379250347614288
0.003470697905868292,0.10379345715045929
0.0034703759010881186,0.10375511646270752
0.003471133764833212,0.10374937951564789
0.003472995711490512,0.10380092263221741
0.003472415031865239,0.10379503667354584
0.003471165196970105,0.10379315167665482
0.0034708089660853148,0.1037731021642685
0.003471043426543474,0.10382163524627686
0.0034727866295725107,0.10376917570829391
0.003474889090284705,0.10383257269859314
0.003474318655207753,0.10373249650001526
0.0034721973352134228,0.10378675162792206
0.0034712213091552258,0.1037931963801384
0.003470905125141144,0.10384219139814377
0.003470319788902998,0.1037878692150116
0.00346946669742465,0.10382068902254105
0.003470405237749219,0.1037919670343399
0.003470334457233548,0.1037956178188324
0.0034709598403424025,0.10381677001714706
0.0034701968543231487,0.10383295267820358
0.0034704303834587336,0.10375316441059113
0.0034702408593147993,0.10377287119626999
0.003470009658485651,0.10375132411718369
0.003469472751021385,0.10383176803588867
0.0034690946340560913,0.10378272086381912
0.003469123737886548,0.1038196012377739
0.0034694650676101446,0.10376381874084473
0.0034705426078289747,0.1038103699684143
0.003475797362625599,0.1037142351269722
0.0034718450624495745,0.10386350750923157
0.0034717919770628214,0.10376730561256409
0.003470010356977582,0.10384588688611984
0.003469975898042321,0.10372862964868546
0.0034690990578383207,0.10380413383245468
0.0034694497007876635,0.10380514711141586
0.0034681661054491997,0.10380025207996368
0.003468405222520232,0.10379734635353088
0.0034685004502534866,0.10380661487579346
0.003469037590548396,0.10373181849718094
0.003468814305961132,0.10381962358951569
0.0034684299025684595,0.1037604883313179
0.0034682443365454674,0.10378026962280273
0.0034683020785450935,0.10382930934429169
0.0034684096463024616,0.10381102561950684
0.00346894608810544,0.10381312668323517
0.0034683237317949533,0.10377301275730133
0.0034684608690440655,0.10379933565855026
0.00346876191906631,0.10380972921848297
0.0034698883537203074,0.1037735566496849
0.003469089511781931,0.10380063205957413
0.0034684091806411743,0.10383263975381851
0.0034692692570388317,0.1038074716925621
0.0034680147655308247,0.10377677530050278
0.003467454807832837,0.10374891757965088
0.0034672915935516357,0.1038215234875679
0.003468453884124756,0.10385289788246155
0.003469022223725915,0.10376045107841492
0.00346989743411541,0.10377522557973862
0.0034706243313848972,0.10376723855733871
0.0034707942977547646,0.10385967046022415
0.0034702843986451626,0.10374940186738968
0.0034720683470368385,0.1038537546992302
0.0034739060793071985,0.10376335680484772
0.0034703726414591074,0.10385611653327942
0.003469280432909727,0.10377919673919678
0.003468969604000449,0.10382653772830963
0.0034677640069276094,0.10373446345329285
0.0034679181408137083,0.10379843413829803
0.003468162380158901,0.10382725298404694
0.003468679031357169,0.10378837585449219
0.003467671340331435,0.10376971960067749
0.003466938389465213,0.10381920635700226
0.0034662450198084116,0.10374318808317184
0.0034668012522161007,0.10378381609916687
0.003468303708359599,0.10378263890743256
0.00346659729257226,0.10376638174057007
0.0034683216363191605,0.10386542230844498
0.003469333052635193,0.10375930368900299
0.003467968897894025,0.10388168692588806
0.00346755632199347,0.10375966131687164
0.0034678149968385696,0.10381890833377838
0.003467186354100704,0.10378734767436981
0.003466235473752022,0.10380659252405167
0.0034664126578718424,0.10378147661685944
0.003466915339231491,0.10383162647485733
0.003466386115178466,0.10372132807970047
0.003467921167612076,0.10378102958202362
0.0034659395460039377,0.10377463698387146
0.003465337213128805,0.10378993302583694
0.0034661507233977318,0.10374792665243149
0.003467141417786479,0.10379907488822937
0.0034675796050578356,0.10377782583236694
0.0034668934531509876,0.10380742698907852
0.003466446418315172,0.10373703390359879
0.00346540124155581,0.10387732088565826
0.0034661758691072464,0.10377079993486404
0.0034658173099160194,0.10381817072629929
0.003465508809313178,0.1038254052400589
0.003465144895017147,0.10382616519927979
0.0034651171881705523,0.10383176058530807
0.003464468289166689,0.10380367934703827
0.0034648929722607136,0.10379297286272049
0.0034645204432308674,0.10383027046918869
0.0034652934409677982,0.10376700758934021
0.0034640710800886154,0.10378846526145935
0.003465076442807913,0.10373130440711975
0.003465754445642233,0.10380861163139343
0.003465594258159399,0.10375101864337921
0.003465913236141205,0.10382697731256485
0.003466073889285326,0.10380889475345612
0.003466295776888728,0.10377951711416245
0.0034658813383430243,0.10380957275629044
0.003467526752501726,0.10375417023897171
0.0034667947329580784,0.10380039364099503
0.0034660683013498783,0.10379967093467712
0.0034650343004614115,0.10380598157644272
0.003465354675427079,0.1037614494562149
0.003465475281700492,0.10387738794088364
0.0034656755160540342,0.10377676039934158
0.0034661332610994577,0.10379102826118469
0.003466316033154726,0.10379771143198013
0.0034657882060855627,0.1037890762090683
0.003465921152383089,0.10386662185192108
0.003465235698968172,0.10381472110748291
0.003464049194008112,0.1037687361240387
0.00346339400857687,0.10380087792873383
0.0034639055375009775,0.1037493348121643
0.0034638731740415096,0.1038312315940857
0.0034631509333848953,0.10378078371286392
0.0034629215952008963,0.10379668325185776
0.003463643603026867,0.10376624017953873
0.0034630640875548124,0.10379837453365326
0.0034633278846740723,0.10375229269266129
0.003463155124336481,0.10380782186985016
0.003463086439296603,0.10378839820623398
0.003463391214609146,0.10380836576223373
0.00346403568983078,0.10372376441955566
0.0034641160164028406,0.10378710180521011
0.003463547211140394,0.10384243726730347
0.0034630242735147476,0.10375182330608368
0.0034634359180927277,0.10380599647760391
0.0034625306725502014,0.10382597148418427
0.0034622102975845337,0.10375680774450302
0.0034629625733941793,0.10378054529428482
0.0034654627088457346,0.1037861779332161
0.003465228248387575,0.10384555160999298
0.0034649837762117386,0.10380979627370834
0.0034648485016077757,0.10381941497325897
0.003464908106252551,0.10389102250337601
0.0034638538490980864,0.10383728891611099
0.0034636964555829763,0.10379381477832794
0.0034638959914445877,0.10383275151252747
0.003463407512754202,0.10380536317825317
0.0034625534899532795,0.10382623225450516
0.0034620987717062235,0.10377538204193115
0.0034630154259502888,0.10378216952085495
0.0034627835266292095,0.10384787619113922
0.0034624594263732433,0.10377037525177002
0.0034635269548743963,0.10378310829401016
0.003462637774646282,0.1037558913230896
0.003462445456534624,0.10378039628267288
0.003462495282292366,0.10381937772035599
0.003463015193119645,0.10380534827709198
0.003462902968749404,0.10386515408754349
0.0034646287094801664,0.10378668457269669
0.0034668720327317715,0.10382595658302307
0.0034650475718080997,0.10378522425889969
0.003467412432655692,0.10385226458311081
0.00346911302767694,0.10385087877511978
0.0034669372253119946,0.10377182066440582
0.003463336732238531,0.10377232730388641
0.0034629793372005224,0.10376403480768204
0.0034615301992744207,0.1038082018494606
0.003461955115199089,0.10382172465324402
0.0034615416079759598,0.10379966348409653
0.0034616850316524506,0.10383127629756927
0.003461714368313551,0.10385409742593765
0.003462684340775013,0.1038297638297081
0.0034629327710717916,0.10380090028047562
0.003462268738076091,0.1038348525762558
0.003463729517534375,0.10370936244726181
0.003461460815742612,0.10376603156328201
0.003461789106950164,0.10380451381206512
0.003461441257968545,0.10375723987817764
0.003460220992565155,0.10380225628614426
0.00345980073325336,0.10379043966531754
0.0034599050413817167,0.10377185046672821
0.003459522034972906,0.10384117066860199
0.0034599669743329287,0.10383667796850204
0.0034600896760821342,0.10380508005619049
0.003460586303845048,0.10378238558769226
0.0034598475322127342,0.10376649349927902
0.0034606284461915493,0.10378006100654602
0.0034598982892930508,0.10376500338315964
0.0034599106293171644,0.10378395020961761
0.003458963939920068,0.10382187366485596
0.0034593476448208094,0.10376019775867462
0.003459329716861248,0.10382264852523804
0.0034597106277942657,0.10381453484296799
0.003459811443462968,0.10379587858915329
0.0034594503231346607,0.10383746027946472
0.0034591287840157747,0.10377845168113708
0.003459578612819314,0.10378113389015198
0.00345907942391932,0.10380510240793228
0.0034594021271914244,0.10382025688886642
0.0034594910684973,0.1038343533873558
0.003459179773926735,0.10379303991794586
0.0034598445054143667,0.10384522378444672
0.0034593723248690367,0.10378531366586685
0.003459798637777567,0.10379014909267426
0.003460525767877698,0.10372088849544525
0.003459596075117588,0.10383409261703491
0.0034614342730492353,0.10372400283813477
0.003461200976744294,0.10385456681251526
0.003462748136371374,0.10381843894720078
0.003463160479441285,0.10383781790733337
0.0034636142663657665,0.1037873923778534
0.00346049084328115,0.1038203239440918
0.003459357190877199,0.10374461114406586
0.003459315514191985,0.10378848016262054
0.0034592992160469294,0.10379420220851898
0.003458747174590826,0.10378210246562958
0.0034581292420625687,0.10381897538900375
0.003458748571574688,0.1038132980465889
0.0034592947922647,0.10378795862197876
0.003459218656644225,0.10377556830644608
0.003459065919741988,0.10382053256034851
0.003458747873082757,0.10377471894025803
0.0034586412366479635,0.10385269671678543
0.00345850782468915,0.10375479608774185
0.003458259394392371,0.1037994846701622
0.0034578745253384113,0.10385572165250778
0.003459132742136717,0.10388196259737015
0.0034589003771543503,0.103737972676754
0.003459575353190303,0.10383851081132889
0.00345860468223691,0.10378947854042053
0.003460261505097151,0.10391577333211899
0.003461008658632636,0.10378146916627884
0.003461718326434493,0.10376881808042526
0.003461166750639677,0.10380464047193527
0.003459822852164507,0.10377956181764603
0.0034593651071190834,0.10375124216079712
0.003459194442257285,0.10379054397344589
0.0034585699904710054,0.10384134203195572
0.0034596503246575594,0.10381238162517548
0.0034584011882543564,0.10382016748189926
0.0034586070105433464,0.10383707284927368
0.0034588768612593412,0.10370498150587082
0.0034576859325170517,0.10376526415348053
0.0034572998993098736,0.10381762683391571
0.00345807452686131,0.10375434905290604
0.00345696066506207,0.1037919893860817
0.0034580728970468044,0.10377075523138046
0.0034584596287459135,0.10379882901906967
0.0034565352834761143,0.10379178076982498
0.003457399783656001,0.10381834954023361
0.003458085237070918,0.10380243510007858
0.003458477323874831,0.10378853231668472
0.0034585772082209587,0.103806272149086
0.0034607555717229843,0.1038598045706749
0.003462337190285325,0.10384274274110794
0.0034577890764921904,0.10381963849067688
0.003458848223090172,0.1037936881184578
0.003456392791122198,0.10379666835069656
0.00345753226429224,0.10380915552377701
0.0034565902315080166,0.103764608502388
0.0034564866218715906,0.10385401546955109
0.003456774400547147,0.10376904159784317
0.003456124570220709,0.10379850119352341
0.0034558104816824198,0.10379116237163544
0.0034561892971396446,0.10376200824975967
0.0034560596104711294,0.10388024151325226
0.003456179052591324,0.10384295880794525
0.0034568747505545616,0.1038379818201065
0.0034556686878204346,0.10374078154563904
0.0034563031513243914,0.10384824872016907
0.0034569022245705128,0.10383062064647675
0.0034571110736578703,0.10388561338186264
0.003458422375842929,0.10377654433250427
0.0034575569443404675,0.10379260033369064
0.003456706879660487,0.10379838943481445
0.0034554656594991684,0.10378988832235336
0.0034554931335151196,0.10382409393787384
0.003455102676525712,0.10379926860332489
0.0034547261893749237,0.10379364341497421
0.0034550526179373264,0.10382919758558273
0.003454420482739806,0.10378796607255936
0.0034547396935522556,0.10379306972026825
0.0034550363197922707,0.10382169485092163
0.0034546589013189077,0.10378848016262054
0.00345489545725286,0.10378015041351318
0.0034551024436950684,0.10380232334136963
0.0034561315551400185,0.10377497971057892
0.0034552591387182474,0.10377219319343567
0.003456061240285635,0.10379815846681595
0.0034556519240140915,0.10375703126192093
0.0034550477284938097,0.10381242632865906
0.003454746212810278,0.10377254337072372
0.003455141792073846,0.10374830663204193
0.0034553033765405416,0.1038442999124527
0.003455551341176033,0.10375071316957474
0.003454896854236722,0.10380497574806213
0.0034556216560304165,0.10376982390880585
0.003455247962847352,0.10382595658302307
0.003454621182754636,0.10379935801029205
0.0034544472582638264,0.10379589349031448
0.003455453785136342,0.10381278395652771
0.0034544579684734344,0.10378531366586685
0.0034547620452940464,0.10380405187606812
0.0034541869536042213,0.1038765087723732
0.003455477301031351,0.10378489643335342
0.0034555038437247276,0.10384164750576019
0.003456343896687031,0.10375425964593887
0.003456543665379286,0.10376029461622238
0.003454626305028796,0.10383321344852448
0.0034547895193099976,0.10381215810775757
0.0034549108240753412,0.10379302501678467
0.0034543436486274004,0.10382227599620819
0.003454376244917512,0.10376868396997452
0.003454273333773017,0.10382352024316788
0.0034533170983195305,0.10380680859088898
0.0034537995234131813,0.10379047691822052
0.003454771591350436,0.10379880666732788
0.003453237935900688,0.1037834882736206
0.0034531266428530216,0.10378696769475937
0.0034531201235949993,0.10378342121839523
0.003453850978985429,0.10379407554864883
0.0034536034800112247,0.10384682565927505
0.003453733865171671,0.10378473252058029
0.003454426536336541,0.10376808047294617
0.003454524790868163,0.10381665825843811
0.003454213496297598,0.10382135212421417
0.003455202328041196,0.1037910059094429
0.0034545501694083214,0.10381676256656647
0.0034545776434242725,0.10384060442447662
0.003455277532339096,0.10368195921182632
0.0034552544821053743,0.10385140031576157
0.003456777660176158,0.10375311970710754
0.0034541781060397625,0.10388771444559097
0.0034538533072918653,0.1037735790014267
0.0034537254832684994,0.10377204418182373
0.0034524693619459867,0.103788360953331
0.0034526404924690723,0.10378889739513397
0.003453075187280774,0.10380705446004868
0.00345241604372859,0.10385598242282867
0.0034519548062235117,0.10380099713802338
0.0034528400283306837,0.10381145775318146
0.0034524383954703808,0.10383632779121399
0.0034519273322075605,0.10378096997737885
0.003452260047197342,0.10382981598377228
0.003453171579167247,0.10379471629858017
0.003453811164945364,0.10387350618839264
0.003454067511484027,0.10379695147275925
0.0034529652912169695,0.10381977260112762
0.0034532961435616016,0.1037902981042862
0.0034537697210907936,0.1037810742855072
0.0034543497022241354,0.1038651093840599
0.0034543557558208704,0.10378263145685196
0.0034526449162513018,0.10381016135215759
0.003453341778367758,0.1038149893283844
0.003455874975770712,0.10371299833059311
0.003456561593338847,0.10394350439310074
0.003452785313129425,0.1037769541144371
0.0034525522496551275,0.10377752780914307
0.003451785072684288,0.1038833037018776
0.003452788107097149,0.10386583209037781
0.0034516036976128817,0.10383884608745575
0.0034514113795012236,0.1038319319486618
0.0034510958939790726,0.1038389801979065
0.003451845608651638,0.10380900651216507
0.0034510905388742685,0.1037660613656044
0.003451260272413492,0.10382375866174698
0.0034515755251049995,0.10379348695278168
0.003450960386544466,0.10379326343536377
0.003451163414865732,0.1037573367357254
0.003451484953984618,0.10378387570381165
0.003451064694672823,0.10378685593605042
0.0034513433929532766,0.10373193770647049
0.0034518344327807426,0.10379872471094131
0.0034509513061493635,0.10383190959692001
0.00345074781216681,0.10381260514259338
0.003451362019404769,0.10379699617624283
0.0034514623694121838,0.10373649001121521
0.003451700322329998,0.10383015871047974
0.0034512649290263653,0.10378237068653107
0.0034514106810092926,0.10384958982467651
0.003451375523582101,0.10385094583034515
0.0034513704013079405,0.10382503271102905
0.0034518747124820948,0.10382303595542908
0.0034511785488575697,0.10382033884525299
0.0034508295357227325,0.10378510504961014
0.003450558753684163,0.10383044183254242
0.003450116142630577,0.10382849723100662
0.003451045136898756,0.10380204021930695
0.0034507419914007187,0.10382305830717087
0.0034507890231907368,0.10385721176862717
0.0034500116016715765,0.10379473119974136
0.0034496088046580553,0.10381218791007996
0.003449790645390749,0.10384673625230789
0.0034500486217439175,0.10383626073598862
0.00344976712949574,0.103768490254879
0.0034494849387556314,0.10382673889398575
0.0034493575803935528,0.10383416712284088
0.003450050950050354,0.1037980243563652
0.003449885407462716,0.10386445373296738
0.003450909862294793,0.10381606966257095
0.003450198331847787,0.10380937904119492
0.0034499415196478367,0.10384290665388107
0.003450415562838316,0.10376443713903427
0.0034512856509536505,0.10378953814506531
0.0034503538627177477,0.10377171635627747
0.003449973650276661,0.10377298295497894
0.0034487831871956587,0.10384868830442429
0.003448774805292487,0.1038183867931366
0.0034499093890190125,0.10381627827882767
0.0034497142769396305,0.10378140956163406
0.0034491363912820816,0.10383162647485733
0.0034491028636693954,0.10385691374540329
0.0034493515267968178,0.10379563271999359
0.003450547344982624,0.10381635278463364
0.0034495051950216293,0.10381678491830826
0.003449969459325075,0.10379815846681595
0.0034492756240069866,0.1037944108247757
0.0034499040339142084,0.10377899557352066
0.0034491971600800753,0.10379716753959656
0.003449002280831337,0.10381191968917847
0.0034484146162867546,0.10379284620285034
0.0034484644420444965,0.1038680449128151
0.003448422299697995,0.10374996811151505
0.003447719616815448,0.10383445769548416
0.0034481564071029425,0.10377993434667587
0.0034483028575778008,0.10386012494564056
0.0034487848170101643,0.10372992604970932
0.003448786912485957,0.10378635674715042
0.003450404852628708,0.103767529129982
0.0034493901766836643,0.1038467213511467
0.003448785748332739,0.10381457954645157
0.003448688890784979,0.10381099581718445
0.003448668634518981,0.10385347157716751
0.003448941744863987,0.10384000837802887
0.003448201809078455,0.10384713113307953
0.0034474495332688093,0.10384801030158997
0.0034486630465835333,0.1037842258810997
0.0034488572273403406,0.1038220003247261
0.0034486379008740187,0.10381358116865158
0.0034486267250031233,0.1038632020354271
0.0034492111299186945,0.10384152084589005
0.0034508409444242716,0.10365504026412964
0.003449564566835761,0.10379769653081894
0.0034482553601264954,0.10377548635005951
0.0034478208981454372,0.1038254052400589
0.0034483938943594694,0.1038253977894783
0.0034490160178393126,0.10386773198843002
0.003449441632255912,0.10383009165525436
0.0034482984337955713,0.10383739322423935
0.0034479673486202955,0.10381823778152466
0.003447687951847911,0.10377231240272522
0.003447309834882617,0.10384030640125275
0.003447658382356167,0.10382507741451263
0.003446888644248247,0.10384044796228409
0.003447330789640546,0.10381898283958435
0.0034469058737158775,0.10376732796430588
0.0034476567525416613,0.10381580889225006
0.0034472353290766478,0.10381759703159332
0.003447368973866105,0.10378429293632507
0.0034477205481380224,0.10378988832235336
0.003446894697844982,0.10380687564611435
0.0034470262471586466,0.10378971695899963
0.0034469591919332743,0.10380084812641144
0.003446816233918071,0.10377638041973114
0.0034470288082957268,0.10377414524555206
0.00344660016708076,0.10377431660890579
0.003446514019742608,0.10383987426757812
0.003446752205491066,0.1037672683596611
0.0034463275223970413,0.10381750762462616
0.00344646442681551,0.1038227453827858
0.003446262562647462,0.103843092918396
0.0034465622156858444,0.10379143804311752
0.003446154994890094,0.10381187498569489
0.0034466625656932592,0.10376664996147156
0.0034471445251256227,0.10382179170846939
0.003447212278842926,0.10386935621500015
0.003446405753493309,0.10384095460176468
0.003448039060458541,0.10378072410821915
0.0034477978479117155,0.10379453748464584
0.0034480751492083073,0.1038171574473381
0.0034474048297852278,0.10381889343261719
0.003447300987318158,0.10382761806249619
0.0034463987685739994,0.10380725562572479
0.0034462891053408384,0.10375156253576279
0.003446870017796755,0.10383862257003784
0.00344664859585464,0.10382860153913498
0.0034468902740627527,0.1037726178765297
0.0034457026049494743,0.10386046767234802
0.0034462418407201767,0.1038370281457901
0.0034464814234524965,0.10381608456373215
0.0034466059878468513,0.10381591320037842
0.003445181529968977,0.10382869094610214
0.0034453582484275103,0.10379964858293533
0.0034444574266672134,0.10381479561328888
0.0034447587095201015,0.10379960387945175
0.003444491419941187,0.10383149236440659
0.0034454641863703728,0.10384109616279602
0.0034447950311005116,0.10381260514259338
0.0034448164515197277,0.10385735332965851
0.003445118200033903,0.10383258014917374
0.0034446187783032656,0.10381099581718445
0.003444989677518606,0.10384158790111542
0.0034449701197445393,0.10385056585073471
0.0034445952624082565,0.10382428020238876
0.0034446571953594685,0.10383404046297073
0.0034449805971235037,0.10382209718227386
0.0034440679010003805,0.10384105890989304
0.0034444460179656744,0.1038161963224411
0.003444013651460409,0.10380253940820694
0.0034437477588653564,0.10386630892753601
0.0034452546387910843,0.10382766276597977
0.003446491900831461,0.1038605272769928
0.003446810645982623,0.1038307249546051
0.003445693291723728,0.10377150028944016
0.003444997128099203,0.1038612425327301
0.003445635549724102,0.10378757119178772
0.003444732166826725,0.10384118556976318
0.0034446928184479475,0.1038457527756691
0.0034439570736140013,0.10378274321556091
0.003443705616518855,0.10386519134044647
0.0034436527639627457,0.10382509976625443
0.003444398520514369,0.10380872339010239
0.0034444748889654875,0.10382106900215149
0.003445431822910905,0.10382834076881409
0.003445009933784604,0.10378293693065643
0.0034454604610800743,0.10381713509559631
0.0034444674383848906,0.10382623225450516
0.0034438238944858313,0.1038624569773674
0.003444549860432744,0.10387679189443588
0.0034455854911357164,0.10389970988035202
0.003446334507316351,0.10374391078948975
0.003445080015808344,0.10382074117660522
0.003443619702011347,0.1037985235452652
0.0034432995598763227,0.10381722450256348
0.00344334589317441,0.10381969809532166
0.0034431626554578543,0.10386182367801666
0.003442849963903427,0.10380436480045319
0.0034427468199282885,0.10384360700845718
0.003443074645474553,0.10378212481737137
0.0034431866370141506,0.10389982908964157
0.0034434362314641476,0.10383130609989166
0.003443437395617366,0.1038111075758934
0.003443777561187744,0.10379990190267563
0.0034434571862220764,0.10383348912000656
0.0034438695292919874,0.10387752205133438
0.0034432753454893827,0.10382882505655289
0.003442856715992093,0.10383151471614838
0.003442708170041442,0.10385426133871078
0.003442478133365512,0.10379010438919067
0.0034427710343152285,0.10383319109678268
0.0034425421617925167,0.1037752702832222
0.0034431389067322016,0.10386265069246292
0.003444479778409004,0.10378864407539368
0.00344511098228395,0.10385436564683914
0.0034438392613083124,0.1037600040435791
0.003444668371230364,0.10377971827983856
0.003444921225309372,0.1038380041718483
0.0034428949002176523,0.10378241539001465
0.003442566841840744,0.10385975986719131
0.003442896530032158,0.10383681207895279
0.0034426390193402767,0.10379081219434738
0.003442785469815135,0.10385093092918396
0.0034420955926179886,0.10377932339906693
0.0034423184115439653,0.10383153706789017
0.003441793145611882,0.10380812734365463
0.0034421051386743784,0.10385666787624359
0.0034426688216626644,0.10380613803863525
0.003443813882768154,0.10385213047266006
0.0034421964082866907,0.10378129035234451
0.0034419165458530188,0.10383014380931854
0.003441369626671076,0.10386251658201218
0.0034417815040796995,0.10385165363550186
0.003442009910941124,0.10385899245738983
0.0034414774272590876,0.10381723195314407
0.003441525623202324,0.10385442525148392
0.0034408250357955694,0.10381976515054703
0.0034408350475132465,0.10380950570106506
0.003440904663875699,0.10381152480840683
0.0034409521613270044,0.10383502393960953
0.00344133866019547,0.10383535921573639
0.003441567299887538,0.1037815734744072
0.0034412529785186052,0.10379637777805328
0.0034408709034323692,0.10385707765817642
0.0034411356318742037,0.10385193675756454
0.0034409596119076014,0.10382875800132751
0.0034415347035974264,0.10384636372327805
0.003440234111621976,0.10383670032024384
0.0034406359773129225,0.1038181409239769
0.0034402809105813503,0.10382558405399323
0.0034399880096316338,0.10380477458238602
0.0034404497127979994,0.1038149893283844
0.003440915374085307,0.10383733361959457
0.0034408573992550373,0.10377844423055649
0.003441154956817627,0.10387229919433594
0.003441489301621914,0.1038416251540184
0.003441430861130357,0.1038551777601242
0.003442182671278715,0.10385342687368393
0.0034416343551129103,0.10381139069795609
0.0034426620695739985,0.10385004431009293
0.0034416087437421083,0.1038067489862442
0.0034427714999765158,0.10380180925130844
0.003441695123910904,0.10387120395898819
0.0034412310924381018,0.10377798974514008
0.0034415777772665024,0.10382901877164841
0.0034406117629259825,0.10389023274183273
0.003440752625465393,0.10380720347166061
0.003439988475292921,0.10384952276945114
0.0034402504097670317,0.10383599996566772
0.0034394545946270227,0.10379355400800705
0.003439595689997077,0.10382597148418427
0.0034397519193589687,0.10383204370737076
0.0034398084972053766,0.10387233644723892
0.0034403239842504263,0.10380420088768005
0.003440789645537734,0.10382461547851562
0.0034403863828629255,0.1038563996553421
0.0034410555381327868,0.10380768775939941
0.0034400250297039747,0.10382729023694992
0.003439576830714941,0.10381019115447998
0.0034402140881866217,0.10382995009422302
0.003440495813265443,0.10381311178207397
0.003439641324803233,0.10376487672328949
0.0034395314287394285,0.10386105626821518
0.00343914981931448,0.10380186140537262
0.0034397118724882603,0.10385967046022415
0.0034394091926515102,0.10379413515329361
0.0034397735726088285,0.10380829870700836
0.003439572872593999,0.10386019200086594
0.003439521649852395,0.10380436480045319
0.0034413214307278395,0.10384921729564667
0.003440322820097208,0.10382295399904251
0.0034405854530632496,0.10382790863513947
0.0034392739180475473,0.10386975109577179
0.0034401039592921734,0.10383129864931107
0.0034398380666971207,0.10384401679039001
0.0034392615780234337,0.10377489775419235
0.0034391486551612616,0.10383609682321548
0.003438663436099887,0.10379650443792343
0.0034389332868158817,0.10381049662828445
0.003438265062868595,0.10382748395204544
0.003438300685957074,0.10379371047019958
0.003438622457906604,0.10381101816892624
0.003438609652221203,0.10381226986646652
0.003439306979998946,0.10386504232883453
0.0034391044173389673,0.10381696373224258
0.0034385905601084232,0.10381712019443512
0.0034380145370960236,0.10384292155504227
0.0034384592436254025,0.10385029017925262
0.0034377272240817547,0.10382680594921112
0.003437612671405077,0.10385933518409729
0.0034377980045974255,0.10382571816444397
0.003437969135120511,0.10384272783994675
0.0034377893898636103,0.10383434593677521
0.0034379600547254086,0.1038704514503479
0.0034385500475764275,0.10381796956062317
0.003437961684539914,0.10383965075016022
0.003437656443566084,0.10380730032920837
0.003437546081840992,0.10384824872016907
0.003438407089561224,0.10385272651910782
0.003438288113102317,0.10380528122186661
0.0034381344448775053,0.10385742783546448
0.0034382024314254522,0.10385634005069733
0.0034378119744360447,0.1038178876042366
0.003437701379880309,0.103868767619133
0.0034380843862891197,0.10385291278362274
0.003437755163758993,0.10384084284305573
0.0034385977778583765,0.10383961349725723
0.003440161468461156,0.10381557792425156
0.003440408268943429,0.10378549993038177
0.003440996166318655,0.10387112200260162
0.003437975188717246,0.1038426086306572
0.003438791260123253,0.1037958562374115
0.0034372510854154825,0.10389140993356705
0.003437866922467947,0.10383997857570648
0.00343791744671762,0.1038670539855957
0.003438240382820368,0.10384172201156616
0.003437737235799432,0.10386788845062256
0.0034399840515106916,0.10379024595022202
0.0034406634513288736,0.10380806028842926
0.003439299063757062,0.10388167947530746
0.003438350046053529,0.10386770218610764
0.0034372475929558277,0.10384134203195572
0.0034373574890196323,0.10383101552724838
0.003437293693423271,0.10377978533506393
0.0034370883367955685,0.10382048785686493
0.003437005914747715,0.10385541617870331
0.003436130238696933,0.1038460060954094
0.0034364364109933376,0.10381950438022614
0.0034363444428890944,0.1038115918636322
0.0034367763437330723,0.10383443534374237
0.003436424070969224,0.10384460538625717
0.0034366180188953876,0.10385807603597641
0.003436087863519788,0.10380137711763382
0.003436157014220953,0.10381455719470978
0.0034361486323177814,0.10387080907821655
0.0034362287260591984,0.10388161987066269
0.0034370168577879667,0.1038186326622963
0.0034369295462965965,0.1038454920053482
0.0034363879822194576,0.10382804274559021
0.0034361975267529488,0.10387121886014938
0.0034359851852059364,0.10383662581443787
0.003436118131503463,0.10382775217294693
0.003436072962358594,0.10382650792598724
0.003435699734836817,0.10384456068277359
0.003435372607782483,0.10382170230150223
0.0034360666759312153,0.10383274406194687
0.0034358047414571047,0.10381904244422913
0.0034355393145233393,0.10382724553346634
0.003435255028307438,0.10383253544569016
0.003435761434957385,0.1038384661078453
0.003435501828789711,0.10377250611782074
0.0034356992691755295,0.10382794588804245
0.003435414982959628,0.10381553322076797
0.0034357120748609304,0.1038099005818367
0.003435352584347129,0.10380508005619049
0.0034354652743786573,0.10386732965707779
0.0034360536374151707,0.10380854457616806
0.0034368347842246294,0.10384998470544815
0.003436387050896883,0.10377384722232819
0.003435805905610323,0.1037953644990921
0.0034355914685875177,0.1038539707660675
0.0034356245305389166,0.10386050492525101
0.0034358780831098557,0.10382778942584991
0.0034378136042505503,0.10382707417011261
0.0034379223361611366,0.10387900471687317
0.0034347304608672857,0.10377196222543716
0.0034351712092757225,0.1038798913359642
0.0034351602662354708,0.10383007675409317
0.0034362326841801405,0.10382801294326782
0.0034355942625552416,0.10384123027324677
0.0034357316326349974,0.1037902981042862
0.0034364527091383934,0.10392016172409058
0.0034369025379419327,0.10379523783922195
0.003436029190197587,0.10382911562919617
0.0034350233618170023,0.10383906215429306
0.0034354371018707752,0.1038089245557785
0.0034348689951002598,0.10382803529500961
0.003434997284784913,0.1038641706109047
0.0034348424524068832,0.1037854552268982
0.003434796119108796,0.10386493057012558
0.0034353602677583694,0.10383521020412445
0.0034361646976321936,0.1038743406534195
0.0034363067243248224,0.10387114435434341
0.0034354000817984343,0.10382544249296188
0.0034347253385931253,0.10382739454507828
0.0034343881998211145,0.10385079681873322
0.003434449201449752,0.10387863963842392
0.00343374814838171,0.10380727797746658
0.0034339968115091324,0.10384053736925125
0.0034335849341005087,0.10385048389434814
0.0034345779567956924,0.1038348600268364
0.003434116020798683,0.10381796956062317
0.0034337732940912247,0.10381299257278442
0.0034341509453952312,0.10385208576917648
0.0034351202193647623,0.10378292202949524
0.003434498328715563,0.10391212999820709
0.0034342887811362743,0.10386484116315842
0.0034335388336330652,0.1038246750831604
0.0034340566489845514,0.10385655611753464
0.003433912992477417,0.10386589914560318
0.0034339232370257378,0.10385250300168991
0.0034338529221713543,0.10382039099931717
0.003433819394558668,0.1038198322057724
0.003434522310271859,0.10383164882659912
0.003432994708418846,0.10383816063404083
0.0034336652606725693,0.1038130670785904
0.003433224745094776,0.10382353514432907
0.0034329143818467855,0.10386313498020172
0.0034336503595113754,0.10378732532262802
0.003433306235820055,0.10388227552175522
0.003434560028836131,0.10376480221748352
0.003435379359871149,0.1038600280880928
0.0034352547954767942,0.10381395369768143
0.00343404826708138,0.10385293513536453
0.0034335057716816664,0.10383988916873932
0.0034330731723457575,0.1038733720779419
0.003435309510678053,0.103807233273983
0.0034333898220211267,0.10377036035060883
0.003433906938880682,0.10388141870498657
0.003433496691286564,0.1038203239440918
0.003433254547417164,0.1038108542561531
0.0034329802729189396,0.10376676172018051
0.003432878525927663,0.10382040590047836
0.0034329835325479507,0.10381915420293808
0.0034326391760259867,0.10380733758211136
0.0034322873689234257,0.10384275019168854
0.0034321306739002466,0.1038970947265625
0.003432495053857565,0.10381072014570236
0.003432235214859247,0.10384523868560791
0.003432072000578046,0.10379571467638016
0.003432622877880931,0.10389601439237595
0.0034321919083595276,0.10382532328367233
0.0034319001715630293,0.10385040193796158
0.003431666875258088,0.1038232147693634
0.003432179568335414,0.10386475175619125
0.0034322328865528107,0.1037980392575264
0.0034345800522714853,0.1038723886013031
0.003434443846344948,0.10381744056940079
