mean_absolute_error,mean_square_error,mean_absolute_percentage_error,log_poisson_loss,r_square
0.5305465459823608,0.4364185333251953,133.8606719970703,0.5913875699043274,-13505.1123046875
0.29136455059051514,0.1479668915271759,94.3766860961914,0.1778026819229126,-3142.248291015625
0.1986684501171112,0.07736020535230637,63.67394256591797,0.05027291551232338,-539.2600708007812
0.1700308471918106,0.06490762531757355,61.75625228881836,-0.01412421278655529,-272.8740539550781
0.15858663618564606,0.06144707277417183,56.71501922607422,-0.015919610857963562,-127.6804428100586
0.15521162748336792,0.06032903119921684,56.27398681640625,-0.025135952979326248,-88.70883178710938
0.1518821269273758,0.05913744121789932,55.553245544433594,-0.02774212509393692,-72.30587005615234
0.14852970838546753,0.05806087702512741,54.92886734008789,-0.02595941536128521,-59.818050384521484
0.1480603963136673,0.05801401659846306,55.51409149169922,-0.0364343635737896,-55.92634201049805
0.1455540955066681,0.05804293230175972,54.670562744140625,-0.029504576697945595,-44.94547653198242
0.1421084851026535,0.055585406720638275,54.045406341552734,-0.03325090557336807,-42.06480407714844
0.14141076803207397,0.05536307767033577,53.0168571472168,-0.035272691398859024,-40.08503723144531
0.13940225541591644,0.05441172793507576,53.23971939086914,-0.03837624564766884,-36.04079055786133
0.13972784578800201,0.05542518198490143,52.85577392578125,-0.03811559081077576,-28.211721420288086
0.1363842636346817,0.05367271974682808,52.547367095947266,-0.03781881928443909,-30.456825256347656
0.13646294176578522,0.05305768921971321,51.4150390625,-0.03930029273033142,-22.3454647064209
0.13415025174617767,0.05245876684784889,51.570098876953125,-0.04228940233588219,-26.96478843688965
0.13281318545341492,0.05185362696647644,51.09817123413086,-0.03764991834759712,-19.930953979492188
0.13328376412391663,0.05216439440846443,52.68828582763672,-0.0474734790623188,-22.625173568725586
0.13188008964061737,0.051603104919195175,50.790611267089844,-0.0395713709294796,-17.299488067626953
0.1317581683397293,0.051658809185028076,52.36394119262695,-0.0486433170735836,-17.95217514038086
0.1301325261592865,0.05109834298491478,50.20134735107422,-0.04012080281972885,-14.452982902526855
0.12837879359722137,0.0498371459543705,49.850162506103516,-0.041883859783411026,-12.702527046203613
0.1274884045124054,0.04901125282049179,49.904197692871094,-0.046578049659729004,-12.915514945983887
0.1264922171831131,0.048767540603876114,49.12947463989258,-0.04167715087532997,-12.11312198638916
0.1290494054555893,0.051602739840745926,52.66072463989258,-0.049254368990659714,-11.487578392028809
0.12528154253959656,0.04867607355117798,48.628787994384766,-0.045029498636722565,-10.798564910888672
0.125275656580925,0.048147283494472504,49.63536834716797,-0.048224542289972305,-10.620160102844238
0.12337756156921387,0.04781169071793556,49.09836196899414,-0.04419555142521858,-10.445844650268555
0.12482093274593353,0.04799797758460045,50.26256561279297,-0.050215259194374084,-9.521180152893066
0.12300919741392136,0.047932934015989304,48.87123107910156,-0.04439213126897812,-8.894891738891602
0.12284708768129349,0.04712134227156639,49.68171310424805,-0.05004631355404854,-8.338098526000977
0.12145267426967621,0.04641977697610855,48.24094009399414,-0.04643479734659195,-7.6297454833984375
0.12343741208314896,0.048100974410772324,51.1551399230957,-0.05609235167503357,-8.273655891418457
0.12205593287944794,0.046728894114494324,48.50360107421875,-0.04305897653102875,-6.841518878936768
0.12133681774139404,0.04713469743728638,51.254493713378906,-0.05349217727780342,-9.228020668029785
0.12147441506385803,0.046466171741485596,49.26254653930664,-0.05109359323978424,-6.576268672943115
0.11964242160320282,0.04557587206363678,49.70768356323242,-0.05326822027564049,-6.494117259979248
0.11989175528287888,0.046093326061964035,49.450172424316406,-0.0501970499753952,-6.459193706512451
0.12006568908691406,0.045120418071746826,48.227874755859375,-0.050497326999902725,-5.599236011505127
0.11785443127155304,0.045898355543613434,49.50222396850586,-0.051397353410720825,-6.354637145996094
0.1207825094461441,0.046414006501436234,49.788848876953125,-0.053487926721572876,-5.777392864227295
0.12004490196704865,0.045091159641742706,49.73305130004883,-0.05116739496588707,-6.128267288208008
0.11842585355043411,0.04493241012096405,48.73868179321289,-0.050693172961473465,-6.071126461029053
0.11862243711948395,0.04461153596639633,50.55113220214844,-0.0518256314098835,-4.112904071807861
0.11740053445100784,0.044585902243852615,49.483253479003906,-0.04948543757200241,-3.7504541873931885
0.11802767962217331,0.044676586985588074,49.75739669799805,-0.056780923157930374,-4.555016040802002
0.11718370765447617,0.04357343539595604,49.549625396728516,-0.05427632853388786,-4.248985290527344
0.11678341031074524,0.04404592886567116,49.059940338134766,-0.05209336057305336,-3.80576229095459
0.1161246970295906,0.043234650045633316,51.172855377197266,-0.05668920278549194,-3.7750446796417236
0.11614171415567398,0.04335961490869522,48.88948059082031,-0.05155901983380318,-3.3847734928131104
0.11437512189149857,0.042246270924806595,47.69715881347656,-0.05139686167240143,-3.3820641040802
0.11564178019762039,0.042970459908246994,51.0234489440918,-0.059864457696676254,-3.7253074645996094
0.11344374716281891,0.04226258769631386,48.29594802856445,-0.05037563294172287,-2.4143002033233643
0.11437784135341644,0.04279359057545662,49.38737869262695,-0.054326869547367096,-2.731381416320801
0.11440977454185486,0.04271361231803894,49.334983825683594,-0.05341364070773125,-1.9314460754394531
0.11540555953979492,0.04286430403590202,50.74853515625,-0.05941605195403099,-2.666882276535034
0.11519572138786316,0.043577950447797775,49.7117805480957,-0.051205944269895554,-2.2780990600585938
0.11391135305166245,0.04303251579403877,49.66340637207031,-0.05474377050995827,-2.4252588748931885
0.11278731375932693,0.04099604859948158,49.11531448364258,-0.05444331839680672,-2.4641759395599365
0.11269744485616684,0.040798529982566833,48.88214874267578,-0.06070449575781822,-2.5059313774108887
0.11017370223999023,0.040444523096084595,48.48466873168945,-0.053247708827257156,-2.647094488143921
0.10986100137233734,0.03983062878251076,48.54752731323242,-0.058838263154029846,-3.005155324935913
0.1108517125248909,0.040515732020139694,48.25297927856445,-0.053625065833330154,-2.694880485534668
0.10935784131288528,0.039513979107141495,49.23670196533203,-0.06139395385980606,-3.212178945541382
0.10750147700309753,0.038386762142181396,47.169700622558594,-0.05574697256088257,-3.19071888923645
0.10829181969165802,0.038484882563352585,47.35399627685547,-0.05811970308423042,-3.1074559688568115
0.10838054120540619,0.03922327607870102,48.94516372680664,-0.054940760135650635,-3.8089520931243896
0.10753719508647919,0.038277581334114075,48.09271240234375,-0.05783999711275101,-3.077223062515259
0.10785447061061859,0.03829412907361984,49.394508361816406,-0.062025271356105804,-4.150205612182617
0.10789842903614044,0.03896203637123108,48.05131530761719,-0.051926612854003906,-3.8080883026123047
0.10690754652023315,0.0375220887362957,48.82242202758789,-0.05836128816008568,-4.087388515472412
0.10611578077077866,0.037185393273830414,47.997371673583984,-0.06057494133710861,-3.7906293869018555
0.10749278217554092,0.03852871060371399,47.77678298950195,-0.05596473067998886,-3.398447036743164
0.1046941801905632,0.036528922617435455,48.762447357177734,-0.06003011018037796,-4.780721187591553
0.10668384283781052,0.03794258460402489,48.546932220458984,-0.05644602328538895,-4.665096282958984
0.10548105090856552,0.036921460181474686,48.333984375,-0.057212650775909424,-4.388334274291992
0.10391193628311157,0.036204513162374496,48.395057678222656,-0.06234327331185341,-4.383382320404053
0.10395591706037521,0.035834185779094696,48.23416519165039,-0.06152070686221123,-4.538027286529541
0.10167555510997772,0.034928157925605774,46.81794357299805,-0.054751746356487274,-5.0917067527771
0.10206256061792374,0.03522269055247307,47.90142059326172,-0.06579087674617767,-4.3893961906433105
0.1012345403432846,0.034300584346055984,46.377113342285156,-0.05511605739593506,-4.064445972442627
0.09956426173448563,0.03300843387842178,46.32716369628906,-0.06061341241002083,-5.226298809051514
0.099530428647995,0.03323090076446533,47.581485748291016,-0.06180744990706444,-4.845171928405762
0.10028078407049179,0.03355775400996208,47.11863708496094,-0.06252468377351761,-5.4286885261535645
0.1005389392375946,0.03429194539785385,47.888465881347656,-0.05993099510669708,-3.9839982986450195
0.1010163277387619,0.033741556107997894,46.88142013549805,-0.06719173491001129,-6.032668590545654
0.10160192847251892,0.03481977805495262,48.12741470336914,-0.05438994988799095,-4.014791011810303
0.09789665788412094,0.03222382813692093,46.54133987426758,-0.0607622005045414,-5.179423809051514
0.09727474302053452,0.0314909890294075,45.59933853149414,-0.062294851988554,-4.373314380645752
0.09621771425008774,0.03166573494672775,45.94729995727539,-0.06213342025876045,-5.445428848266602
0.09633482992649078,0.030985677614808083,45.54397201538086,-0.06258199363946915,-4.937786102294922
0.09680747985839844,0.03141113370656967,46.53131866455078,-0.05918227881193161,-5.052679538726807
0.09513581544160843,0.030173635110259056,46.35877990722656,-0.06686336547136307,-5.562149524688721
0.09461238235235214,0.029875727370381355,44.776512145996094,-0.05809714272618294,-5.443037033081055
0.09499514847993851,0.030214767903089523,46.042015075683594,-0.06223876401782036,-6.043376922607422
0.0955701619386673,0.030767498537898064,45.892398834228516,-0.058491338044404984,-5.374490737915039
0.09404905140399933,0.0293885450810194,45.476924896240234,-0.06730680912733078,-5.590958118438721
0.09444841742515564,0.030483730137348175,45.7177619934082,-0.06156572327017784,-5.230527877807617
0.09451521933078766,0.03028450906276703,46.02686309814453,-0.06425106525421143,-4.922448635101318
0.09365668892860413,0.029524831101298332,45.56557083129883,-0.06373217701911926,-5.619039058685303
0.09252548962831497,0.028910940513014793,45.784568786621094,-0.06131505221128464,-3.637782335281372
0.09251218289136887,0.02882610447704792,44.13443374633789,-0.060304176062345505,-4.361172199249268
0.0919203981757164,0.028217576444149017,45.62664031982422,-0.06708437204360962,-4.85705041885376
0.09082259982824326,0.02795252576470375,44.42491912841797,-0.061956919729709625,-4.83103609085083
0.09030986577272415,0.02754855342209339,44.6830940246582,-0.06531577557325363,-4.832425117492676
0.09039967507123947,0.02767806127667427,44.26142501831055,-0.06335858255624771,-4.169772148132324
0.09133925288915634,0.028352173045277596,45.266929626464844,-0.06495589017868042,-4.190178394317627
0.089177206158638,0.027717631310224533,43.973201751708984,-0.06203550845384598,-3.8771169185638428
0.09023452550172806,0.027214422821998596,44.7867546081543,-0.06903731822967529,-3.2354631423950195
0.08760813623666763,0.02589019201695919,43.67070007324219,-0.06292644143104553,-3.4389865398406982
0.08685006946325302,0.025251269340515137,43.17131805419922,-0.0659741535782814,-3.740316390991211
0.08787692338228226,0.026070481166243553,42.80038833618164,-0.06435446441173553,-3.197115898132324
0.08961449563503265,0.027632106095552444,44.5509147644043,-0.06451177597045898,-3.8650619983673096
0.08738706260919571,0.02607872150838375,43.499202728271484,-0.06778735667467117,-4.167148113250732
0.08596470952033997,0.025118453428149223,42.316253662109375,-0.06725966185331345,-3.017915725708008
0.08681577444076538,0.025550756603479385,42.99265670776367,-0.06481470167636871,-3.3828859329223633
0.08497212827205658,0.024663908407092094,43.011688232421875,-0.0678216814994812,-3.435081720352173
0.08446188271045685,0.023846786469221115,41.00662612915039,-0.06725286692380905,-3.3068578243255615
0.08450804650783539,0.02390585094690323,42.287479400634766,-0.0623268261551857,-3.013615369796753
0.08319080621004105,0.02346196398139,42.37132263183594,-0.07024578750133514,-2.948540449142456
0.08277376741170883,0.023506542667746544,41.465782165527344,-0.06437435001134872,-2.3962552547454834
0.08344587683677673,0.023586051538586617,42.88536071777344,-0.06888273358345032,-2.637329339981079
0.08200929313898087,0.022862989455461502,40.89805221557617,-0.06673967838287354,-2.846790075302124
0.08273528516292572,0.02345229871571064,41.9552001953125,-0.07033723592758179,-3.9173014163970947
0.08268796652555466,0.023212691769003868,40.804447174072266,-0.06485455483198166,-2.764469861984253
0.08301559835672379,0.02339303120970726,42.1610221862793,-0.06759527325630188,-2.70680832862854
0.08048516511917114,0.022016901522874832,41.32488250732422,-0.06877703219652176,-2.902831792831421
0.08326227962970734,0.023498879745602608,41.538108825683594,-0.06756104528903961,-4.031774997711182
0.08087889850139618,0.02205720730125904,40.93965530395508,-0.06766940653324127,-3.0221405029296875
0.08003202080726624,0.02176028862595558,40.86180877685547,-0.06732538342475891,-2.649157762527466
0.08008730411529541,0.021476490423083305,40.78623962402344,-0.06591025739908218,-2.1639065742492676
0.08025559037923813,0.022097546607255936,42.87655258178711,-0.07043702155351639,-2.998969078063965
0.07779252529144287,0.020557409152388573,39.849918365478516,-0.06602886319160461,-2.3549556732177734
0.07936163991689682,0.021600309759378433,41.18764877319336,-0.07489346712827682,-2.4716296195983887
0.08115417510271072,0.022738514468073845,41.580135345458984,-0.06246105581521988,-2.530362129211426
0.08122985064983368,0.022847192361950874,41.62081527709961,-0.07132817059755325,-2.4270451068878174
0.07995374500751495,0.02191576175391674,41.57797622680664,-0.06499964743852615,-1.735573649406433
0.07780227065086365,0.020448071882128716,39.87656784057617,-0.07198245078325272,-2.0484585762023926
0.07624812424182892,0.019660577178001404,39.084712982177734,-0.06791583448648453,-2.2223098278045654
0.07854464650154114,0.02078690566122532,40.762569427490234,-0.06969189643859863,-2.230766534805298
0.07721729576587677,0.0202220119535923,39.08881759643555,-0.06906884163618088,-2.1485037803649902
0.07627426087856293,0.01999044232070446,39.6954231262207,-0.0687965527176857,-2.4285454750061035
0.0777326226234436,0.020515231415629387,40.2274055480957,-0.07344379276037216,-2.1397969722747803
0.07662320882081985,0.019864248111844063,39.06970977783203,-0.06321223080158234,-2.277414083480835
0.07583695650100708,0.019375627860426903,39.32463073730469,-0.07166242599487305,-1.917734146118164
0.07553365081548691,0.019232116639614105,38.62358093261719,-0.0699891522526741,-2.000291585922241
0.07463016360998154,0.018772896379232407,38.565364837646484,-0.06916571408510208,-2.227045774459839
0.07372238487005234,0.018206091597676277,38.88997268676758,-0.07203200459480286,-2.0947022438049316
0.07326164096593857,0.018130475655198097,37.73575210571289,-0.07034404575824738,-1.8705240488052368
0.07327745109796524,0.018107814714312553,38.3378791809082,-0.07116473466157913,-1.5300874710083008
0.07442823052406311,0.018900681287050247,39.347694396972656,-0.0706685334444046,-1.7544102668762207
0.07325717806816101,0.01807260513305664,37.414649963378906,-0.07041947543621063,-2.078889846801758
0.0730975791811943,0.018106896430253983,38.591373443603516,-0.0711836889386177,-1.7960891723632812
0.07246764004230499,0.017562709748744965,37.63295364379883,-0.0708259865641594,-1.8511892557144165
0.07273384928703308,0.01780627854168415,37.991336822509766,-0.06987670809030533,-1.5660463571548462
0.07279413938522339,0.01793929561972618,38.46577453613281,-0.07119771093130112,-1.5125231742858887
0.07193872332572937,0.017641032114624977,38.16617965698242,-0.07006455957889557,-1.3340487480163574
0.07175315171480179,0.017437752336263657,36.83479309082031,-0.07249511033296585,-1.548204779624939
0.07022229582071304,0.01667003519833088,36.052974700927734,-0.07103823870420456,-1.545517921447754
0.07129804790019989,0.017102180048823357,36.718631744384766,-0.07066259533166885,-1.1862773895263672
0.07096037268638611,0.017062988132238388,38.045162200927734,-0.07274293899536133,-1.5700901746749878
0.07116219401359558,0.01705639250576496,37.488067626953125,-0.06895861774682999,-1.4972928762435913
0.07222754508256912,0.01764835976064205,37.82389450073242,-0.07245083898305893,-1.6648035049438477
0.07025662064552307,0.016677653416991234,36.044883728027344,-0.07042200118303299,-1.3003344535827637
0.06985839456319809,0.016338974237442017,36.2093391418457,-0.07270199805498123,-1.378919243812561
0.0695122703909874,0.016287285834550858,36.431880950927734,-0.07149340957403183,-1.3890504837036133
0.06867560744285583,0.015962660312652588,35.9485969543457,-0.07360409945249557,-1.255926251411438
0.06917491555213928,0.016196563839912415,35.66908264160156,-0.06911654770374298,-1.442029595375061
0.06804909557104111,0.015622476115822792,35.10332489013672,-0.0734192356467247,-1.3342245817184448
0.06842240691184998,0.01579124666750431,35.520877838134766,-0.07151506841182709,-1.344424843788147
0.06889352947473526,0.016102176159620285,35.43962478637695,-0.07116273045539856,-1.1500238180160522
0.06952613592147827,0.016529997810721397,37.08639144897461,-0.07251959294080734,-0.9541909098625183
0.0672207698225975,0.015287324786186218,35.03235626220703,-0.0717381089925766,-0.9109420776367188
0.06757358461618423,0.015492977574467659,35.098636627197266,-0.07273581624031067,-1.1905012130737305
0.06710800528526306,0.01528263557702303,35.15195083618164,-0.07280172407627106,-0.9731324315071106
0.06792561709880829,0.01561893429607153,35.50514221191406,-0.07279329746961594,-1.0158628225326538
0.0671369880437851,0.015336593613028526,35.99341583251953,-0.07247641682624817,-1.1800546646118164
0.0670628622174263,0.015122359618544579,35.4935188293457,-0.07288958877325058,-1.1717098951339722
0.06593368947505951,0.014688292518258095,34.46510314941406,-0.0717659592628479,-1.2574459314346313
0.06687815487384796,0.01497070025652647,35.01595687866211,-0.07366372644901276,-1.1562303304672241
0.06715787947177887,0.015302890911698341,34.90626525878906,-0.0717846229672432,-1.3156403303146362
0.06954797357320786,0.016513850539922714,35.83734130859375,-0.07265186309814453,-0.668383777141571
0.06912778317928314,0.01636793464422226,35.811859130859375,-0.06652383506298065,-1.1242982149124146
0.068316251039505,0.015836210921406746,36.726776123046875,-0.07818598300218582,-0.846015214920044
0.06726539880037308,0.015261939726769924,35.406578063964844,-0.07095509022474289,-1.1942435503005981
0.06597089767456055,0.014748932793736458,34.826438903808594,-0.07055740803480148,-1.1969736814498901
0.06561112403869629,0.01454865001142025,33.54759979248047,-0.07482647150754929,-0.9441389441490173
0.06546859443187714,0.01449913065880537,34.43743133544922,-0.07316151261329651,-1.1537302732467651
0.06536474823951721,0.014367952011525631,33.82048416137695,-0.07348239421844482,-0.9113469123840332
0.06522055715322495,0.014540616422891617,33.556793212890625,-0.07053891569375992,-0.839350700378418
0.0655188262462616,0.014357454143464565,34.0454216003418,-0.0732884630560875,-0.809969425201416
0.06585933268070221,0.014822361059486866,35.47605514526367,-0.07377444207668304,-1.019382357597351
0.06753121316432953,0.015523789450526237,35.441497802734375,-0.07335074990987778,-1.1040480136871338
0.06523611396551132,0.014570117928087711,33.569393157958984,-0.0714406818151474,-0.8678458333015442
0.0645533949136734,0.01403714343905449,34.04882049560547,-0.07147476077079773,-1.3101788759231567
0.06472183018922806,0.014256748370826244,33.7391471862793,-0.07455355674028397,-1.1422640085220337
0.06484143435955048,0.01411530002951622,33.749515533447266,-0.07410525530576706,-1.0370920896530151
0.06392217427492142,0.01391429454088211,33.210453033447266,-0.07059802860021591,-1.159601092338562
0.06526581197977066,0.014331393875181675,34.473323822021484,-0.07529216259717941,-1.01206636428833
0.06716121733188629,0.015375339426100254,35.26166534423828,-0.07123386859893799,-0.8194499015808105
0.06531716138124466,0.014203879982233047,34.848026275634766,-0.07266417145729065,-0.9653647541999817
0.06431229412555695,0.014094171114265919,32.42864227294922,-0.07321779429912567,-0.6377904415130615
0.06268084049224854,0.013393348082900047,32.44639205932617,-0.07338947057723999,-0.764310359954834
0.062121376395225525,0.013006141409277916,32.9796257019043,-0.0733746737241745,-0.6155393123626709
0.06234138831496239,0.013123911805450916,31.805421829223633,-0.07297419756650925,-0.8575028777122498
0.06323908269405365,0.01346619799733162,32.52555465698242,-0.07239274680614471,-0.9930807948112488
0.062017958611249924,0.013046910054981709,32.668582916259766,-0.07528676837682724,-0.8005387187004089
0.062210630625486374,0.01304601039737463,31.943323135375977,-0.0743810161948204,-0.7030499577522278
0.06148925796151161,0.012850808911025524,31.684438705444336,-0.07231205701828003,-1.0469353199005127
0.06241505593061447,0.013163498602807522,32.53868865966797,-0.07409682124853134,-0.9594718813896179
0.06233955919742584,0.013408999890089035,32.914276123046875,-0.07490397244691849,-1.0827006101608276
0.06254729628562927,0.013181338086724281,32.146575927734375,-0.07147181034088135,-0.83551424741745
0.06213134527206421,0.013008855283260345,32.335147857666016,-0.07543355226516724,-0.7388370633125305
0.062355972826480865,0.013286644592881203,32.3136100769043,-0.0734812319278717,-0.7891597747802734
0.0621507465839386,0.013102519325911999,31.946327209472656,-0.07291322946548462,-0.6594746112823486
0.06143888458609581,0.01274485420435667,32.25700759887695,-0.07508084923028946,-0.8619425296783447
0.06066206842660904,0.012467804364860058,31.614797592163086,-0.0730188637971878,-0.6911804676055908
0.062113963067531586,0.013153917156159878,33.26211166381836,-0.07379985600709915,-0.8556011319160461
0.06421595066785812,0.014301575720310211,33.244781494140625,-0.07317260652780533,-0.8085944056510925
0.06286394596099854,0.01339400839060545,33.688987731933594,-0.07201217114925385,-0.42945876717567444
0.06093771755695343,0.012634266167879105,31.93605613708496,-0.07357263565063477,-0.9500473141670227
0.06046149507164955,0.01240500621497631,31.69565773010254,-0.07485529035329819,-0.8437791466712952
0.060202378779649734,0.012326841242611408,31.96806526184082,-0.07575343549251556,-0.8028257489204407
0.06072966754436493,0.012536637485027313,30.730161666870117,-0.07211555540561676,-0.7261503338813782
0.06107308715581894,0.012717482633888721,32.17306900024414,-0.07328865677118301,-0.5704771280288696
0.061005931347608566,0.012564021162688732,31.68619155883789,-0.07511714100837708,-0.5872251391410828
0.06002971902489662,0.012269850820302963,31.20955467224121,-0.0754912942647934,-0.7505466341972351
0.059555843472480774,0.012034443207085133,30.67779541015625,-0.07267097383737564,-0.5776851177215576
0.05956166237592697,0.011981558054685593,31.193124771118164,-0.07439117878675461,-0.676607608795166
0.06008419394493103,0.012365451082587242,31.666236877441406,-0.07289835810661316,-0.42225632071495056
0.05970076844096184,0.012121503241360188,31.15660285949707,-0.07416227459907532,-0.5771204829216003
0.05989118665456772,0.012162339873611927,31.626995086669922,-0.07515598088502884,-0.3879726231098175
0.05960186943411827,0.012069838121533394,30.632022857666016,-0.0730312392115593,-0.6162672638893127
0.05915891006588936,0.011821722611784935,30.96913719177246,-0.0753057673573494,-0.6432797312736511
0.05843067914247513,0.011565701104700565,30.164995193481445,-0.0741955041885376,-0.40170586109161377
0.05856732279062271,0.01168796420097351,30.639360427856445,-0.0751289501786232,-0.4652920663356781
0.05873950943350792,0.011849458329379559,30.801280975341797,-0.07336930930614471,-0.4319528043270111
0.05909988284111023,0.011810269206762314,30.59322166442871,-0.07508780807256699,-0.6667175889015198
0.05868314206600189,0.011604986153542995,30.305490493774414,-0.07423576712608337,-0.5840043425559998
0.05825398117303848,0.011539601720869541,30.03226089477539,-0.0739060714840889,-0.5033363103866577
0.05858096107840538,0.011648163199424744,30.69573974609375,-0.07542155683040619,-0.44009268283843994
0.05818010866641998,0.011505215428769588,30.21042251586914,-0.07339110225439072,-0.6409760117530823
0.058048006147146225,0.011445453390479088,30.400739669799805,-0.07549244910478592,-0.7758170962333679
0.05804819241166115,0.011520308442413807,30.211732864379883,-0.0738864466547966,-0.4130207598209381
0.05822186544537544,0.011543046683073044,30.695785522460938,-0.07472654432058334,-0.39308467507362366
0.058895647525787354,0.011813512071967125,30.847150802612305,-0.07526542991399765,-0.7088128924369812
0.058034587651491165,0.01153424009680748,30.47256851196289,-0.07466813176870346,-0.29465749859809875
0.058645099401474,0.011698128655552864,31.021839141845703,-0.07348524779081345,-0.3912757635116577
0.05844709649682045,0.011601569131016731,30.141719818115234,-0.07550139725208282,-0.45462536811828613
0.05869279056787491,0.0118557158857584,30.364242553710938,-0.07425010949373245,-0.37679800391197205
0.0582079254090786,0.011484992690384388,30.1523494720459,-0.0759325847029686,-0.5065340995788574
0.05831383168697357,0.011556880548596382,30.70674705505371,-0.07407928258180618,-0.3195381760597229
0.058505088090896606,0.011581780388951302,30.710285186767578,-0.07478920370340347,-0.44192418456077576
0.058360666036605835,0.011572271585464478,29.88892936706543,-0.07372353225946426,-0.32069429755210876
0.05726170912384987,0.011215182952582836,29.924020767211914,-0.07503550499677658,-0.3067215085029602
0.05662790685892105,0.010985844768583775,29.126811981201172,-0.0739627406001091,-0.3680415153503418
0.05639535188674927,0.010793434455990791,29.250808715820312,-0.07502070814371109,-0.42268112301826477
0.05643544718623161,0.010878554545342922,29.166641235351562,-0.07588817179203033,-0.3371107578277588
0.05772148445248604,0.011326069943606853,29.078859329223633,-0.07463736087083817,-0.3395666182041168
0.057303931564092636,0.01114377100020647,29.96904945373535,-0.07525385916233063,-0.28110846877098083
0.05756332352757454,0.011261208914220333,29.949201583862305,-0.0728224664926529,-0.4080366790294647
0.05707991495728493,0.011069941334426403,29.71088218688965,-0.07630264014005661,-0.27793413400650024
0.05693412199616432,0.01114758662879467,30.060070037841797,-0.07585567235946655,-0.33753037452697754
0.05665329098701477,0.010974453762173653,29.672609329223633,-0.07413527369499207,-0.3693503439426422
0.056933458894491196,0.011103194206953049,29.99830436706543,-0.07559214532375336,-0.36687400937080383
0.057099536061286926,0.011056373827159405,29.619522094726562,-0.07591401785612106,-0.26169073581695557
0.05656943842768669,0.010852934792637825,29.653703689575195,-0.07421846687793732,-0.19415612518787384
0.055982351303100586,0.010740977711975574,29.227188110351562,-0.07471249252557755,-0.22477085888385773
0.05783099681138992,0.011332712136209011,30.554452896118164,-0.07442615926265717,-0.46519219875335693
0.05637815594673157,0.010815948247909546,29.458175659179688,-0.07496881484985352,-0.25846919417381287
0.05666631460189819,0.010770196095108986,29.56657600402832,-0.07393869012594223,-0.19720031321048737
0.05538547411561012,0.01044970192015171,29.317276000976562,-0.07538910955190659,-0.2349948137998581
0.05565452203154564,0.010543244890868664,28.900667190551758,-0.0754806324839592,-0.08150529861450195
0.054928991943597794,0.010295185260474682,28.745515823364258,-0.0742059201002121,-0.22561651468276978
0.056302230805158615,0.010836717672646046,29.659683227539062,-0.0758974701166153,-0.3190636932849884
0.05679616704583168,0.01095292717218399,29.70731544494629,-0.07551401853561401,-0.19066213071346283
0.05630132555961609,0.010849212296307087,29.399484634399414,-0.07568492740392685,-0.19459806382656097
0.05548889935016632,0.010393820703029633,28.694490432739258,-0.0738840103149414,-0.22438637912273407
0.05513915792107582,0.010373660363256931,29.18079376220703,-0.07656677812337875,-0.18484361469745636
0.056442227214574814,0.010935550555586815,29.481754302978516,-0.07513695955276489,-0.34835782647132874
0.05709226801991463,0.011255310848355293,29.67628288269043,-0.07368168979883194,-0.23445303738117218
0.058909546583890915,0.011969040147960186,31.75283432006836,-0.07410870492458344,-0.36378058791160583
0.05666689947247505,0.010990791022777557,29.684314727783203,-0.07587193697690964,-0.29996737837791443
0.054987892508506775,0.010452094487845898,29.1070499420166,-0.07568322867155075,-0.1952999383211136
0.054945893585681915,0.010381153784692287,27.983335494995117,-0.07510527223348618,-0.2668718099594116
0.05512365698814392,0.01043161191046238,28.477109909057617,-0.07482140511274338,-0.14071567356586456
0.05435490980744362,0.009999747388064861,28.12581443786621,-0.0747695341706276,-0.09950027614831924
0.05487632378935814,0.010297580622136593,28.392627716064453,-0.0745997428894043,-0.10223571211099625
0.05656589940190315,0.011051748879253864,30.31028938293457,-0.07675716280937195,-0.13229043781757355
0.056754812598228455,0.010950644500553608,30.308258056640625,-0.07479646056890488,-0.3111686408519745
0.05470551177859306,0.010296531952917576,28.673322677612305,-0.07588863372802734,-0.03232820704579353
0.054234880954027176,0.010077397339046001,27.72538185119629,-0.07532615959644318,-0.1668040007352829
0.0535687692463398,0.009726989082992077,28.034265518188477,-0.07521189749240875,-0.09893389791250229
0.05461407080292702,0.010109279304742813,28.181814193725586,-0.07499779760837555,-0.1081705316901207
0.05351775884628296,0.009836649522185326,27.88141632080078,-0.07523731887340546,-0.08474292606115341
0.05405294895172119,0.009963462129235268,28.478717803955078,-0.07692646980285645,-0.1423422247171402
0.053548432886600494,0.009821473620831966,27.5302791595459,-0.07522503286600113,-0.11403864622116089
0.053053200244903564,0.0096644451841712,27.081445693969727,-0.07526922225952148,-0.08418852090835571
0.054589565843343735,0.010170141234993935,27.69363021850586,-0.07630889117717743,-0.16201214492321014
0.05355482175946236,0.009863322600722313,27.673227310180664,-0.07524564862251282,-0.05033469200134277
0.05320359021425247,0.009692048653960228,27.822507858276367,-0.07577701658010483,-0.08518854528665543
0.05360061675310135,0.009836756624281406,27.866737365722656,-0.07619355618953705,-0.049394190311431885
0.05412203446030617,0.010036175139248371,28.4542179107666,-0.07547277212142944,-0.15353406965732574
0.05415891855955124,0.009941870346665382,28.158767700195312,-0.07376542687416077,-0.0175462756305933
0.0544670894742012,0.010162409394979477,28.610965728759766,-0.07677711546421051,-0.11191880702972412
0.054613206535577774,0.010058104991912842,28.187976837158203,-0.07403729110956192,0.0132942795753479
0.054869458079338074,0.010253184475004673,28.7178897857666,-0.07554341107606888,-0.186700239777565
0.05424606427550316,0.010036579333245754,29.20463752746582,-0.07690354436635971,-0.14324311912059784
0.05380595475435257,0.009928795509040356,27.884944915771484,-0.07477851212024689,-0.09316994994878769
0.05405692383646965,0.009876160882413387,28.466007232666016,-0.07542690634727478,-0.08325555175542831
0.05363231897354126,0.009804203175008297,27.936697006225586,-0.07694662362337112,0.032668113708496094
0.05328967049717903,0.009746406227350235,27.863460540771484,-0.07472014427185059,-0.16995859146118164
0.053076282143592834,0.009691426530480385,27.229761123657227,-0.07464589923620224,0.036241572350263596
0.053033165633678436,0.009606793522834778,27.146385192871094,-0.07643402367830276,0.04236900806427002
0.052230507135391235,0.00929603073745966,26.704360961914062,-0.07586067914962769,0.0011977553367614746
0.051944833248853683,0.009268449619412422,26.95621109008789,-0.07617355138063431,0.06822606176137924
0.05207483842968941,0.009320358745753765,26.902746200561523,-0.076828733086586,-0.07614972442388535
0.05256364122033119,0.009471259079873562,26.94994354248047,-0.07542790472507477,0.028934001922607422
0.05255445837974548,0.009424986317753792,27.665088653564453,-0.07625647634267807,0.11589952558279037
0.052175987511873245,0.00932206679135561,26.52259635925293,-0.0773073360323906,0.0696033462882042
0.05265076830983162,0.009558313526213169,27.337421417236328,-0.07311668992042542,-0.015882492065429688
0.05352063104510307,0.00977907981723547,28.173171997070312,-0.07662466913461685,0.08777859061956406
0.0525631420314312,0.009414790198206902,27.722564697265625,-0.07640403509140015,0.10150524228811264
0.05249340832233429,0.009446898475289345,26.64399528503418,-0.07605772465467453,0.09437701851129532
0.05243527144193649,0.009347344748675823,27.292757034301758,-0.07558480650186539,0.05456499382853508
0.051643840968608856,0.009221693500876427,26.975296020507812,-0.07690330594778061,0.09085050970315933
0.05208601802587509,0.009192450903356075,26.710235595703125,-0.07532606273889542,0.07737412303686142
0.05161752179265022,0.009098700247704983,26.743928909301758,-0.07572135329246521,0.024323144927620888
0.051842935383319855,0.009192396886646748,26.690587997436523,-0.07647327333688736,0.07088454812765121
0.053596578538417816,0.009858093224465847,27.762325286865234,-0.07610475271940231,0.06703976541757584
0.05305340513586998,0.009592131711542606,27.8265438079834,-0.0749608725309372,0.12663133442401886
0.05277888476848602,0.00941488891839981,27.6324405670166,-0.0765768513083458,0.08949947357177734
0.05179191008210182,0.009114058688282967,26.46048355102539,-0.07581065595149994,0.09236544370651245
0.05083835870027542,0.008848830126225948,26.23405647277832,-0.07695802301168442,0.13373231887817383
0.05133846774697304,0.008959649130702019,26.922822952270508,-0.07594689726829529,0.1416613608598709
0.05195815861225128,0.009182505309581757,26.9744873046875,-0.0774875283241272,0.06795837730169296
0.05169843137264252,0.009173467755317688,27.038528442382812,-0.07513030618429184,0.13634763658046722
0.05208253487944603,0.00924077071249485,26.93808937072754,-0.07504791766405106,0.10468435287475586
0.051416438072919846,0.009066521190106869,26.5129451751709,-0.07627954334020615,0.14057911932468414
0.05213524401187897,0.009249377064406872,27.108741760253906,-0.0764341726899147,0.14717046916484833
0.051189061254262924,0.008966914378106594,26.32542610168457,-0.0760965347290039,0.05873249098658562
0.051006585359573364,0.008855127729475498,26.85011863708496,-0.07738763093948364,0.07996857166290283
0.049952924251556396,0.008531825616955757,25.597875595092773,-0.0780663937330246,0.15957269072532654
0.04999260604381561,0.008544127456843853,25.19977569580078,-0.07548228651285172,0.06335421651601791
0.0499076284468174,0.008567861281335354,25.81305503845215,-0.07671454548835754,0.09441139549016953
0.051518138498067856,0.009050305932760239,26.291046142578125,-0.07644831389188766,0.13617056608200073
0.05124135687947273,0.008943735621869564,26.15636444091797,-0.07671622931957245,0.10368192195892334
0.05127311497926712,0.008995180018246174,26.643335342407227,-0.07686702162027359,0.10010983794927597
0.05162525549530983,0.009107059799134731,26.098613739013672,-0.07657616585493088,0.09199700504541397
0.05469631403684616,0.01048822607845068,28.849267959594727,-0.0749489963054657,0.17793358862400055
0.054405804723501205,0.010274451225996017,27.95912742614746,-0.07688210904598236,0.19381804764270782
0.05506881698966026,0.010369091294705868,28.897836685180664,-0.07509427517652512,0.043584663420915604
0.05517920106649399,0.010493073612451553,29.523075103759766,-0.07470711320638657,0.12486768513917923
0.05650874227285385,0.011087107472121716,29.187572479248047,-0.0755443200469017,0.18034213781356812
0.05399814248085022,0.010077410377562046,28.14120864868164,-0.07640290260314941,0.15081876516342163
0.05261450633406639,0.00952217448502779,27.418487548828125,-0.07694753259420395,0.18339113891124725
0.051547788083553314,0.009017165750265121,26.374460220336914,-0.07611876726150513,0.14275433123111725
0.05074097961187363,0.008767066523432732,26.232454299926758,-0.0766204223036766,0.21600431203842163
0.04966660588979721,0.008444131352007389,25.28528594970703,-0.07692618668079376,0.17403799295425415
0.04946431517601013,0.00840810127556324,25.482118606567383,-0.07728318870067596,0.19995014369487762
0.0498860701918602,0.00843045674264431,25.216920852661133,-0.07667109370231628,0.1595473438501358
0.04930010810494423,0.00835932232439518,25.43570899963379,-0.07625426352024078,0.20354171097278595
0.04936885088682175,0.008243552409112453,25.084453582763672,-0.07694505155086517,0.17940600216388702
0.04883313924074173,0.008109132759273052,24.66640281677246,-0.07717227190732956,0.15250107645988464
0.048951201140880585,0.008175591006875038,24.782819747924805,-0.0769156664609909,0.2041008323431015
0.048635903745889664,0.008042670786380768,24.624805450439453,-0.07700057327747345,0.1992211788892746
0.048495564609766006,0.008031340315937996,24.205303192138672,-0.07610416412353516,0.1573805809020996
0.04874109849333763,0.008077394217252731,24.932836532592773,-0.07771658152341843,0.16861575841903687
0.04954800009727478,0.008392004296183586,25.304948806762695,-0.07650117576122284,0.15339858829975128
0.05030490458011627,0.0086957523599267,25.31507110595703,-0.07613842189311981,0.14785657823085785
0.04943371191620827,0.008348468691110611,24.966552734375,-0.07688605785369873,0.1496313512325287
0.04913230240345001,0.008203962817788124,24.86119842529297,-0.0771367996931076,0.144739031791687
0.04936017096042633,0.00834933202713728,25.68834114074707,-0.07725182920694351,0.19349873065948486
0.04911963269114494,0.008237767964601517,25.45284080505371,-0.07722384482622147,0.17672984302043915
0.049194518476724625,0.008232868276536465,24.418901443481445,-0.07665954530239105,0.17961926758289337
0.04860991984605789,0.008073772303760052,24.580461502075195,-0.07734706997871399,0.22761428356170654
0.048703256994485855,0.008096025325357914,24.849454879760742,-0.07643754035234451,0.16999006271362305
0.04891646280884743,0.008108179084956646,24.796335220336914,-0.07738165557384491,0.20986592769622803
0.048695702105760574,0.00815267488360405,24.88304328918457,-0.07752782851457596,0.2312536984682083
0.048017777502536774,0.007887855172157288,24.463895797729492,-0.07692638039588928,0.2236717939376831
0.04823420196771622,0.00791218038648367,24.109455108642578,-0.07722556591033936,0.21461637318134308
0.04868479073047638,0.008040094748139381,24.750530242919922,-0.0770287737250328,0.21611540019512177
0.04840375855565071,0.007983075454831123,24.803977966308594,-0.0769195631146431,0.2096617966890335
0.04922734946012497,0.008322060108184814,24.681299209594727,-0.07740801572799683,0.22926227748394012
0.04977486655116081,0.008455432951450348,26.014720916748047,-0.0766446590423584,0.21313925087451935
0.04942846670746803,0.00832897238433361,25.422534942626953,-0.07638031989336014,0.24788038432598114
0.049397557973861694,0.008454554714262486,25.39544677734375,-0.07730050384998322,0.2746167480945587
0.05004782974720001,0.008505291305482388,25.63445281982422,-0.07750924676656723,0.20526279509067535
0.04882074147462845,0.008109007962048054,25.06240463256836,-0.07660999894142151,0.20491008460521698
0.04876110702753067,0.008045122027397156,25.179140090942383,-0.0779648944735527,0.21704678237438202
0.04792146757245064,0.007857685908675194,23.72817039489746,-0.07613593339920044,0.2534724473953247
0.04752712324261665,0.00775881577283144,24.08827781677246,-0.07804852724075317,0.22171258926391602
0.04738350585103035,0.0076553174294531345,23.6905574798584,-0.077189601957798,0.24000437557697296
0.04731495678424835,0.007614466827362776,24.25930404663086,-0.07783086597919464,0.23285730183124542
0.04777606949210167,0.00785066094249487,24.244428634643555,-0.07724844664335251,0.2560463845729828
0.04842020571231842,0.007940169423818588,24.95615005493164,-0.07598961144685745,0.2359754592180252
0.04806971177458763,0.007902132347226143,24.604406356811523,-0.07858629524707794,0.24103127419948578
0.048637665808200836,0.007991760037839413,24.54835319519043,-0.07613593339920044,0.21902413666248322
0.048507869243621826,0.008055146783590317,25.090133666992188,-0.07694415003061295,0.2729353606700897
0.048381272703409195,0.007999292574822903,24.253026962280273,-0.07741876691579819,0.2223762422800064
0.048242177814245224,0.007958653382956982,24.670156478881836,-0.07766740769147873,0.23243887722492218
0.047660943120718,0.007728997152298689,24.169668197631836,-0.07633516937494278,0.2364438772201538
0.04749956727027893,0.007689350284636021,23.83677864074707,-0.07745997607707977,0.23890890181064606
0.048382312059402466,0.008033638820052147,24.743276596069336,-0.07701480388641357,0.2332979440689087
0.05013846233487129,0.00866565853357315,26.63296890258789,-0.07772915810346603,0.24167640507221222
0.05341990664601326,0.009935627691447735,28.011268615722656,-0.07623054832220078,0.1569538116455078
0.05352864786982536,0.009986057877540588,29.005022048950195,-0.07745864987373352,0.23029887676239014
0.05198853835463524,0.009306888096034527,27.168956756591797,-0.07643049955368042,0.21970605850219727
0.049324553459882736,0.008409985341131687,24.7371768951416,-0.077423095703125,0.27441513538360596
0.050397444516420364,0.008726163767278194,26.13756561279297,-0.07499542832374573,0.1367582380771637
0.04989078268408775,0.008436167612671852,26.13235092163086,-0.07661250978708267,0.249537393450737
0.04806274548172951,0.007878851145505905,24.280803680419922,-0.07794707268476486,0.27745339274406433
0.04814380407333374,0.007965898141264915,24.727710723876953,-0.07877486944198608,0.23366530239582062
0.04897359386086464,0.008239112794399261,24.527503967285156,-0.07469521462917328,0.2071818709373474
0.0489315427839756,0.008190393447875977,24.281423568725586,-0.076065294444561,0.23948447406291962
0.05100912228226662,0.009159973822534084,26.610363006591797,-0.07859816402196884,0.25066274404525757
0.04890178516507149,0.008210855536162853,24.865249633789062,-0.07623274624347687,0.20233871042728424
0.048035118728876114,0.007847393862903118,24.486948013305664,-0.07856383919715881,0.2515835762023926
0.04677318036556244,0.0074469600804150105,23.496280670166016,-0.07636379450559616,0.23725728690624237
0.046323373913764954,0.007282863836735487,22.98101043701172,-0.07695726305246353,0.23221087455749512
0.04652795195579529,0.007359498180449009,23.23177719116211,-0.07782291620969772,0.27360931038856506
0.04682116582989693,0.007490996271371841,23.063100814819336,-0.07760056853294373,0.2591748535633087
0.047722674906253815,0.007719478569924831,24.261409759521484,-0.0780995786190033,0.15026728808879852
0.04809039831161499,0.007850801572203636,24.6644344329834,-0.07751218229532242,0.2586108148097992
0.047151289880275726,0.007545131258666515,23.608510971069336,-0.07554030418395996,0.253863662481308
0.046924032270908356,0.007491136435419321,23.872154235839844,-0.07864618301391602,0.26052767038345337
0.04812490567564964,0.007879582233726978,24.13813591003418,-0.07571787387132645,0.24881581962108612
0.048275891691446304,0.007919098250567913,24.53875732421875,-0.07864642888307571,0.25683721899986267
0.04713229089975357,0.007580085191875696,23.711763381958008,-0.07714629918336868,0.27505624294281006
0.04724418371915817,0.0076745860278606415,23.46966552734375,-0.07588846981525421,0.27397117018699646
0.047058794647455215,0.007546565029770136,24.126375198364258,-0.07799869775772095,0.24763166904449463
0.04616555944085121,0.007302847225219011,23.499460220336914,-0.07812783867120743,0.2121400684118271
0.0465477854013443,0.007310326676815748,23.468515396118164,-0.07770606875419617,0.23277480900287628
0.04575153440237045,0.00715983659029007,22.706363677978516,-0.07708411663770676,0.24320417642593384
0.04548516124486923,0.0070730880834162235,22.408523559570312,-0.0774165466427803,0.2722223401069641
0.047337569296360016,0.00767146423459053,23.932950973510742,-0.07831894606351852,0.23490925133228302
0.04725342243909836,0.007687545381486416,23.74871253967285,-0.07762347161769867,0.24761910736560822
0.046480581164360046,0.007468235678970814,22.81960105895996,-0.07624007761478424,0.21075253188610077
0.04715212807059288,0.007529594004154205,23.68031120300293,-0.0783432275056839,0.27841445803642273
0.04634523764252663,0.007339846808463335,23.054235458374023,-0.07700259983539581,0.23724795877933502
0.04592117667198181,0.0071002342738211155,23.404661178588867,-0.0774393379688263,0.25474613904953003
0.04560175538063049,0.007080812938511372,22.778865814208984,-0.0785672664642334,0.2813842296600342
0.04538089409470558,0.007017871830612421,22.02016258239746,-0.07807746529579163,0.2644212245941162
0.045582499355077744,0.007100927643477917,22.739116668701172,-0.07658497244119644,0.23585690557956696
0.045185625553131104,0.006931893061846495,22.199214935302734,-0.07771921157836914,0.19743651151657104
0.04497132450342178,0.006939974147826433,22.72858428955078,-0.07752875238656998,0.262727290391922
0.04617900401353836,0.007287006359547377,22.746997833251953,-0.07782332599163055,0.26010334491729736
0.04608280584216118,0.007268861867487431,23.710845947265625,-0.0780322328209877,0.3084487020969391
0.04578576236963272,0.007079238072037697,22.811899185180664,-0.07737043499946594,0.3069116771221161
0.04574998468160629,0.0072034746408462524,23.527729034423828,-0.07716722786426544,0.3161766231060028
0.04633716121315956,0.007332165725529194,23.700767517089844,-0.07848437875509262,0.30361250042915344
0.04567477107048035,0.007132071536034346,22.62784767150879,-0.07714037597179413,0.3139617145061493
0.04563111439347267,0.007056217174977064,22.772966384887695,-0.0779770091176033,0.29136592149734497
0.04513498768210411,0.006946441251784563,22.962665557861328,-0.07770324498414993,0.24597446620464325
0.04470063000917435,0.0068176379427313805,22.103775024414062,-0.07763686031103134,0.27837657928466797
0.04519951716065407,0.006987231783568859,22.22142219543457,-0.07778007537126541,0.2482137680053711
0.045467033982276917,0.007068997249007225,22.532896041870117,-0.0770380049943924,0.2705666124820709
0.04595347121357918,0.007221857085824013,23.239011764526367,-0.0780593603849411,0.3125403821468353
0.045473914593458176,0.007067782338708639,22.759763717651367,-0.07818380743265152,0.28028640151023865
0.045864928513765335,0.007131544873118401,22.734582901000977,-0.07668557018041611,0.30376750230789185
0.045710187405347824,0.007104621268808842,22.760704040527344,-0.07788630574941635,0.28658485412597656
0.04584934562444687,0.007216697093099356,22.93226432800293,-0.07859798520803452,0.2744079530239105
0.04577812924981117,0.007190568372607231,22.77181625366211,-0.07763274759054184,0.2727687358856201
0.045778412371873856,0.007228768430650234,23.197484970092773,-0.07760175317525864,0.3162035048007965
0.04549235478043556,0.007109742145985365,22.808420181274414,-0.07885104417800903,0.29840973019599915
0.04595723748207092,0.007175756618380547,23.02482795715332,-0.07737085968255997,0.25924307107925415
0.046605970710515976,0.007465157192200422,23.851648330688477,-0.07771472632884979,0.3064493238925934
0.04650377109646797,0.007382371462881565,23.360074996948242,-0.07796430587768555,0.32219836115837097
0.04545724019408226,0.00694577069953084,22.737329483032227,-0.0789051279425621,0.3241138160228729
0.044858384877443314,0.0068438369780778885,22.177053451538086,-0.07648415863513947,0.2851307690143585
0.04732896015048027,0.007580325473099947,23.82916259765625,-0.07755059748888016,0.30702218413352966
0.04679841548204422,0.007527738343924284,24.032285690307617,-0.07830815762281418,0.28023335337638855
0.045579928904771805,0.007023252546787262,23.757244110107422,-0.07733713835477829,0.32347699999809265
0.04439500719308853,0.006633672397583723,21.895519256591797,-0.07790102064609528,0.3308631181716919
0.0443764291703701,0.006695722695440054,21.73094940185547,-0.07743614912033081,0.3018245995044708
0.045552145689725876,0.007014170289039612,23.87685203552246,-0.07843733578920364,0.31492552161216736
0.04445197433233261,0.006741099525243044,22.099109649658203,-0.07768050581216812,0.3000420033931732
0.04492923244833946,0.006827050354331732,22.23015785217285,-0.07732517272233963,0.26600152254104614
0.04416383430361748,0.0066194841638207436,22.069690704345703,-0.07865199446678162,0.2909359633922577
0.04396570101380348,0.006583741400390863,21.54616355895996,-0.07785460352897644,0.3195868134498596
0.04496544972062111,0.006913244258612394,22.414155960083008,-0.07745739072561264,0.29985275864601135
0.0464940182864666,0.007371455896645784,23.53647804260254,-0.07813616842031479,0.3099173605442047
0.04598267003893852,0.007158726919442415,22.878070831298828,-0.07665273547172546,0.3213084936141968
0.04577723890542984,0.007093986961990595,22.934303283691406,-0.07852295786142349,0.30770793557167053
0.04480265825986862,0.006823417730629444,22.030929565429688,-0.0773748829960823,0.3093622326850891
0.04395598545670509,0.006573695223778486,21.804121017456055,-0.07850933074951172,0.3158240020275116
0.04498458653688431,0.0068754395470023155,22.595266342163086,-0.07756521552801132,0.3325653374195099
0.0448383167386055,0.006772480905056,22.92349624633789,-0.07831230014562607,0.3289346992969513
0.04441748932003975,0.006774240173399448,22.05935287475586,-0.07825455069541931,0.3411772549152374
0.043777331709861755,0.006483528763055801,21.615253448486328,-0.07745493948459625,0.29920580983161926
0.04410310089588165,0.006618686486035585,21.9671688079834,-0.07856130599975586,0.31635069847106934
0.04465096443891525,0.006779902148991823,22.043903350830078,-0.07738956063985825,0.33779701590538025
0.043713975697755814,0.006484649144113064,22.097620010375977,-0.07885770499706268,0.3045760691165924
0.043562620878219604,0.006500903982669115,21.295963287353516,-0.07742919772863388,0.3494955599308014
0.04442644491791725,0.006729536689817905,22.397733688354492,-0.07827610522508621,0.3126662075519562
0.04436333477497101,0.006690559443086386,22.203067779541016,-0.07773011922836304,0.31138673424720764
0.04489411413669586,0.006881261710077524,23.26494789123535,-0.0784885510802269,0.31592848896980286
0.043809033930301666,0.006535504944622517,21.31931495666504,-0.07824061065912247,0.3295860290527344
0.04403192922472954,0.006556912325322628,21.811620712280273,-0.0787092000246048,0.3213465213775635
0.044900767505168915,0.006903463508933783,22.396154403686523,-0.07708100974559784,0.2895701229572296
0.04556157439947128,0.00705601554363966,23.047903060913086,-0.07812822610139847,0.324921190738678
0.04548778757452965,0.0069508785381913185,22.814502716064453,-0.0781719982624054,0.3317130208015442
0.043721552938222885,0.006557947024703026,21.565073013305664,-0.07705862820148468,0.3389878273010254
0.043091289699077606,0.006345877889543772,21.723262786865234,-0.07873892784118652,0.34558233618736267
0.043379753828048706,0.006345286965370178,21.249284744262695,-0.07803872972726822,0.3344414532184601
0.04298598691821098,0.0063004037365317345,21.088438034057617,-0.07941767573356628,0.32650265097618103
0.04273127764463425,0.0061955503188073635,20.860851287841797,-0.07723355293273926,0.3447173833847046
0.042649805545806885,0.0061972783878445625,20.672494888305664,-0.07874244451522827,0.34607791900634766
0.04327656328678131,0.006353283300995827,21.448902130126953,-0.07870206236839294,0.3460427522659302
0.04364590346813202,0.006430387031286955,21.17789077758789,-0.07698285579681396,0.326219767332077
0.04321781173348427,0.006283351685851812,21.149215698242188,-0.07935279607772827,0.3483670949935913
0.043309926986694336,0.006321968976408243,21.732864379882812,-0.07722252607345581,0.3203231990337372
0.043908726423978806,0.006535791326314211,21.857585906982422,-0.07872871309518814,0.33349207043647766
0.04485370218753815,0.006772604305297136,22.649330139160156,-0.07778643816709518,0.34801486134529114
0.04591741785407066,0.007195205427706242,23.437698364257812,-0.07898270338773727,0.3358338177204132
0.04575353115797043,0.00716346176341176,23.039918899536133,-0.07643646746873856,0.35117462277412415
0.04438801482319832,0.0066978768445551395,22.33812141418457,-0.0787946954369545,0.33219850063323975
0.043464310467243195,0.00634842598810792,21.178606033325195,-0.07667584717273712,0.345855712890625
0.04295801743865013,0.006323991343379021,20.984142303466797,-0.07893083244562149,0.3511197566986084
0.04298994317650795,0.006231862120330334,21.40247917175293,-0.07844632118940353,0.33299320936203003
0.04262290149927139,0.0062083955854177475,21.017210006713867,-0.07919798791408539,0.29743683338165283
0.04370417818427086,0.0065200673416256905,21.607236862182617,-0.07809491455554962,0.31814122200012207
0.043175287544727325,0.006354831159114838,22.052574157714844,-0.07781633734703064,0.3436625301837921
0.044336166232824326,0.006698396522551775,21.775087356567383,-0.0775747150182724,0.331694096326828
0.04492992162704468,0.0068840207532048225,22.656797409057617,-0.07859325408935547,0.34465718269348145
0.043580085039138794,0.006469322834163904,21.731664657592773,-0.07759007066488266,0.30103158950805664
0.04329509288072586,0.006328267510980368,21.307823181152344,-0.0797509029507637,0.33718788623809814
0.043538618832826614,0.006367528345435858,21.429868698120117,-0.07831168174743652,0.3358600437641144
0.04333414509892464,0.00635034404695034,21.626026153564453,-0.0773627758026123,0.3175008296966553
0.043424054980278015,0.0064185746014118195,21.10957908630371,-0.07843449711799622,0.3546164929866791
0.0445467084646225,0.006762563716620207,21.725210189819336,-0.07713305205106735,0.3284338414669037
0.04552149027585983,0.007048769388347864,23.124536514282227,-0.07872964441776276,0.339830607175827
0.04510856792330742,0.006863197777420282,23.00403594970703,-0.07877635955810547,0.34852758049964905
0.04583638533949852,0.007127861957997084,23.673057556152344,-0.07885465025901794,0.3415403664112091
0.043802667409181595,0.006541387643665075,20.93197250366211,-0.07657893002033234,0.3632189929485321
0.04355731979012489,0.0064266701228916645,21.391557693481445,-0.07886563986539841,0.3632626235485077
0.042912039905786514,0.006224930752068758,20.865461349487305,-0.07873121649026871,0.3503917455673218
0.042939621955156326,0.006209538783878088,21.064367294311523,-0.0773238092660904,0.35753700137138367
0.04187322035431862,0.005971604958176613,20.558019638061523,-0.07968813925981522,0.36123502254486084
0.04216279461979866,0.006050759460777044,20.547971725463867,-0.07905922830104828,0.3625936210155487
0.04227428510785103,0.006056877318769693,20.17051124572754,-0.07750672101974487,0.3524026870727539
0.0417606420814991,0.005896901246160269,20.53406524658203,-0.07827410101890564,0.3634145259857178
0.04156152904033661,0.0058391462080180645,20.053592681884766,-0.07919180393218994,0.37297964096069336
0.04168682172894478,0.005911644548177719,20.57164192199707,-0.07838087528944016,0.36965668201446533
0.042299769818782806,0.00609961524605751,20.52457046508789,-0.07844192534685135,0.3600034713745117
0.04208444431424141,0.006055165082216263,20.794063568115234,-0.07776463031768799,0.3262503147125244
0.04168710857629776,0.005884021986275911,20.559844970703125,-0.0784442350268364,0.36367031931877136
0.04240480065345764,0.006068366579711437,21.005090713500977,-0.07939401268959045,0.3579184114933014
0.043742962181568146,0.0064745210111141205,21.343801498413086,-0.07826121151447296,0.3661592900753021
0.04251957684755325,0.006125326734036207,20.81658172607422,-0.07787083834409714,0.33426985144615173
0.04298318922519684,0.006211370695382357,21.680225372314453,-0.07795887440443039,0.35548171401023865
0.042683277279138565,0.0062217917293310165,21.201765060424805,-0.07867982238531113,0.35238543152809143
0.04282248020172119,0.006193438079208136,21.040264129638672,-0.07774080336093903,0.36368227005004883
0.04308383911848068,0.006325422320514917,21.760635375976562,-0.07882452756166458,0.3535524308681488
0.042924195528030396,0.006250559817999601,21.246536254882812,-0.07876276969909668,0.3703426420688629
0.042498424649238586,0.006108055356889963,20.98891258239746,-0.07809926569461823,0.3716646730899811
0.042105864733457565,0.005987090524286032,19.992115020751953,-0.07748539000749588,0.3676884174346924
0.04182400181889534,0.005908910185098648,20.298978805541992,-0.07898202538490295,0.3648616373538971
0.042088739573955536,0.006022766698151827,20.64600372314453,-0.07858337461948395,0.36101457476615906
0.041419681161642075,0.005837807897478342,20.168575286865234,-0.07857165485620499,0.3751312792301178
0.04226471111178398,0.006021318957209587,21.260879516601562,-0.07830057293176651,0.37611961364746094
0.0427040196955204,0.006174742244184017,21.092235565185547,-0.07740844041109085,0.35107752680778503
0.04238693043589592,0.006106735207140446,21.01456642150879,-0.07898686081171036,0.36196354031562805
0.04376586154103279,0.006440328434109688,21.504169464111328,-0.07788529247045517,0.366489440202713
0.042947977781295776,0.00632881186902523,21.843368530273438,-0.07971751689910889,0.361501008272171
0.04433303698897362,0.006718075834214687,22.403783798217773,-0.07878168672323227,0.3772743046283722
0.0435781329870224,0.006461290176957846,21.395231246948242,-0.07745660841464996,0.35264459252357483
0.0428646095097065,0.006225792691111565,21.386898040771484,-0.07876940816640854,0.3722820281982422
0.04172426089644432,0.005906152538955212,19.93383026123047,-0.07780598104000092,0.38496482372283936
0.04161747545003891,0.005868814419955015,20.37327003479004,-0.08042166382074356,0.38250353932380676
0.041517168283462524,0.005868019536137581,19.976421356201172,-0.07750196754932404,0.3805329501628876
0.04228297248482704,0.006008790340274572,20.89052963256836,-0.07911884784698486,0.3657022714614868
0.043451495468616486,0.006390041671693325,21.495336532592773,-0.07883035391569138,0.365477591753006
0.04271000623703003,0.006183413323014975,21.143882751464844,-0.07836250215768814,0.3743157386779785
0.041703883558511734,0.005966173019260168,20.385772705078125,-0.07897036522626877,0.3860456645488739
0.041022833436727524,0.005710447672754526,19.592302322387695,-0.07770073413848877,0.3792102336883545
0.04163592681288719,0.005879147909581661,20.44011878967285,-0.07909756153821945,0.38776901364326477
0.04186591878533363,0.005922543350607157,20.19829750061035,-0.07798662036657333,0.38440659642219543
0.04171881824731827,0.005887458100914955,20.539228439331055,-0.07858426123857498,0.38137364387512207
0.040890052914619446,0.0056163775734603405,19.512537002563477,-0.0794457271695137,0.3841003477573395
0.04060725122690201,0.0055699422955513,19.347505569458008,-0.07845738530158997,0.38156256079673767
0.04113136976957321,0.00569008756428957,20.204633712768555,-0.07896057516336441,0.3854655921459198
0.04177964851260185,0.005871950648725033,20.460203170776367,-0.0772387832403183,0.3823084533214569
0.041868921369314194,0.005936240311712027,20.650259017944336,-0.08009762316942215,0.38235774636268616
0.042602572590112686,0.0061808242462575436,21.460968017578125,-0.0778440609574318,0.38292405009269714
0.04298803210258484,0.0061525218188762665,21.850975036621094,-0.07826124876737595,0.3887577950954437
0.04201478138566017,0.005938730668276548,20.552045822143555,-0.07887277752161026,0.3748737871646881
0.04219153895974159,0.005983790382742882,20.75791358947754,-0.0790802612900734,0.3765683174133301
0.042452726513147354,0.006139109842479229,21.098520278930664,-0.07829894870519638,0.38827499747276306
0.04104763641953468,0.005771016702055931,19.909757614135742,-0.07773871719837189,0.3844316899776459
0.041093334555625916,0.005739728454500437,20.07375144958496,-0.07909543812274933,0.39685526490211487
0.04124204441905022,0.005727813113480806,19.853857040405273,-0.0788051187992096,0.39759719371795654
0.04051519185304642,0.00552874943241477,19.24945831298828,-0.078440822660923,0.37602877616882324
0.04008715599775314,0.0054589225910604,19.1287841796875,-0.07827882468700409,0.3936293125152588
0.0406198725104332,0.005542971193790436,19.75153923034668,-0.07941116392612457,0.37777459621429443
0.040082335472106934,0.005450783297419548,18.966835021972656,-0.07763822376728058,0.3902003765106201
0.0400201678276062,0.005457868333905935,19.301145553588867,-0.07975491136312485,0.394273042678833
0.04066566750407219,0.005575430113822222,19.482667922973633,-0.07858709990978241,0.3958689868450165
0.041111573576927185,0.005643702577799559,19.550657272338867,-0.0786609873175621,0.39766860008239746
0.040975868701934814,0.005688370671123266,20.306489944458008,-0.07976216822862625,0.3939243257045746
0.04124792292714119,0.0057806214317679405,19.784902572631836,-0.07753606885671616,0.3824709951877594
0.041242629289627075,0.005713275168091059,20.310230255126953,-0.07956446707248688,0.3807896673679352
0.04170328378677368,0.005886449478566647,20.464487075805664,-0.07839587330818176,0.3979809284210205
0.04166156426072121,0.005885260179638863,20.65802001953125,-0.07797731459140778,0.392864465713501
0.04085224121809006,0.005645117722451687,19.91417694091797,-0.07887586206197739,0.39654794335365295
0.0418163537979126,0.0058686682023108006,20.945890426635742,-0.07902750372886658,0.38005903363227844
0.04383431747555733,0.0065430812537670135,22.508581161499023,-0.078689344227314,0.3740025758743286
0.04354274272918701,0.00645510433241725,21.68228530883789,-0.07846890389919281,0.38304004073143005
0.043391790241003036,0.006401625461876392,21.693668365478516,-0.07819616794586182,0.3899352550506592
0.045967090874910355,0.007230386137962341,23.14242935180664,-0.07781507819890976,0.39228034019470215
0.04476803168654442,0.00678246421739459,22.70248031616211,-0.07822158932685852,0.38547465205192566
0.04191054031252861,0.005933687556535006,20.58513832092285,-0.07856475561857224,0.39894676208496094
0.04101284220814705,0.005647751968353987,20.181669235229492,-0.07899775356054306,0.38801994919776917
0.041048772633075714,0.005684567615389824,19.778648376464844,-0.07810655981302261,0.3926195204257965
0.040420785546302795,0.00552566722035408,19.712003707885742,-0.07890033721923828,0.40131959319114685
0.04019162431359291,0.005446906667202711,19.3259220123291,-0.07852915674448013,0.3973764479160309
0.040525831282138824,0.0055141448974609375,19.19750213623047,-0.07880933582782745,0.40069666504859924
0.040437642484903336,0.005502788349986076,19.237953186035156,-0.07935421168804169,0.40024909377098083
0.04025842621922493,0.005496441386640072,19.494943618774414,-0.07892893254756927,0.3985165059566498
0.04006543010473251,0.005402854643762112,18.96096420288086,-0.07828033715486526,0.3965991735458374
0.040034253150224686,0.005398750305175781,19.13359832763672,-0.07861719280481339,0.3946511447429657
0.03957080841064453,0.005283322185277939,19.025997161865234,-0.07939095050096512,0.4060128629207611
0.03898375853896141,0.0051206001080572605,18.692731857299805,-0.07915959507226944,0.40993842482566833
0.03894007205963135,0.0051160226576030254,18.40584373474121,-0.07845978438854218,0.4031677544116974
0.039492975920438766,0.00524326553568244,18.78730010986328,-0.07843101769685745,0.40555858612060547
0.03924873098731041,0.005214086268097162,18.642805099487305,-0.07961127907037735,0.4055570363998413
0.0397711917757988,0.005305239465087652,19.228256225585938,-0.0786428451538086,0.40556755661964417
0.039700962603092194,0.005318513605743647,18.817455291748047,-0.07939152419567108,0.40553727746009827
0.04023940488696098,0.005458326078951359,19.071794509887695,-0.0784054696559906,0.39744067192077637
0.040686339139938354,0.005587632767856121,19.669462203979492,-0.07892109453678131,0.3957737982273102
0.040908750146627426,0.005596427246928215,19.671829223632812,-0.07831528037786484,0.4023915231227875
0.040899552404880524,0.005681898910552263,19.986053466796875,-0.08038157969713211,0.399947851896286
0.04118204489350319,0.005701233167201281,20.344877243041992,-0.07717962563037872,0.40355467796325684
0.04303056001663208,0.006292355712503195,21.696134567260742,-0.07902853190898895,0.4023844301700592
0.042503371834754944,0.0060686892829835415,21.238037109375,-0.07798974215984344,0.39654412865638733
0.041661810129880905,0.005876175127923489,20.951641082763672,-0.07963768392801285,0.4007604122161865
0.04272914305329323,0.006196203641593456,20.939027786254883,-0.07785148173570633,0.38850316405296326
0.042684558779001236,0.0061563123017549515,21.043800354003906,-0.07904605567455292,0.39639756083488464
0.04124120622873306,0.005699431989341974,20.086624145507812,-0.07764249294996262,0.40011700987815857
0.0414094403386116,0.005831296090036631,20.6582088470459,-0.07895085960626602,0.4054204523563385
0.043057631701231,0.00637834332883358,21.567359924316406,-0.07964162528514862,0.39465609192848206
0.043512605130672455,0.00658765435218811,22.165430068969727,-0.07818589359521866,0.40377679467201233
0.04221160709857941,0.0059724911116063595,20.74588394165039,-0.0774010494351387,0.39714494347572327
0.04029546678066254,0.005529629532247782,19.682796478271484,-0.08016058057546616,0.4037892818450928
0.039953410625457764,0.00538329454138875,19.163368225097656,-0.07853392511606216,0.4061959981918335
0.039594754576683044,0.0052722604013979435,18.68659019470215,-0.07874337583780289,0.40951791405677795
0.039217088371515274,0.005198413971811533,18.990150451660156,-0.07876084744930267,0.4057852029800415
0.03886599838733673,0.0050913672894239426,18.196395874023438,-0.08000065386295319,0.40677163004875183
0.03855631873011589,0.005059740040451288,18.23497772216797,-0.079046830534935,0.4139413833618164
0.03858426958322525,0.005006243474781513,18.342206954956055,-0.07868614792823792,0.4104653298854828
0.03860616683959961,0.005051006563007832,18.141298294067383,-0.07829004526138306,0.4112531840801239
0.038475796580314636,0.005000105127692223,18.091476440429688,-0.07943961024284363,0.4170321226119995
0.0389772392809391,0.005122423637658358,18.519851684570312,-0.07911042124032974,0.41108450293540955
0.038776837289333344,0.005013504531234503,18.16083526611328,-0.07906298339366913,0.4145011901855469
0.038855817168951035,0.005071838386356831,18.596145629882812,-0.0789937749505043,0.40948382019996643
0.03840631991624832,0.004968625493347645,18.1300048828125,-0.07875000685453415,0.4134797155857086
0.038218650966882706,0.00492736604064703,18.10142707824707,-0.07958951592445374,0.41410088539123535
0.03831111267209053,0.004963373765349388,18.36240005493164,-0.07941616326570511,0.4179118573665619
0.03883896768093109,0.005028157960623503,18.176931381225586,-0.07875403761863708,0.41481348872184753
0.03892629221081734,0.0050782631151378155,18.651416778564453,-0.07868072390556335,0.40975892543792725
0.038871753960847855,0.005083461757749319,18.392202377319336,-0.0793791189789772,0.4162290394306183
0.03920299559831619,0.00513593340292573,18.92522621154785,-0.07887556403875351,0.4123941957950592
0.039022088050842285,0.005168241448700428,18.66898536682129,-0.0799238458275795,0.41607216000556946
0.039598990231752396,0.005269136279821396,19.072900772094727,-0.07788190990686417,0.4049978256225586
0.03880155459046364,0.0051032123155891895,18.06600570678711,-0.07932437211275101,0.41016826033592224
0.03944859281182289,0.005221000872552395,19.334049224853516,-0.07971262186765671,0.41545650362968445
0.0395197868347168,0.005244228057563305,18.89276695251465,-0.07838143408298492,0.4122363030910492
0.038752973079681396,0.005065658129751682,18.073917388916016,-0.07937276363372803,0.4130581319332123
0.03853338211774826,0.00500048091635108,18.316972732543945,-0.07921680808067322,0.4157925546169281
0.03831007331609726,0.004966846201568842,18.137069702148438,-0.0791790783405304,0.41539761424064636
0.03811252489686012,0.004902567248791456,18.286609649658203,-0.07959207892417908,0.4155708849430084
0.03840814158320427,0.005010150372982025,17.88677215576172,-0.07894083112478256,0.4165818691253662
0.038182564079761505,0.004894126672297716,17.695241928100586,-0.07929164171218872,0.41685882210731506
0.03813529759645462,0.004888823721557856,17.814157485961914,-0.0783364400267601,0.41231656074523926
0.03790533170104027,0.004827181808650494,17.695220947265625,-0.08030261099338531,0.4135528802871704
0.038522303104400635,0.004962284117937088,18.265241622924805,-0.0788513645529747,0.41670942306518555
0.03822852298617363,0.004909979645162821,18.06818389892578,-0.07904713600873947,0.41544878482818604
0.03914514556527138,0.005194132681936026,18.886247634887695,-0.07982493937015533,0.40938839316368103
0.039693403989076614,0.005284908227622509,19.05754280090332,-0.07873073220252991,0.41423335671424866
0.03980286791920662,0.005323364865034819,19.69765281677246,-0.07927283644676208,0.41587260365486145
0.03939908370375633,0.005232543684542179,18.746368408203125,-0.07915935665369034,0.41529330611228943
0.03951630741357803,0.005221768748015165,19.003618240356445,-0.07893931865692139,0.41824814677238464
0.04000554606318474,0.005409812554717064,19.143390655517578,-0.0788978636264801,0.41439393162727356
0.04054608568549156,0.005525680724531412,20.048809051513672,-0.08036288619041443,0.4172598421573639
0.03911549225449562,0.005163117777556181,18.23794937133789,-0.07812465727329254,0.41526952385902405
0.03920643404126167,0.005162338726222515,18.925989151000977,-0.08022220432758331,0.41907215118408203
0.039652056992053986,0.005281319376081228,19.620729446411133,-0.07874955236911774,0.413629412651062
0.04017815738916397,0.005413093138486147,19.53784942626953,-0.07944835722446442,0.41468194127082825
0.0398295633494854,0.0053489431738853455,19.037982940673828,-0.0785382017493248,0.4165068566799164
0.03945191949605942,0.005222883075475693,19.09482765197754,-0.07858500629663467,0.41327252984046936
0.03900018334388733,0.005122260190546513,18.351829528808594,-0.08016838878393173,0.42098936438560486
0.040576692670583725,0.005567630752921104,19.524700164794922,-0.07926283031702042,0.41710686683654785
0.041306037455797195,0.005681387148797512,20.408466339111328,-0.07882942259311676,0.4129241406917572
0.04058348760008812,0.005529461428523064,20.38884735107422,-0.07760585099458694,0.4022274911403656
0.04873969405889511,0.00830057356506586,26.29663848876953,-0.07991547137498856,0.39878153800964355
0.0517890527844429,0.009445859119296074,27.28923225402832,-0.07520225644111633,0.3708864450454712
0.046347636729478836,0.00734657421708107,23.700899124145508,-0.07915984839200974,0.40169259905815125
0.04263492301106453,0.006239439360797405,21.793113708496094,-0.07679261267185211,0.4094580411911011
0.042630840092897415,0.006086190231144428,21.066532135009766,-0.07941398024559021,0.40963876247406006
0.04079011082649231,0.005584083031862974,20.275463104248047,-0.0795898288488388,0.41380366683006287
0.03978467360138893,0.0053192307241261005,19.194683074951172,-0.07844676822423935,0.41216084361076355
0.03909983113408089,0.005102470982819796,19.084365844726562,-0.07882125675678253,0.4155644178390503
0.03830575942993164,0.004982421640306711,18.083250045776367,-0.07932403683662415,0.42090439796447754
0.03816710039973259,0.0048885946162045,18.005327224731445,-0.07940322160720825,0.41640326380729675
0.038467179983854294,0.004934405442327261,18.006582260131836,-0.07954210042953491,0.418905645608902
0.038304828107357025,0.004897756036370993,18.054489135742188,-0.07900922745466232,0.41537344455718994
0.038312483578920364,0.004938672296702862,17.908828735351562,-0.0797187015414238,0.41916728019714355
0.03815218433737755,0.00491710240021348,18.88506317138672,-0.07921461760997772,0.4167459011077881
0.037602707743644714,0.0047607580199837685,17.790010452270508,-0.0789470374584198,0.4192200005054474
0.037427905946969986,0.0047088367864489555,17.316890716552734,-0.07954432815313339,0.4220985174179077
0.03746515512466431,0.0047052716836333275,17.659761428833008,-0.0794743001461029,0.41958871483802795
0.037403445690870285,0.004666084423661232,17.829368591308594,-0.07959727197885513,0.4215555489063263
0.0376289002597332,0.004714391194283962,17.515522003173828,-0.07863304764032364,0.4204730987548828
0.03749300166964531,0.004695965442806482,17.631628036499023,-0.07958764582872391,0.4224914610385895
0.03841540217399597,0.004992757458239794,18.58127212524414,-0.07892679423093796,0.41912296414375305
0.03829682245850563,0.004889016505330801,18.26331901550293,-0.07919234782457352,0.4182496964931488
0.03815416246652603,0.0048843384720385075,17.607492446899414,-0.07933531701564789,0.4206186830997467
0.037942420691251755,0.004841194488108158,17.93509864807129,-0.0797681212425232,0.4254809319972992
0.03872356563806534,0.0050112465396523476,18.66763687133789,-0.07860734313726425,0.41888952255249023
0.037964291870594025,0.004852739162743092,17.79638671875,-0.07958965748548508,0.4199194014072418
0.037820328027009964,0.004811298102140427,17.80335807800293,-0.08015820384025574,0.4155113995075226
0.0379609577357769,0.004825599025934935,17.973989486694336,-0.07840705662965775,0.42354878783226013
0.03759755939245224,0.004712119698524475,17.747278213500977,-0.0802776888012886,0.4226994812488556
0.037229008972644806,0.0046618543565273285,17.494014739990234,-0.07895393669605255,0.4249955415725708
0.03707568719983101,0.004591918084770441,16.836332321166992,-0.0796237662434578,0.425011545419693
0.03708214685320854,0.004623310174793005,17.451929092407227,-0.07951001822948456,0.424334853887558
0.0375853069126606,0.0046910485252738,18.012348175048828,-0.07955355942249298,0.422927588224411
0.03779597207903862,0.004773273598402739,17.299333572387695,-0.07971464842557907,0.42434796690940857
0.03786048665642738,0.0047850036062300205,17.758153915405273,-0.07900568842887878,0.4240379333496094
0.03801504895091057,0.004784280434250832,17.9632568359375,-0.0795121118426323,0.42557036876678467
0.03759829327464104,0.004745073616504669,17.543441772460938,-0.07962165772914886,0.4221670925617218
0.03730378672480583,0.004641566425561905,17.87412452697754,-0.07902218401432037,0.4233972132205963
0.03696490824222565,0.004566336516290903,16.897207260131836,-0.07937939465045929,0.42094194889068604
0.03693516552448273,0.004583399277180433,17.30788803100586,-0.07975494116544724,0.4265087842941284
0.037109989672899246,0.004643446300178766,17.247760772705078,-0.0789552554488182,0.42314231395721436
0.03768715262413025,0.004737630020827055,18.037141799926758,-0.08035657554864883,0.4265963137149811
0.03844301402568817,0.004907108843326569,18.005895614624023,-0.07960826903581619,0.41995003819465637
0.037767305970191956,0.004758100025355816,18.213281631469727,-0.07929704338312149,0.4210697114467621
0.03867196664214134,0.005015059374272823,18.991043090820312,-0.07968438416719437,0.4211900234222412
0.04043405130505562,0.005432316567748785,19.498064041137695,-0.07858531177043915,0.4167591631412506
0.04034731909632683,0.0054009659215807915,19.75896644592285,-0.08022141456604004,0.4170319139957428
0.03929582238197327,0.005163899622857571,19.045801162719727,-0.07782111316919327,0.4217928349971771
0.03934716805815697,0.00516844866797328,19.337799072265625,-0.07989640533924103,0.42523446679115295
0.03853752836585045,0.005000614561140537,18.528169631958008,-0.07938870787620544,0.42164185643196106
0.038444872945547104,0.005010789260268211,18.509567260742188,-0.08048896491527557,0.4267013967037201
0.038658395409584045,0.00501443212851882,18.383718490600586,-0.07890093326568604,0.42666375637054443
0.03793957456946373,0.004791055805981159,18.36664390563965,-0.07901997864246368,0.4259897768497467
0.03835118189454079,0.00487525574862957,17.94991111755371,-0.07881243526935577,0.423249751329422
0.03825419023633003,0.004880465567111969,18.22304344177246,-0.08001764863729477,0.42334285378456116
0.03761235252022743,0.004730717279016972,18.041540145874023,-0.0798465684056282,0.42635175585746765
0.038049157708883286,0.004846722353249788,17.86249542236328,-0.07891523092985153,0.42603325843811035
0.03766653314232826,0.004748144187033176,17.221208572387695,-0.07965938001871109,0.4228208065032959
0.03713591396808624,0.004603883251547813,17.77939224243164,-0.0791844055056572,0.42114803194999695
0.03728639706969261,0.004670880269259214,17.223569869995117,-0.0812315121293068,0.42685532569885254
0.0373859629034996,0.004664342384785414,17.492658615112305,-0.07901110500097275,0.42475593090057373
0.03715596720576286,0.004617484286427498,17.128681182861328,-0.07979875057935715,0.4261809289455414
0.03714767470955849,0.004588202573359013,17.294971466064453,-0.0782599002122879,0.42572081089019775
0.03729643672704697,0.004631751216948032,17.692018508911133,-0.07930903136730194,0.42511022090911865
0.03681083023548126,0.004521519877016544,17.30853271484375,-0.08014880865812302,0.4247572720050812
0.036841895431280136,0.004520663060247898,17.23674201965332,-0.07963909953832626,0.42764315009117126
0.03758866712450981,0.004734669346362352,18.047279357910156,-0.07896623015403748,0.4264087378978729
0.03787178918719292,0.004762467462569475,17.781829833984375,-0.0795506089925766,0.42297789454460144
0.037253182381391525,0.004652415402233601,17.44814109802246,-0.079404316842556,0.4240964949131012
0.03699633851647377,0.004564892500638962,17.444026947021484,-0.08063594251871109,0.42662501335144043
0.036979351192712784,0.004535887390375137,17.337919235229492,-0.0799502432346344,0.42687472701072693
0.03735765069723129,0.004670025315135717,17.642414093017578,-0.0788717195391655,0.4218865931034088
0.03781377524137497,0.004761412739753723,18.103906631469727,-0.07994022220373154,0.41955527663230896
0.03844331204891205,0.004926206078380346,18.373872756958008,-0.07859696447849274,0.42370691895484924
0.038311392068862915,0.004925076384097338,18.104005813598633,-0.07998418062925339,0.4256882667541504
0.038882263004779816,0.005017672665417194,18.329299926757812,-0.07965779304504395,0.42250382900238037
0.038858842104673386,0.005081076640635729,19.144289016723633,-0.07941992580890656,0.4213965833187103
0.03925124183297157,0.005165055859833956,19.100830078125,-0.08035239577293396,0.4180518090724945
0.03883632645010948,0.005068984813988209,18.261669158935547,-0.07938870787620544,0.4180692434310913
0.040573228150606155,0.005560128018260002,20.139198303222656,-0.07891633361577988,0.4187786877155304
0.03954460099339485,0.005260765086859465,19.012563705444336,-0.07909142971038818,0.4182821214199066
0.039225637912750244,0.005161656532436609,19.353891372680664,-0.07844118773937225,0.4247797727584839
0.03801368549466133,0.0048415930941700935,18.140077590942383,-0.07906410098075867,0.42336657643318176
0.03861752524971962,0.004927653819322586,18.33880615234375,-0.0782914012670517,0.4270249307155609
0.03852562606334686,0.004977721255272627,18.82933235168457,-0.08100393414497375,0.4234468936920166
0.03811550512909889,0.004850877448916435,18.15033721923828,-0.07851310819387436,0.4221838414669037
0.03790142387151718,0.0048179239965975285,18.16530418395996,-0.08053749054670334,0.42537304759025574
0.03749615326523781,0.004665319807827473,17.44255828857422,-0.07907146960496902,0.4311347007751465
0.03703370690345764,0.004570908844470978,17.683778762817383,-0.07945825159549713,0.4258101284503937
0.036806534975767136,0.004553300328552723,17.343244552612305,-0.08040383458137512,0.42629528045654297
0.03735734894871712,0.004666422959417105,17.624042510986328,-0.07952699065208435,0.42014583945274353
0.03694712743163109,0.004550020210444927,17.34142303466797,-0.0793396383523941,0.4299675524234772
0.03669656440615654,0.0044591911137104034,17.117856979370117,-0.0792064368724823,0.4297696650028229
0.036251671612262726,0.004385874606668949,16.935382843017578,-0.07991048693656921,0.42576900124549866
0.036566268652677536,0.004474427551031113,17.200544357299805,-0.07979170978069305,0.42447876930236816
0.036881547421216965,0.0045941732823848724,17.84934425354004,-0.07907503843307495,0.4285975992679596
0.03787451609969139,0.004753976594656706,17.720556259155273,-0.07914824038743973,0.42394089698791504
0.03782996907830238,0.004806501790881157,17.512840270996094,-0.08106069266796112,0.4295802414417267
0.038456834852695465,0.004883268382400274,18.893840789794922,-0.07850620895624161,0.41988420486450195
0.03933628648519516,0.005171856842935085,19.00286293029785,-0.07879157364368439,0.42270228266716003
0.03894617408514023,0.005121586844325066,18.86029815673828,-0.07924237102270126,0.424922376871109
0.03795091435313225,0.004761776886880398,17.91238784790039,-0.08039069175720215,0.4254196584224701
0.03767750412225723,0.004728830885142088,17.480485916137695,-0.07927972078323364,0.42691972851753235
0.0368826761841774,0.004549846053123474,17.596830368041992,-0.08031878620386124,0.4273245334625244
0.03678693622350693,0.004480782430619001,17.314346313476562,-0.07891315966844559,0.42722973227500916
0.036556489765644073,0.004453553352504969,16.92085075378418,-0.08007108420133591,0.4293026030063629
0.03670986369252205,0.004463904537260532,17.21404266357422,-0.07930640876293182,0.4290678799152374
0.03611956164240837,0.004349301569163799,16.548179626464844,-0.07955622673034668,0.42608532309532166
0.03578227013349533,0.004268158692866564,16.739421844482422,-0.08044742047786713,0.4310572147369385
0.036077048629522324,0.0043501099571585655,16.846254348754883,-0.07954400032758713,0.42898091673851013
0.036985814571380615,0.0045746443793177605,17.42115592956543,-0.07959365844726562,0.428806871175766
0.03687387332320213,0.004514854867011309,17.187702178955078,-0.0795578733086586,0.42932939529418945
0.03642477095127106,0.004416210111230612,16.997547149658203,-0.08039794862270355,0.4268227517604828
0.03626273199915886,0.004366477020084858,16.906492233276367,-0.07894386351108551,0.4319864511489868
0.03639684617519379,0.004420879762619734,16.87816047668457,-0.07999058812856674,0.43023884296417236
0.03728269413113594,0.004645981825888157,18.10740852355957,-0.07961848378181458,0.4247245788574219
0.03690442070364952,0.004531458485871553,17.559785842895508,-0.07986218482255936,0.4296155869960785
0.03684055805206299,0.004521346651017666,17.071292877197266,-0.07922369986772537,0.43031373620033264
0.03655768930912018,0.004409860819578171,17.275390625,-0.08035904169082642,0.43064650893211365
0.03602020815014839,0.004304141737520695,16.862442016601562,-0.07971112430095673,0.4326418936252594
0.03608552739024162,0.004322204273194075,16.619871139526367,-0.07935366034507751,0.4323028326034546
0.036359697580337524,0.0043905507773160934,16.927536010742188,-0.07981467247009277,0.43522289395332336
0.036390211433172226,0.004385641776025295,16.91576385498047,-0.07974755018949509,0.42975011467933655
0.03623899444937706,0.004385792650282383,17.143632888793945,-0.08011575043201447,0.4339427053928375
0.03628801181912422,0.004388692323118448,16.816810607910156,-0.08042027056217194,0.4320506155490875
0.03633687272667885,0.00433573080226779,17.31944465637207,-0.07926375418901443,0.42951712012290955
0.03646327555179596,0.004430457018315792,17.197057723999023,-0.0795007050037384,0.428871750831604
0.03682010620832443,0.004527716897428036,17.46819305419922,-0.07954660058021545,0.4310143291950226
0.03715017810463905,0.004609759896993637,17.565166473388672,-0.08065468072891235,0.4267059564590454
0.03799641132354736,0.004800932016223669,18.630842208862305,-0.07939695566892624,0.4239405393600464
0.039334915578365326,0.005181428510695696,18.765108108520508,-0.07900873571634293,0.42500972747802734
0.04107091203331947,0.005699166562408209,21.33761215209961,-0.0794154480099678,0.4159133732318878
0.04028588905930519,0.005418961867690086,19.935482025146484,-0.07924168556928635,0.4210357367992401
0.03827566280961037,0.004846007097512484,18.040302276611328,-0.07966815680265427,0.41795793175697327
0.038301315158605576,0.004900400061160326,18.86237335205078,-0.0793493315577507,0.42683252692222595
0.036912161856889725,0.004535731393843889,17.191255569458008,-0.0796981230378151,0.4252670109272003
0.03730051591992378,0.004660777747631073,17.73174476623535,-0.07956165820360184,0.4264508783817291
0.03753945231437683,0.004702308215200901,17.959787368774414,-0.0793648287653923,0.4294656813144684
0.03678048402070999,0.0044831749983131886,17.108964920043945,-0.07986006140708923,0.4242759644985199
0.03636008873581886,0.00436770124360919,16.837726593017578,-0.08081590384244919,0.43069586157798767
0.03656613826751709,0.004442191682755947,17.321659088134766,-0.07897602766752243,0.4293978214263916
0.035834431648254395,0.004260456655174494,16.41712188720703,-0.07998525351285934,0.4314679801464081
0.03613686189055443,0.004333277698606253,17.03638458251953,-0.07984127104282379,0.4324498176574707
0.036424290388822556,0.004386452492326498,16.56017303466797,-0.079866923391819,0.42799511551856995
0.03626002371311188,0.004356432240456343,17.010282516479492,-0.07957221567630768,0.4302709102630615
0.03632360324263573,0.004403780214488506,16.675737380981445,-0.08013278245925903,0.4287487268447876
0.036284688860177994,0.00438426760956645,16.676847457885742,-0.08000541478395462,0.4277990758419037
0.0358942374587059,0.004277774598449469,16.850793838500977,-0.08042769134044647,0.43124422430992126
0.035834357142448425,0.004275909624993801,16.53728485107422,-0.07954005151987076,0.43059006333351135
0.03614657744765282,0.004350726492702961,16.945863723754883,-0.08025091141462326,0.4326951801776886
0.036355361342430115,0.0044076512567698956,16.995752334594727,-0.07978539168834686,0.4311862289905548
0.036854177713394165,0.004523746203631163,17.323345184326172,-0.07962891459465027,0.43113863468170166
0.03649475798010826,0.004454584326595068,17.540035247802734,-0.07950469851493835,0.4347260296344757
0.03686721250414848,0.004529098980128765,17.607271194458008,-0.08042380213737488,0.4312227666378021
0.03652990609407425,0.004434118513017893,17.54517364501953,-0.07913544774055481,0.429217666387558
0.03695180267095566,0.004590142518281937,17.283695220947266,-0.07975514233112335,0.4278113842010498
0.03680821880698204,0.004489840008318424,17.30936622619629,-0.07925160229206085,0.4344477653503418
0.036595165729522705,0.004453232977539301,17.14984893798828,-0.07941960543394089,0.43098148703575134
0.03677613288164139,0.004469274077564478,17.232337951660156,-0.07999735325574875,0.4280661642551422
0.03685053065419197,0.004504356533288956,17.475614547729492,-0.08037735521793365,0.4279170036315918
0.03630492463707924,0.004350092727690935,17.257570266723633,-0.07956963777542114,0.43261444568634033
0.035671647638082504,0.004215380176901817,16.37928581237793,-0.07992079108953476,0.4348030984401703
0.03669486194849014,0.004480842966586351,17.423967361450195,-0.07949146628379822,0.4326270818710327
0.03585626184940338,0.00426151929423213,16.478004455566406,-0.08029457926750183,0.4360787868499756
0.03564232215285301,0.004199723247438669,16.10859489440918,-0.07948805391788483,0.4312419891357422
0.03538414090871811,0.004135313909500837,15.995946884155273,-0.07959174364805222,0.4319828748703003
0.03500264137983322,0.004089702852070332,15.770804405212402,-0.08038147538900375,0.4348102807998657
0.03497256338596344,0.004053601995110512,16.05217170715332,-0.0797971859574318,0.43646684288978577
0.03474670648574829,0.004020303022116423,15.519085884094238,-0.08013330399990082,0.4326726496219635
0.03510995954275131,0.0041062296368181705,16.523269653320312,-0.08048474788665771,0.43380895256996155
0.035742562264204025,0.0042560710571706295,16.398696899414062,-0.07970623672008514,0.43234047293663025
0.03736785426735878,0.004608539864420891,17.775049209594727,-0.07978484034538269,0.4257788360118866
0.037466879934072495,0.004673817660659552,17.553516387939453,-0.07982724905014038,0.4310832917690277
0.036740612238645554,0.004482514224946499,17.717655181884766,-0.08020623028278351,0.4282424747943878
0.03697521239519119,0.004559392109513283,17.399599075317383,-0.08051466941833496,0.423833966255188
0.03697280213236809,0.004565824288874865,17.0284481048584,-0.07923676818609238,0.4313112795352936
0.036796845495700836,0.00455830991268158,17.704635620117188,-0.08007575571537018,0.42857256531715393
0.036426883190870285,0.004424993880093098,17.031539916992188,-0.07946548610925674,0.4273742139339447
0.03619804605841637,0.004356427118182182,16.7336483001709,-0.07948090136051178,0.42891764640808105
0.03659133240580559,0.0044661895371973515,16.91286277770996,-0.08061983436346054,0.43129420280456543
0.03696148842573166,0.004460780415683985,17.612539291381836,-0.07900577038526535,0.4294995367527008
0.035912010818719864,0.00430264649912715,16.867656707763672,-0.08032352477312088,0.4325040876865387
0.03619445115327835,0.004333600867539644,16.631271362304688,-0.07945331931114197,0.4318182170391083
0.035701654851436615,0.0042236302979290485,16.40367317199707,-0.08001469820737839,0.432052880525589
0.03549465164542198,0.004210189916193485,16.059741973876953,-0.08003757894039154,0.4333359897136688
0.03521500900387764,0.004133870825171471,15.987174034118652,-0.08017861098051071,0.43678510189056396
0.035415228456258774,0.004152680281549692,16.451581954956055,-0.08005008101463318,0.4336503744125366
0.0365326926112175,0.004412053618580103,17.39348602294922,-0.07937426120042801,0.4278830289840698
0.036704983562231064,0.004458065610378981,17.219491958618164,-0.08036961406469345,0.42771443724632263
0.03598768264055252,0.004326818976551294,16.308334350585938,-0.08008038252592087,0.4298916757106781
0.03607475012540817,0.004313903395086527,17.32820701599121,-0.08000767976045609,0.43376097083091736
0.03576120734214783,0.004249453544616699,16.115943908691406,-0.07906907796859741,0.433390736579895
0.035240281373262405,0.004128139000386,16.738948822021484,-0.08055958151817322,0.4371909201145172
0.0348702073097229,0.004019552376121283,16.039306640625,-0.07968029379844666,0.4326286315917969
0.03483230993151665,0.004052719101309776,15.808688163757324,-0.08129718899726868,0.4362204968929291
0.03498278185725212,0.004046234767884016,15.87618350982666,-0.07977452874183655,0.4348107874393463
0.03497971221804619,0.004044160712510347,15.54297161102295,-0.07939732074737549,0.4362638294696808
0.03535991534590721,0.004144177306443453,16.339818954467773,-0.08028756827116013,0.43610215187072754
0.035920046269893646,0.004295390099287033,16.697420120239258,-0.08005601912736893,0.4312892258167267
0.03590059280395508,0.004286416806280613,16.70669174194336,-0.07991374284029007,0.4353351593017578
0.03559014946222305,0.004185280296951532,16.90492057800293,-0.07938401401042938,0.4332179129123688
0.03516433387994766,0.0041313813999295235,15.702392578125,-0.08026599138975143,0.4353574812412262
0.03534339740872383,0.004131046123802662,16.409605026245117,-0.0801006555557251,0.4360567033290863
0.035365618765354156,0.004119603894650936,16.661182403564453,-0.08038347214460373,0.43675553798675537
0.03620041534304619,0.0043012904934585094,17.381696701049805,-0.07917365431785583,0.4331485331058502
0.03609907999634743,0.004319516941905022,16.856250762939453,-0.08073629438877106,0.4366607666015625
0.03589232638478279,0.004293255973607302,16.606918334960938,-0.07938014715909958,0.4284016191959381
0.0361054427921772,0.004293241072446108,17.289464950561523,-0.08068535476922989,0.4310835897922516
0.03641597926616669,0.004354660864919424,16.710830688476562,-0.07952627539634705,0.43458688259124756
0.03542863205075264,0.004177572205662727,16.72165870666504,-0.08007924258708954,0.43479880690574646
0.03537975624203682,0.004155105911195278,16.194936752319336,-0.08041432499885559,0.43493255972862244
0.03504009544849396,0.004080740734934807,16.032955169677734,-0.07999087125062943,0.43627437949180603
0.03572924807667732,0.004196669906377792,16.935562133789062,-0.0797511637210846,0.43629786372184753
0.03523557633161545,0.004110265523195267,15.969682693481445,-0.08071571588516235,0.43386444449424744
0.03548421710729599,0.004159752279520035,16.483057022094727,-0.07956668734550476,0.43646717071533203
0.03510946407914162,0.004052783362567425,16.11069107055664,-0.07986640185117722,0.43508899211883545
0.035539641976356506,0.004159807227551937,16.12972640991211,-0.08035845309495926,0.4330745041370392
0.03540397435426712,0.004196445923298597,16.797895431518555,-0.08004778623580933,0.436408132314682
0.036281734704971313,0.004374625161290169,17.19752311706543,-0.08021602034568787,0.432450532913208
0.0368083193898201,0.0045566982589662075,17.496435165405273,-0.07955798506736755,0.4335874021053314
0.037016648799180984,0.004578553140163422,17.67137908935547,-0.08058878034353256,0.43251833319664
0.03678206726908684,0.004491690546274185,17.56757354736328,-0.07943879812955856,0.43449267745018005
0.03597749397158623,0.004291335120797157,16.692005157470703,-0.07980330288410187,0.43114277720451355
0.034628018736839294,0.003994815982878208,15.426056861877441,-0.08022552728652954,0.4338144063949585
0.034672562032938004,0.003979649394750595,15.901618003845215,-0.08050248771905899,0.43872249126434326
0.03480396047234535,0.004009920172393322,16.173686981201172,-0.08007808029651642,0.43729308247566223
0.035454679280519485,0.004162599332630634,16.748149871826172,-0.08038249611854553,0.4303213655948639
0.035718586295843124,0.004175973124802113,16.81685447692871,-0.08036340773105621,0.43652430176734924
0.03458067774772644,0.003969548270106316,15.78781509399414,-0.07998290657997131,0.4359261095523834
0.03448832035064697,0.0039339312352240086,16.051692962646484,-0.08035437017679214,0.4339875280857086
0.035539817065000534,0.004196189343929291,16.376483917236328,-0.08024471253156662,0.4315017759799957
0.03669353201985359,0.004417174030095339,17.07038688659668,-0.07941166311502457,0.433269739151001
0.03691564500331879,0.004505460616201162,17.670133590698242,-0.08014841377735138,0.4319298267364502
0.03641519695520401,0.004406042397022247,16.94068717956543,-0.0789652094244957,0.4334748685359955
0.03498632460832596,0.004050848074257374,16.259777069091797,-0.08168350160121918,0.4337044656276703
0.03551372140645981,0.004200163763016462,16.51805305480957,-0.07962584495544434,0.4354538023471832
0.03537201136350632,0.004150701686739922,16.346435546875,-0.08003154397010803,0.43617546558380127
0.03595435246825218,0.004299444612115622,16.66058921813965,-0.08027202636003494,0.4362706243991852
0.03638556972146034,0.00438431091606617,17.410991668701172,-0.07970371097326279,0.4315495193004608
0.035865649580955505,0.004248038399964571,17.065021514892578,-0.07992769032716751,0.4338475167751312
0.035197168588638306,0.004106433130800724,16.1064510345459,-0.07950159162282944,0.4380849301815033
0.03459593281149864,0.003988583106547594,15.639948844909668,-0.08093704283237457,0.44030818343162537
0.034380219876766205,0.0039025149308145046,15.707941055297852,-0.08000995963811874,0.4412458837032318
0.03417208790779114,0.0038778623566031456,15.576828956604004,-0.0797414630651474,0.4393893778324127
0.03428701311349869,0.003899532603099942,15.598156929016113,-0.0801592618227005,0.4392355680465698
0.03416959196329117,0.003865467617288232,15.792814254760742,-0.08024775981903076,0.439725399017334
0.034420426934957504,0.003922278992831707,16.161714553833008,-0.08038123697042465,0.4388079345226288
0.03404093533754349,0.0038587450981140137,15.252181053161621,-0.08050201833248138,0.43645569682121277
0.03531603515148163,0.004087150562554598,16.47941780090332,-0.07931456714868546,0.4385233223438263
0.034651778638362885,0.003996503073722124,16.25731658935547,-0.08042566478252411,0.43387213349342346
0.036097146570682526,0.0043092090636491776,17.340200424194336,-0.08011022210121155,0.43171629309654236
0.03498893976211548,0.004060022067278624,16.12405014038086,-0.08018238842487335,0.4392925500869751
0.03475051373243332,0.003993996884673834,16.217693328857422,-0.08039239794015884,0.4366471767425537
0.03425012528896332,0.0038952245377004147,15.770220756530762,-0.08013443648815155,0.43859973549842834
0.03440093621611595,0.0039007540326565504,15.617846488952637,-0.07988227903842926,0.4393034875392914
0.034318823367357254,0.0038868803530931473,15.794621467590332,-0.08058413863182068,0.4390230178833008
0.03460884466767311,0.003966647665947676,15.992260932922363,-0.0813160091638565,0.4350191354751587
0.034246791154146194,0.0038794614374637604,15.516955375671387,-0.07950838655233383,0.43911829590797424
0.034806571900844574,0.004000015091150999,16.426645278930664,-0.08062750101089478,0.43466877937316895
0.03513665497303009,0.004077364224940538,16.206287384033203,-0.0799582228064537,0.4372003972530365
0.03453195467591286,0.003944849595427513,16.016563415527344,-0.08038393408060074,0.4388662576675415
0.03444448858499527,0.0039061533752828836,15.523115158081055,-0.0795430913567543,0.43935537338256836
0.03426923602819443,0.003877247218042612,15.693108558654785,-0.08040177077054977,0.434908002614975
0.034638483077287674,0.003952494356781244,16.090389251708984,-0.08061104267835617,0.4366414546966553
0.03440556675195694,0.003941246308386326,15.833099365234375,-0.07953197509050369,0.4362490475177765
0.034957244992256165,0.0040795812383294106,16.30483627319336,-0.08112330734729767,0.43678680062294006
0.03422628715634346,0.003885929472744465,15.632731437683105,-0.07994414120912552,0.43904152512550354
0.03446018323302269,0.003916952293366194,15.938880920410156,-0.0799499899148941,0.43846121430397034
0.034338708966970444,0.003917064983397722,15.215771675109863,-0.08040982484817505,0.43861278891563416
0.03457175940275192,0.003940718248486519,16.382963180541992,-0.08076157420873642,0.43437424302101135
0.034611087292432785,0.003948408178985119,15.829781532287598,-0.07952629029750824,0.4376121461391449
0.03484120965003967,0.003998506814241409,16.503084182739258,-0.0808643028140068,0.4375389516353607
0.03496077284216881,0.004054290242493153,15.996847152709961,-0.07999659329652786,0.43721508979797363
0.03540094196796417,0.004196785390377045,16.612916946411133,-0.08096443116664886,0.4351498782634735
0.03522395342588425,0.004110308364033699,16.52652359008789,-0.07942598313093185,0.43679341673851013
0.03563763201236725,0.004195208195596933,16.5190372467041,-0.07998837530612946,0.43722185492515564
0.035014841705560684,0.004056563135236502,16.215190887451172,-0.0804462730884552,0.44039544463157654
0.035652656108140945,0.004194554407149553,16.884048461914062,-0.07929380238056183,0.43617430329322815
0.0359102264046669,0.00426571536809206,16.65468406677246,-0.0799439325928688,0.4364526569843292
0.03572772443294525,0.004227763507515192,16.67414093017578,-0.07993572950363159,0.4314543902873993
0.03503900021314621,0.004052349831908941,16.389535903930664,-0.08081745356321335,0.4366011619567871
0.035144247114658356,0.004081318620592356,16.507665634155273,-0.0794019103050232,0.43631482124328613
0.035495467483997345,0.0041635120287537575,16.891326904296875,-0.08099473267793655,0.43591082096099854
0.03495403751730919,0.004064010456204414,16.442127227783203,-0.0799659788608551,0.4370856285095215
0.0347965806722641,0.004032002296298742,15.746017456054688,-0.08019964396953583,0.4388110637664795
0.03401459380984306,0.003834828268736601,15.262605667114258,-0.08076179772615433,0.43623554706573486
0.03453027456998825,0.003928779158741236,15.783679008483887,-0.08001316338777542,0.437426894903183
0.03377338871359825,0.0038056771736592054,15.498038291931152,-0.07991691678762436,0.4404141902923584
0.03434108570218086,0.0039099110290408134,15.903671264648438,-0.08103334903717041,0.4356502592563629
0.03417778015136719,0.003856746479868889,15.862405776977539,-0.08024915307760239,0.4358566701412201
0.034394554793834686,0.003907320089638233,15.72265625,-0.08024519681930542,0.43645724654197693
0.03474891558289528,0.003988737240433693,16.310274124145508,-0.08009345829486847,0.43904343247413635
0.034620124846696854,0.003941296134144068,16.07935333251953,-0.08008778095245361,0.43794986605644226
0.034148987382650375,0.003835508832708001,15.303772926330566,-0.0805254578590393,0.4384903609752655
0.03452848270535469,0.003916813526302576,15.80715274810791,-0.07969869673252106,0.43911466002464294
0.03563842177391052,0.004198961891233921,16.59813690185547,-0.08009860664606094,0.43643292784690857
0.03466194123029709,0.003993304446339607,16.052797317504883,-0.08064620196819305,0.439403772354126
0.03440994769334793,0.003915351815521717,15.801229476928711,-0.08048046380281448,0.4402807950973511
0.03384947404265404,0.0038001437205821276,15.496315002441406,-0.07987646013498306,0.44119057059288025
0.03417832404375076,0.0038626512978225946,15.804503440856934,-0.08013582229614258,0.4381136894226074
0.0349610410630703,0.004032345954328775,16.69257926940918,-0.08027870208024979,0.44078704714775085
0.03557387366890907,0.004201742820441723,16.968294143676758,-0.08042722940444946,0.43474531173706055
0.03550206869840622,0.004193206783384085,17.38671875,-0.0797368735074997,0.4358161389827728
0.03534112125635147,0.004086062777787447,16.017335891723633,-0.08045444637537003,0.4369313716888428
0.034851282835006714,0.004010950215160847,16.3750057220459,-0.08124783635139465,0.4369986057281494
0.03416609764099121,0.0038710779044777155,15.919683456420898,-0.07931595295667648,0.440514475107193
0.0342155359685421,0.0038817226886749268,15.832090377807617,-0.08069785684347153,0.44159135222435
0.03533872589468956,0.00414688978344202,16.73157501220703,-0.08001343160867691,0.435666561126709
0.03470587730407715,0.003950329963117838,16.053503036499023,-0.08051425218582153,0.4360865354537964
0.03439290449023247,0.003916850313544273,16.054826736450195,-0.07979967445135117,0.4408600628376007
0.034211818128824234,0.0038581315893679857,15.920238494873047,-0.08049315214157104,0.4370591640472412
0.03424782678484917,0.0038580631371587515,16.110475540161133,-0.07976794242858887,0.43966659903526306
0.033582642674446106,0.003711308818310499,15.381077766418457,-0.08132623881101608,0.44212326407432556
0.03379363566637039,0.0037347578909248114,15.691588401794434,-0.07968144863843918,0.4369148015975952
0.03354237973690033,0.003714916994795203,14.984910011291504,-0.08075746893882751,0.4407961368560791
0.033692866563797,0.0037479293532669544,15.36941146850586,-0.07989337295293808,0.4404573142528534
0.03463785722851753,0.003950155805796385,16.396997451782227,-0.08032973110675812,0.43957915902137756
0.034986283630132675,0.004065339453518391,16.538780212402344,-0.08113068342208862,0.43669188022613525
0.03479570522904396,0.003977791406214237,15.730155944824219,-0.08023282140493393,0.43550339341163635
0.033911753445863724,0.0037948559038341045,15.314250946044922,-0.08077540993690491,0.44117817282676697
0.03419104963541031,0.003860365366563201,15.746088981628418,-0.08009658753871918,0.43891027569770813
0.03415615111589432,0.0038532710168510675,16.088041305541992,-0.08030920475721359,0.4388836920261383
0.03398680314421654,0.0037944584619253874,15.70002269744873,-0.0797131136059761,0.4358097016811371
0.03377724066376686,0.003751796903088689,15.39423656463623,-0.08036304265260696,0.439267635345459
0.033708639442920685,0.0037359236739575863,15.919742584228516,-0.08004413545131683,0.4393332004547119
0.033273905515670776,0.0036419800017029047,14.908864974975586,-0.08061664551496506,0.4376508295536041
0.03398087993264198,0.0038363030180335045,15.292603492736816,-0.08041693270206451,0.44145467877388
0.03457498177886009,0.003936648368835449,16.007450103759766,-0.08015070855617523,0.44066715240478516
0.035236239433288574,0.0041142418049275875,16.438777923583984,-0.08121587336063385,0.43457531929016113
0.03552517667412758,0.004164513200521469,16.678464889526367,-0.07964489609003067,0.4319722652435303
0.034807536751031876,0.003989122342318296,16.030046463012695,-0.07964231818914413,0.43806615471839905
0.03346625715494156,0.0036873812787234783,15.198281288146973,-0.08111321181058884,0.4389137923717499
0.03360973298549652,0.003724442096427083,15.18545913696289,-0.07984369993209839,0.4426547586917877
0.03349741920828819,0.0036982945166528225,15.157919883728027,-0.08105940371751785,0.44278883934020996
0.03355307877063751,0.00371891469694674,15.077564239501953,-0.08023308962583542,0.44308316707611084
0.03379259631037712,0.0037720692344009876,15.947134971618652,-0.08070921152830124,0.4434164762496948
0.033382996916770935,0.0036604467313736677,15.571975708007812,-0.07992330938577652,0.438553124666214
0.03369404375553131,0.0037050910759717226,15.477423667907715,-0.08069869130849838,0.43925294280052185
0.03310287371277809,0.003600475611165166,14.909003257751465,-0.07998518645763397,0.441246896982193
0.032833997160196304,0.0035633675288408995,14.591136932373047,-0.08120962232351303,0.4438145160675049
0.03278582543134689,0.003552188165485859,14.82093334197998,-0.07978782057762146,0.4436774253845215
0.03377082571387291,0.0037969667464494705,15.874009132385254,-0.08116123825311661,0.4412705898284912
0.034118179231882095,0.003834349103271961,15.243412017822266,-0.07991720736026764,0.4357616901397705
0.03385879844427109,0.0037780296988785267,16.057674407958984,-0.08012700825929642,0.4397963285446167
0.03452848270535469,0.0038871238939464092,15.538250923156738,-0.08022221177816391,0.43739184737205505
0.0344005711376667,0.0038751401007175446,16.250276565551758,-0.08048694580793381,0.440214067697525
0.03388739377260208,0.003779452294111252,15.650045394897461,-0.081218421459198,0.44118228554725647
0.034057777374982834,0.0038067633286118507,15.935303688049316,-0.07987503707408905,0.43904876708984375
0.03394510596990585,0.0038147836457937956,15.535374641418457,-0.08067461103200912,0.43683114647865295
0.03354278579354286,0.0037159270141273737,15.558846473693848,-0.0804668515920639,0.4376254081726074
0.033283405005931854,0.0036675320006906986,15.259207725524902,-0.08026304095983505,0.44105613231658936
0.033367738127708435,0.0036665350198745728,15.339639663696289,-0.08061876893043518,0.4426378011703491
0.033245377242565155,0.0036627911031246185,14.828959465026855,-0.08005479723215103,0.44242581725120544
0.03367351368069649,0.003735878271982074,15.883267402648926,-0.0809842050075531,0.44200384616851807
0.03445902466773987,0.003928536549210548,15.993563652038574,-0.07955271005630493,0.43931809067726135
0.0337415486574173,0.00374809093773365,15.709205627441406,-0.08134108781814575,0.4383643567562103
0.03373986482620239,0.003747380105778575,16.022138595581055,-0.08061623573303223,0.4410127103328705
0.034161366522312164,0.0038307521026581526,15.536046028137207,-0.07993713021278381,0.4397318363189697
0.03392524644732475,0.0037888875231146812,15.6673002243042,-0.08104974031448364,0.4403393268585205
0.03387840837240219,0.0038094930350780487,15.811613082885742,-0.08008455485105515,0.4382222890853882
0.033117540180683136,0.003597809700295329,15.037656784057617,-0.08084818720817566,0.4412674903869629
0.03254138305783272,0.003495343029499054,14.781996726989746,-0.08025787025690079,0.44027331471443176
0.032274652272462845,0.0034217885695397854,14.364960670471191,-0.08062281459569931,0.4453628957271576
0.032277580350637436,0.003455405356362462,14.036771774291992,-0.08033625036478043,0.4432103633880615
0.03258821740746498,0.00350412935949862,14.588083267211914,-0.08055496960878372,0.44321832060813904
0.03301181644201279,0.0036127232015132904,14.951925277709961,-0.08108945190906525,0.44307705760002136
0.03347064554691315,0.0037226059939712286,15.188678741455078,-0.08016560226678848,0.4419619143009186
0.033226776868104935,0.0036246944218873978,15.036049842834473,-0.08086507767438889,0.43893882632255554
0.033254530280828476,0.0036648677196353674,15.305880546569824,-0.079946368932724,0.4411252439022064
0.03327072039246559,0.0036529693752527237,15.642362594604492,-0.08114810287952423,0.4396217167377472
0.03352413326501846,0.0036888555623590946,15.325645446777344,-0.08023059368133545,0.4408583343029022
0.033321820199489594,0.00365348975174129,14.812994003295898,-0.08084253966808319,0.4392482340335846
0.0330643430352211,0.0036069005727767944,14.756107330322266,-0.08073515444993973,0.4441799819469452
0.032679010182619095,0.0035213662777096033,14.777901649475098,-0.08034249395132065,0.44614946842193604
0.033231496810913086,0.0036817241925746202,15.540369987487793,-0.08088719099760056,0.4436649978160858
0.03364633396267891,0.003719651373103261,15.442261695861816,-0.0806942954659462,0.43727907538414
0.03331160172820091,0.0036682363133877516,14.999176979064941,-0.08004117757081985,0.4408729374408722
0.03312087804079056,0.0036141660530120134,15.211247444152832,-0.08090880513191223,0.44024956226348877
0.03358609974384308,0.0037370913196355104,15.37954330444336,-0.08026298135519028,0.4413611888885498
0.03356948494911194,0.0037530725821852684,15.395959854125977,-0.08047235012054443,0.44201159477233887
0.03378286585211754,0.0037812974769622087,15.705036163330078,-0.08161499351263046,0.4425744116306305
0.03391784057021141,0.003744286485016346,15.941523551940918,-0.08017642796039581,0.4366566240787506
0.03354610130190849,0.0036733420565724373,15.239398002624512,-0.07953415811061859,0.4411435127258301
0.03318001702427864,0.0036024083383381367,14.907835960388184,-0.08122232556343079,0.4433380365371704
0.03341537341475487,0.0036680568009614944,14.880934715270996,-0.08053560554981232,0.439336895942688
0.03414807841181755,0.003835453651845455,15.833560943603516,-0.08012538403272629,0.4403485953807831
0.03340102359652519,0.00366199784912169,15.22729778289795,-0.08158170431852341,0.4424024522304535
0.03360453248023987,0.0037086233496665955,15.743497848510742,-0.07974543422460556,0.44186830520629883
0.0337691493332386,0.003755085403099656,15.381146430969238,-0.08080834895372391,0.43750619888305664
0.033791445195674896,0.0037823133170604706,15.736851692199707,-0.08045554161071777,0.4428832530975342
0.033641472458839417,0.003747927723452449,15.328547477722168,-0.08038920909166336,0.44410833716392517
0.034403346478939056,0.0038829613476991653,16.612625122070312,-0.0805206373333931,0.4334920644760132
0.03322998806834221,0.003615180728957057,14.954435348510742,-0.0808333232998848,0.44282689690589905
0.03283805400133133,0.0035415682941675186,14.928963661193848,-0.07924438267946243,0.443273663520813
0.03257673233747482,0.003481518942862749,14.553000450134277,-0.08102133125066757,0.4438241422176361
0.03256482258439064,0.003488444024696946,14.814648628234863,-0.08115921169519424,0.44399189949035645
0.0326077938079834,0.0034904719796031713,14.59035587310791,-0.08050499856472015,0.4442281723022461
0.0326361246407032,0.0035022366791963577,14.82348346710205,-0.07998137921094894,0.44377681612968445
0.033406324684619904,0.003688499331474304,15.349780082702637,-0.0815577432513237,0.4434828758239746
0.03313944861292839,0.0036259624175727367,15.503458023071289,-0.08081255108118057,0.4408417046070099
0.03346304967999458,0.0036785732954740524,15.052467346191406,-0.08001475781202316,0.4415452480316162
0.03339489549398422,0.0036983180325478315,15.050414085388184,-0.08134962618350983,0.442050963640213
0.033386457711458206,0.0036524238530546427,15.391914367675781,-0.07979119569063187,0.4434077739715576
0.03341647610068321,0.0036819681990891695,15.813214302062988,-0.08121280372142792,0.44078949093818665
0.03342096507549286,0.003650608006864786,15.166943550109863,-0.08051849156618118,0.44364556670188904
0.03371398150920868,0.003767987946048379,15.290188789367676,-0.08015120029449463,0.44104814529418945
0.033932048827409744,0.0037740611005574465,16.048351287841797,-0.07997052371501923,0.44058260321617126
0.03407703712582588,0.003818956669420004,16.116554260253906,-0.0811607763171196,0.4394510090351105
0.033623240888118744,0.0037062885239720345,15.561010360717773,-0.07996762543916702,0.4416339695453644
0.03312722593545914,0.0035894359461963177,15.105305671691895,-0.08083517849445343,0.44013532996177673
0.03259863331913948,0.0035101384855806828,14.695982933044434,-0.07998564094305038,0.4438770115375519
0.03257051110267639,0.0034785298630595207,14.91508960723877,-0.08105885982513428,0.44428059458732605
0.03216283395886421,0.0034209666773676872,14.907136917114258,-0.0806136429309845,0.4444171190261841
0.03219423443078995,0.0034502269700169563,14.319751739501953,-0.08014623075723648,0.44405457377433777
0.03233833238482475,0.0034432176034897566,14.632389068603516,-0.08122099936008453,0.4451634883880615
0.032072875648736954,0.003387214383110404,14.126566886901855,-0.08090859651565552,0.44455981254577637
0.0321633405983448,0.003416009247303009,14.414497375488281,-0.08070001751184464,0.44429337978363037
0.032179705798625946,0.0034012491814792156,14.64426040649414,-0.08030480891466141,0.44466233253479004
0.03249168023467064,0.0034807762131094933,14.928145408630371,-0.08077980577945709,0.44391298294067383
0.0326298289000988,0.0035169566981494427,15.072311401367188,-0.08118660002946854,0.44445106387138367
0.032471220940351486,0.0034680564422160387,14.812541961669922,-0.08054804056882858,0.4442446529865265
0.03235678747296333,0.003459495259448886,14.846199989318848,-0.08029715716838837,0.441919207572937
0.03289870545268059,0.0035650180652737617,15.13808822631836,-0.08193568140268326,0.4447859823703766
0.033375151455402374,0.0036801707465201616,15.432830810546875,-0.08023471385240555,0.44374632835388184
0.0343894399702549,0.003923522308468819,16.180805206298828,-0.07996390759944916,0.4343770444393158
0.03506258502602577,0.0041021802462637424,16.923511505126953,-0.07995394617319107,0.4382435083389282
0.03531986474990845,0.004104157444089651,16.879417419433594,-0.08073226362466812,0.43401601910591125
0.034033309668302536,0.0037957988679409027,16.083797454833984,-0.08125383406877518,0.4380316436290741
0.0332842580974102,0.003632162231951952,15.504657745361328,-0.08031300455331802,0.4416112005710602
0.03284158185124397,0.003572654677554965,15.18653678894043,-0.08063104748725891,0.443466454744339
0.03307662531733513,0.003584999358281493,15.031254768371582,-0.08022389560937881,0.4418105185031891
0.03218037635087967,0.003393772756680846,14.469159126281738,-0.08120525628328323,0.4461580216884613
0.03188399225473404,0.00336234993301332,14.379459381103516,-0.08093347400426865,0.4457918405532837
0.03188559040427208,0.0033496874384582043,14.20604133605957,-0.08081330358982086,0.44561120867729187
0.03193078190088272,0.00336915859952569,14.162885665893555,-0.0803908258676529,0.446790486574173
0.03176300227642059,0.003312499262392521,14.324641227722168,-0.08119763433933258,0.44507071375846863
0.03213469311594963,0.003399874782189727,14.671899795532227,-0.08052051067352295,0.4448946416378021
0.032197460532188416,0.0034104548394680023,14.636362075805664,-0.08095210790634155,0.4450357258319855
0.03235567733645439,0.003456819336861372,14.66391372680664,-0.08104068040847778,0.44376063346862793
0.0325942263007164,0.0034896761644631624,14.948837280273438,-0.08029995113611221,0.4410761892795563
0.03284277766942978,0.003546039341017604,15.192004203796387,-0.08070123940706253,0.4392334222793579
0.03294902294874191,0.003589153988286853,15.430900573730469,-0.0809033066034317,0.4439661204814911
0.03374745324254036,0.0037443817127496004,15.773838996887207,-0.08024763315916061,0.4411810636520386
0.03271544352173805,0.0035326823126524687,14.861224174499512,-0.08096732944250107,0.4434661567211151
0.03308817744255066,0.003601588075980544,15.175227165222168,-0.08108913153409958,0.4430124759674072
0.03343113884329796,0.0036849251482635736,15.542160034179688,-0.07985308766365051,0.44006121158599854
0.032852593809366226,0.003553618909791112,15.329598426818848,-0.08139198273420334,0.4374738931655884
0.03282348811626434,0.003536275355145335,15.403843879699707,-0.08040118962526321,0.4436609745025635
0.032229624688625336,0.0034071921836584806,13.995404243469238,-0.08057299256324768,0.4457053244113922
0.03164493665099144,0.0032914774492383003,14.070783615112305,-0.08070049434900284,0.44459787011146545
0.031612541526556015,0.003306878497824073,14.237401008605957,-0.08101023733615875,0.44697365164756775
0.03164318948984146,0.0033093912061303854,13.866987228393555,-0.08113698661327362,0.44504669308662415
0.03184935823082924,0.00332935550250113,14.43402099609375,-0.08105627447366714,0.4458552598953247
0.032084960490465164,0.003370895516127348,14.20168685913086,-0.07998396456241608,0.4448491036891937
0.0316404365003109,0.0033110936637967825,14.060162544250488,-0.08105785399675369,0.44403910636901855
0.03200001269578934,0.0034170716535300016,14.533853530883789,-0.08091408014297485,0.4401938021183014
0.03234352916479111,0.0034431940875947475,15.248924255371094,-0.08110330253839493,0.4413323402404785
0.032422151416540146,0.003457186510786414,14.704404830932617,-0.08040288835763931,0.44506916403770447
0.032493773847818375,0.0034587185364216566,14.904151916503906,-0.0812692865729332,0.44306835532188416
0.03273380920290947,0.0035144605208188295,15.05374526977539,-0.08081839978694916,0.43875184655189514
0.03271869197487831,0.0035086863208562136,15.12702465057373,-0.08043594658374786,0.4421907365322113
0.03267200291156769,0.0034979190677404404,15.432323455810547,-0.08100470900535583,0.4439058303833008
0.03262675181031227,0.0035099629312753677,15.22430419921875,-0.08014795184135437,0.44532468914985657
0.03342675417661667,0.0036665673833340406,15.643543243408203,-0.08116781711578369,0.44268345832824707
0.03389344736933708,0.003812967799603939,15.922913551330566,-0.08002004772424698,0.44143131375312805
0.03283146023750305,0.003594275563955307,14.976363182067871,-0.08044160157442093,0.44352880120277405
0.03281561657786369,0.0035269937943667173,14.658605575561523,-0.0811157301068306,0.4439469277858734
0.03233421966433525,0.0034454092383384705,15.290715217590332,-0.08095431327819824,0.44493794441223145
0.03184082731604576,0.003337997244670987,13.95610523223877,-0.08002219349145889,0.44165506958961487
0.03336580842733383,0.003697465406730771,15.369256019592285,-0.08144751936197281,0.4435981512069702
0.03453056514263153,0.003965653944760561,16.29686737060547,-0.07953247427940369,0.43766793608665466
0.03503076359629631,0.004011204931885004,16.83536720275879,-0.08154471963644028,0.440403014421463
0.03521062061190605,0.004140833858400583,16.876638412475586,-0.07975509017705917,0.4382282793521881
0.03436112776398659,0.0038885027170181274,16.01996421813965,-0.08044447749853134,0.4351222515106201
0.03377039358019829,0.003722484689205885,15.43256664276123,-0.08151276409626007,0.4401484727859497
0.03295932337641716,0.003543326398357749,15.49736499786377,-0.08003484457731247,0.44359922409057617
0.032075509428977966,0.00339792319573462,14.814270973205566,-0.08122336119413376,0.44482553005218506
0.03219451755285263,0.0034241126850247383,14.817185401916504,-0.08168201148509979,0.44354405999183655
0.031935740262269974,0.0033453027717769146,14.446895599365234,-0.08094071596860886,0.44460543990135193
0.03155883774161339,0.003279844531789422,14.054524421691895,-0.0797802284359932,0.44353345036506653
0.03188818320631981,0.0033566239289939404,14.276408195495605,-0.08035808801651001,0.4447152316570282
0.03228750824928284,0.0034582812804728746,14.747812271118164,-0.08103691786527634,0.4446218013763428
0.03269898146390915,0.0035509609151631594,14.962359428405762,-0.08122546970844269,0.4423089921474457
0.032561659812927246,0.003519826103001833,15.368056297302246,-0.08072088658809662,0.44538840651512146
0.03281594067811966,0.0035185583401471376,14.933804512023926,-0.07997414469718933,0.4430887699127197
0.03226839378476143,0.0034146965481340885,14.663352966308594,-0.08162868022918701,0.4451903998851776
0.03218194469809532,0.0033946633338928223,14.79149341583252,-0.08060476183891296,0.44407692551612854
0.03130555525422096,0.0032610229682177305,13.998757362365723,-0.08100229501724243,0.4467029273509979
0.031255804002285004,0.003239235607907176,13.983343124389648,-0.0804692804813385,0.4453500807285309
0.031560689210891724,0.003301489632576704,13.975375175476074,-0.08113297075033188,0.44575610756874084
0.031223325058817863,0.0032270997762680054,13.950801849365234,-0.08085018396377563,0.44524455070495605
0.031846024096012115,0.003336729248985648,14.164669036865234,-0.08041680604219437,0.44473347067832947
0.03202259540557861,0.003355319146066904,14.652642250061035,-0.08114452660083771,0.44583582878112793
0.03176697716116905,0.003325947094708681,14.248478889465332,-0.08130819350481033,0.4463607966899872
0.03254205361008644,0.0034653102047741413,15.305011749267578,-0.07975819706916809,0.43980512022972107
0.032445382326841354,0.0034617139026522636,14.897833824157715,-0.08161456882953644,0.4457191526889801
0.03207804635167122,0.0033794380724430084,14.866758346557617,-0.08045115321874619,0.4415697157382965
0.032431188970804214,0.0034665591083467007,14.306296348571777,-0.08054769039154053,0.4399365484714508
0.03183652460575104,0.0033551447559148073,14.595786094665527,-0.08133821934461594,0.445586234331131
0.0323687382042408,0.003437061794102192,15.07841682434082,-0.08034691214561462,0.4446541965007782
0.032367341220378876,0.003479486797004938,15.198161125183105,-0.08141182363033295,0.4444429874420166
0.03217658773064613,0.003408193588256836,14.434423446655273,-0.08037744462490082,0.44257792830467224
0.0318356454372406,0.0033385977149009705,14.693926811218262,-0.08114203810691833,0.4430557191371918
0.031740639358758926,0.0033273363951593637,14.416467666625977,-0.08100394904613495,0.44373688101768494
0.03218631446361542,0.003414497245103121,14.453508377075195,-0.08042220771312714,0.4394015967845917
0.03273949772119522,0.0035328499507158995,15.394662857055664,-0.0810215175151825,0.4395120441913605
0.032803453505039215,0.003581797704100609,15.324963569641113,-0.08086319267749786,0.44354304671287537
0.03325420618057251,0.0036247516982257366,15.777056694030762,-0.07981366664171219,0.443030446767807
0.03568781912326813,0.004279054701328278,17.65983772277832,-0.08100134879350662,0.43548575043678284
0.035806600004434586,0.004313333425670862,16.61587905883789,-0.08073807507753372,0.4370986223220825
0.03442572429776192,0.003900919109582901,16.47736358642578,-0.07986482232809067,0.44055184721946716
0.03273358941078186,0.003530278569087386,14.990452766418457,-0.08031809329986572,0.44112324714660645
0.03259216621518135,0.003501767525449395,14.882732391357422,-0.08119316399097443,0.4437638819217682
0.032191772013902664,0.0033888614270836115,14.496305465698242,-0.08034048974514008,0.44085898995399475
0.03143816441297531,0.0032786945812404156,14.00904369354248,-0.08147642016410828,0.4453718364238739
0.031049899756908417,0.0031850947998464108,13.809094429016113,-0.08098526298999786,0.4430796205997467
0.030513856559991837,0.003093024017289281,13.468929290771484,-0.08084481209516525,0.44435033202171326
0.03048807382583618,0.003054293803870678,13.3973970413208,-0.08100265264511108,0.44611337780952454
0.030621325597167015,0.003107480937615037,13.616366386413574,-0.08100949972867966,0.4461967945098877
0.03085949271917343,0.00313173676840961,13.446476936340332,-0.08099621534347534,0.4477565288543701
0.031041834503412247,0.003164357040077448,13.926061630249023,-0.08071600645780563,0.44265851378440857
0.031257279217243195,0.003228213172405958,14.014327049255371,-0.08113495260477066,0.44183167815208435
0.03143151104450226,0.0032333594281226397,14.447585105895996,-0.08084835857152939,0.44221773743629456
0.030777592211961746,0.003146921284496784,13.712440490722656,-0.08113586157560349,0.44668343663215637
0.03063884563744068,0.0030982575844973326,13.874049186706543,-0.08109986782073975,0.4471660852432251
0.031052030622959137,0.003180657047778368,13.683484077453613,-0.08031339198350906,0.4437685012817383
0.03203342482447624,0.0033309932332485914,14.699921607971191,-0.08069567382335663,0.446774959564209
0.03165137767791748,0.0032978386152535677,14.353568077087402,-0.08128917217254639,0.4430053234100342
0.032545365393161774,0.0034445307683199644,15.069565773010254,-0.0807126834988594,0.44412490725517273
0.032182399183511734,0.0033956582192331553,14.414779663085938,-0.08126665651798248,0.44485974311828613
0.031640827655792236,0.003318663453683257,14.730868339538574,-0.08066873997449875,0.44153472781181335
0.031052453443408012,0.003193647600710392,13.821843147277832,-0.08148147165775299,0.44583451747894287
0.03086072951555252,0.0031135031022131443,13.912897109985352,-0.08032974600791931,0.44590428471565247
0.030845288187265396,0.0031330648344010115,13.278651237487793,-0.08134820312261581,0.44837161898612976
0.03106027841567993,0.003164875553920865,14.140337944030762,-0.08025668561458588,0.44590362906455994
0.031112419441342354,0.0031723694410175085,13.608757019042969,-0.08109493553638458,0.44441065192222595
0.03183019533753395,0.0033265415113419294,14.825482368469238,-0.08102229237556458,0.4473111629486084
0.032229773700237274,0.0034266330767422915,14.741730690002441,-0.08027996122837067,0.44521817564964294
0.03230525925755501,0.003437319304794073,15.126760482788086,-0.08193754404783249,0.44185128808021545
0.0326019823551178,0.003521229838952422,15.054269790649414,-0.08021707832813263,0.44140470027923584
0.03222586214542389,0.0034227538853883743,15.116990089416504,-0.0806603655219078,0.4428214132785797
0.03224717080593109,0.0034084762446582317,14.76919174194336,-0.08109734207391739,0.4406292736530304
0.03264736011624336,0.003477496560662985,15.186516761779785,-0.08053164929151535,0.44353237748146057
0.03243338689208031,0.0034716089721769094,15.173262596130371,-0.08130744099617004,0.43964502215385437
0.03209477663040161,0.003378442721441388,14.529023170471191,-0.08033845573663712,0.44307395815849304
0.03203775733709335,0.003367776982486248,14.448230743408203,-0.08107201009988785,0.44194892048835754
0.03254301846027374,0.003495814511552453,15.298566818237305,-0.08077796548604965,0.4443751275539398
0.032866623252630234,0.0035268631763756275,15.352320671081543,-0.08003518730401993,0.4371147155761719
0.03247245401144028,0.0034884288907051086,14.937036514282227,-0.0809028223156929,0.44421687722206116
0.03259405121207237,0.0034696897491812706,15.309880256652832,-0.08105624467134476,0.44119057059288025
0.03239763155579567,0.003444438800215721,14.958867073059082,-0.08058864623308182,0.4383847713470459
0.03236904740333557,0.0034102441277354956,14.571208953857422,-0.08084466308355331,0.44335076212882996
0.03155818209052086,0.0032728842925280333,14.992725372314453,-0.08065930008888245,0.4474215507507324
0.031261343508958817,0.003228544956073165,14.039441108703613,-0.0811462551355362,0.44294604659080505
0.031110718846321106,0.0031782255973666906,14.03278923034668,-0.08147604763507843,0.44640398025512695
0.03092326410114765,0.0031328382901847363,13.763660430908203,-0.08060885965824127,0.44618871808052063
0.030784962698817253,0.0031105477828532457,13.784772872924805,-0.08100181818008423,0.4453088343143463
0.030737318098545074,0.003105045296251774,13.625887870788574,-0.08087857812643051,0.4476693868637085
0.03072398528456688,0.003102685557678342,13.775498390197754,-0.0815247967839241,0.4471522867679596
0.030690500512719154,0.003100698348134756,13.692915916442871,-0.08075721561908722,0.44728612899780273
0.030749529600143433,0.003111149650067091,13.520081520080566,-0.08137322217226028,0.4484114646911621
0.03123445063829422,0.0031726013403385878,14.324908256530762,-0.0804639682173729,0.44760918617248535
0.031246010214090347,0.003208176465705037,14.036337852478027,-0.08106695860624313,0.44588398933410645
0.03148766979575157,0.003243768587708473,14.100218772888184,-0.08026918023824692,0.44370293617248535
0.03186419606208801,0.0033336137421429157,14.387582778930664,-0.08136323094367981,0.4454406797885895
0.031530071049928665,0.0032646774780005217,14.825783729553223,-0.08135851472616196,0.44711706042289734
0.0310861524194479,0.0031691868789494038,13.887879371643066,-0.08066155761480331,0.4467140734195709
0.030722782015800476,0.0030886975582689047,13.931410789489746,-0.08033367246389389,0.4421267509460449
0.031329814344644547,0.0032201746944338083,13.800015449523926,-0.08105076104402542,0.44146475195884705
0.030880777165293694,0.003181657288223505,13.609480857849121,-0.08102831244468689,0.44808873534202576
0.03142276033759117,0.003263475839048624,14.310567855834961,-0.08134292811155319,0.4444606304168701
0.03177724778652191,0.0033020582050085068,14.518843650817871,-0.08054186403751373,0.44244933128356934
0.03184353932738304,0.003333583241328597,14.63464641571045,-0.08132466673851013,0.4414753019809723
0.0337221659719944,0.0038380336482077837,15.73725414276123,-0.07990095764398575,0.4385164976119995
0.03468967229127884,0.004004304297268391,16.79142951965332,-0.0809381902217865,0.4381204843521118
0.03446255624294281,0.003949826117604971,16.401411056518555,-0.07998029887676239,0.43568456172943115
0.032907672226428986,0.0036088288761675358,15.3754301071167,-0.08148989826440811,0.44314536452293396
0.03226993978023529,0.003433143487200141,15.011159896850586,-0.08120550215244293,0.44351768493652344
0.031926244497299194,0.0033513931557536125,14.71445083618164,-0.08105749636888504,0.4435417652130127
0.031798265874385834,0.0033015436492860317,14.523241996765137,-0.07973010838031769,0.4472231864929199
0.03155253082513809,0.0032493956387043,14.327996253967285,-0.08183525502681732,0.44686412811279297
0.03104042075574398,0.0031499771866947412,13.909956932067871,-0.08040312677621841,0.44299575686454773
0.030919551849365234,0.0031340387649834156,13.86674690246582,-0.08156288415193558,0.44419679045677185
0.030463067814707756,0.00304625928401947,13.4507474899292,-0.0809759646654129,0.4455888271331787
0.030303770676255226,0.003042405704036355,13.56673812866211,-0.08112173527479172,0.44786524772644043
0.030463172122836113,0.0030449016485363245,13.528767585754395,-0.0803697481751442,0.4438306987285614
0.03042321652173996,0.0030478525441139936,13.526162147521973,-0.08098167926073074,0.4486631453037262
0.03020249307155609,0.003011697204783559,13.391427040100098,-0.0810355544090271,0.448700875043869
0.030044976621866226,0.0029494904447346926,13.209223747253418,-0.081173837184906,0.4486653804779053
0.03006792441010475,0.0029792245477437973,13.090411186218262,-0.08097507059574127,0.4451214075088501
0.030275776982307434,0.0030089726205915213,13.609358787536621,-0.0811745822429657,0.4442784786224365
0.030611280351877213,0.00309517583809793,13.690705299377441,-0.081232950091362,0.44454097747802734
0.030945641919970512,0.00314652849920094,14.006564140319824,-0.08133411407470703,0.44671395421028137
0.030847258865833282,0.0031411205418407917,14.001378059387207,-0.08090013265609741,0.44772446155548096
0.031333211809396744,0.0032117716036736965,14.154340744018555,-0.08125516772270203,0.44353190064430237
0.031107217073440552,0.0031619963701814413,13.701266288757324,-0.08044091612100601,0.44524717330932617
0.030332371592521667,0.0030118608847260475,13.50920295715332,-0.08133822679519653,0.44463562965393066
0.03053591586649418,0.0030694399029016495,13.563126564025879,-0.08117050677537918,0.4471162259578705
0.03152849152684212,0.003263812279328704,14.561503410339355,-0.08042669296264648,0.44360432028770447
0.03174194321036339,0.0033225452061742544,14.597917556762695,-0.08140558749437332,0.44411373138427734
0.032165348529815674,0.003381206188350916,14.993206024169922,-0.08095977455377579,0.4415159523487091
0.032684020698070526,0.003508348483592272,15.07874584197998,-0.08052119612693787,0.4413532316684723
0.03163750842213631,0.0033010761253535748,14.471790313720703,-0.08169445395469666,0.4458000957965851
0.03160395845770836,0.0032945030834525824,14.657459259033203,-0.0808504968881607,0.44677260518074036
0.03201336786150932,0.003353592474013567,14.354681015014648,-0.0808786153793335,0.44590821862220764
0.03211694583296776,0.003396885236725211,14.905094146728516,-0.08009584993124008,0.4444705545902252
0.032982777804136276,0.0035836936440318823,15.62826919555664,-0.08183630555868149,0.4435177743434906
0.03144795447587967,0.0032297642901539803,14.257277488708496,-0.08068032562732697,0.4493617117404938
0.03100881353020668,0.003163440153002739,14.244277954101562,-0.08105431497097015,0.44850119948387146
0.030754541978240013,0.0031242186669260263,13.71028995513916,-0.0813579335808754,0.4459669589996338
0.03110361471772194,0.003183410968631506,14.076059341430664,-0.08086609840393066,0.44686374068260193
0.03126081824302673,0.003221153048798442,14.109142303466797,-0.08050405234098434,0.4461115300655365
0.030729714781045914,0.0030902582220733166,13.799975395202637,-0.08099415898323059,0.44771191477775574
0.03179667145013809,0.0033270190469920635,14.841519355773926,-0.08151288330554962,0.4471100866794586
0.03140448033809662,0.0032551190815865993,14.532821655273438,-0.08039587736129761,0.4460746943950653
0.030771641060709953,0.003104925388470292,14.118881225585938,-0.081250861287117,0.44629502296447754
0.030677679926156998,0.0030890293419361115,13.828656196594238,-0.08061236888170242,0.446622371673584
0.031130250543355942,0.0031788551714271307,14.192495346069336,-0.08130788058042526,0.444411963224411
0.030805494636297226,0.003145569236949086,13.952262878417969,-0.08124275505542755,0.44696950912475586
0.03276576101779938,0.0035280464217066765,14.932674407958984,-0.08132405579090118,0.4435387849807739
0.03313891962170601,0.0036059587728232145,15.543909072875977,-0.08024775236845016,0.44532379508018494
0.03410199657082558,0.003856557421386242,16.557498931884766,-0.08109217882156372,0.44042110443115234
0.034326620399951935,0.0038673337548971176,16.855249404907227,-0.08077457547187805,0.44104456901550293
0.03342626616358757,0.0036489791236817837,15.60012149810791,-0.0808597058057785,0.4423222243785858
0.03283889219164848,0.0035277926363050938,15.541213035583496,-0.0803958997130394,0.43788036704063416
0.03184374049305916,0.003351442748680711,14.634912490844727,-0.08076706528663635,0.44619593024253845
0.0315345898270607,0.0032755101565271616,14.445786476135254,-0.0811397135257721,0.44240880012512207
0.030797703191637993,0.00312320189550519,13.846728324890137,-0.08036787062883377,0.4478352963924408
0.030156681314110756,0.0030048133339732885,13.370704650878906,-0.0817507803440094,0.44650426506996155
0.03049609065055847,0.0030344573315232992,13.789962768554688,-0.0809851884841919,0.4476598799228668
0.029909802600741386,0.0029541279654949903,13.176996231079102,-0.08107943087816238,0.4484783113002777
0.03003793954849243,0.0029636758845299482,13.541122436523438,-0.08111657202243805,0.44950437545776367
0.03005926124751568,0.0029796992894262075,13.331439018249512,-0.08111115545034409,0.4487372934818268
0.030442697927355766,0.0030449153855443,13.743260383605957,-0.08108347654342651,0.44412827491760254
0.030082762241363525,0.002968964632600546,13.74917221069336,-0.08099856227636337,0.4488905966281891
0.03014613315463066,0.0029857056215405464,13.499332427978516,-0.08159567415714264,0.44849538803100586
0.030929265543818474,0.0031376390252262354,14.346840858459473,-0.0800175666809082,0.4484480321407318
0.031595416367053986,0.0032634513918310404,14.336709976196289,-0.08218301087617874,0.4445934295654297
0.03125424310564995,0.0032200447749346495,14.45466423034668,-0.08066584169864655,0.4424456059932709
0.03137657791376114,0.00321443029679358,14.28042984008789,-0.08078137040138245,0.44650688767433167
0.031220434233546257,0.003197300713509321,14.029562950134277,-0.08133367449045181,0.4441298544406891
0.031064754351973534,0.003158863401040435,14.208456039428711,-0.08089827746152878,0.44906139373779297
0.03047516755759716,0.003037683665752411,13.545985221862793,-0.08106120675802231,0.44728097319602966
0.030516915023326874,0.003068153979256749,14.121088981628418,-0.08178844302892685,0.4478111267089844
0.030528875067830086,0.003067855490371585,13.755220413208008,-0.08037541806697845,0.44661614298820496
0.030637135729193687,0.0031010827515274286,13.897806167602539,-0.08091597259044647,0.44728991389274597
0.030462875962257385,0.003041578223928809,13.489418029785156,-0.08132307231426239,0.4473094046115875
0.030204804614186287,0.002987137297168374,13.180434226989746,-0.08118811994791031,0.44588151574134827
0.030144304037094116,0.0029945133719593287,13.198525428771973,-0.08046204596757889,0.4464535415172577
0.03051728568971157,0.0030524772591888905,13.651561737060547,-0.08112119883298874,0.4464530050754547
0.03109685517847538,0.0031696895603090525,14.756844520568848,-0.08113586902618408,0.44842639565467834
0.03008471429347992,0.0029906455893069506,13.081178665161133,-0.08110684156417847,0.4489634037017822
0.030884046107530594,0.0031224023550748825,13.670450210571289,-0.08118312805891037,0.448830246925354
0.030408576130867004,0.003018259769305587,13.942619323730469,-0.08132020384073257,0.444366455078125
0.029914159327745438,0.002939169993624091,13.64776611328125,-0.08048591762781143,0.4486870765686035
0.03014058619737625,0.002989874454215169,13.280440330505371,-0.08155788481235504,0.4457409381866455
0.030328212305903435,0.003006577491760254,13.853965759277344,-0.08158011734485626,0.44875597953796387
0.030315889045596123,0.0030223384965211153,13.665240287780762,-0.08071239292621613,0.4450403153896332
0.03037911467254162,0.0030187470838427544,13.575224876403809,-0.08141231536865234,0.4474705159664154
0.029964376240968704,0.0029554220382124186,13.457744598388672,-0.08094391226768494,0.4470135271549225
0.02937500923871994,0.00285222171805799,12.830527305603027,-0.08152499794960022,0.45101699233055115
0.02929193340241909,0.002830982208251953,12.7342529296875,-0.08121282607316971,0.4466562271118164
0.0295676589012146,0.0028838515281677246,13.114233016967773,-0.08088326454162598,0.44670426845550537
0.029556414112448692,0.0028774093370884657,13.002806663513184,-0.08141037076711655,0.44958415627479553
0.029621977359056473,0.0028777627740055323,12.480913162231445,-0.0807114690542221,0.449533611536026
0.029834575951099396,0.002939244732260704,13.352821350097656,-0.08137093484401703,0.4459895193576813
0.030181575566530228,0.002984209218993783,13.88408088684082,-0.08118662238121033,0.4493279457092285
0.0306087713688612,0.0030844302382320166,14.043497085571289,-0.0809883177280426,0.4479656219482422
0.03129953518509865,0.0031989053823053837,14.73881721496582,-0.08088995516300201,0.444174200296402
0.03157932311296463,0.00329737551510334,15.085076332092285,-0.08154045790433884,0.44712236523628235
0.030640343204140663,0.003071530256420374,14.153825759887695,-0.08129207044839859,0.4488082826137543
0.03048074059188366,0.0030470085330307484,13.457464218139648,-0.08072718232870102,0.44387292861938477
0.030456973239779472,0.0030444744043052197,13.744256019592285,-0.08110136538743973,0.4487750232219696
0.030095618218183517,0.0029771002009510994,13.616925239562988,-0.08140230178833008,0.4464299976825714
0.0303557850420475,0.003042391734197736,13.77218246459961,-0.08090998977422714,0.4452175796031952
0.02988431602716446,0.0029239701107144356,13.26053524017334,-0.08096962422132492,0.44583138823509216
0.02979619987308979,0.0029235221445560455,13.378283500671387,-0.08091943711042404,0.44820621609687805
0.03013373538851738,0.002974299481138587,13.316061019897461,-0.08148364722728729,0.447268009185791
0.03137664869427681,0.003204450709745288,14.446282386779785,-0.0807303860783577,0.4471590518951416
0.03148595243692398,0.0032522950787097216,14.398064613342285,-0.08188169449567795,0.4430654048919678
0.031238310039043427,0.0032498918008059263,14.665473937988281,-0.080561563372612,0.44663289189338684
0.03124985285103321,0.0032149935141205788,14.283722877502441,-0.08041252195835114,0.44882047176361084
0.031029488891363144,0.003172346157953143,14.263970375061035,-0.08149421960115433,0.44510436058044434
0.031296659260988235,0.0032044709660112858,14.240413665771484,-0.08141639083623886,0.44559231400489807
0.030058925971388817,0.0029616637621074915,13.651334762573242,-0.08077199757099152,0.4461688995361328
0.02981351874768734,0.0029452028684318066,13.087444305419922,-0.08154544979333878,0.4493495523929596
0.029865672811865807,0.002910025417804718,13.285843849182129,-0.08071912825107574,0.44612622261047363
0.02990194782614708,0.0029470971785485744,13.234392166137695,-0.08140567690134048,0.4487435817718506
0.02982337959110737,0.00290897348895669,13.474906921386719,-0.08103775233030319,0.44499966502189636
0.030074067413806915,0.0029556273948401213,13.684560775756836,-0.08167985081672668,0.44961047172546387
0.029964396730065346,0.002945584012195468,13.464661598205566,-0.08102697134017944,0.44600406289100647
0.029721904546022415,0.0029221419245004654,13.531898498535156,-0.08127949386835098,0.4474303722381592
0.030474912375211716,0.0030498243868350983,13.590533256530762,-0.08052958548069,0.4487694799900055
0.03113803267478943,0.003189275274053216,14.954792976379395,-0.0813024565577507,0.44877907633781433
0.03081018291413784,0.003120692912489176,13.866427421569824,-0.08070404827594757,0.44893619418144226
0.031194601207971573,0.0031704565044492483,14.69051742553711,-0.08173926174640656,0.44653964042663574
0.0313112773001194,0.0032661533914506435,14.616415977478027,-0.08121687173843384,0.4440898001194
0.031819067895412445,0.0033117826096713543,14.689712524414062,-0.08011239022016525,0.44400396943092346
0.032102182507514954,0.003365693846717477,14.706886291503906,-0.08151131868362427,0.4432715177536011
0.03163238987326622,0.00327569292858243,14.781229019165039,-0.08079005777835846,0.4439220428466797
0.03107132762670517,0.0031450055539608,13.765701293945312,-0.0807918831706047,0.4475659430027008
0.031086865812540054,0.00314709497615695,14.20361042022705,-0.08095365762710571,0.44903406500816345
0.0313260592520237,0.0032384798396378756,14.714323997497559,-0.08138033002614975,0.44682416319847107
0.03115076757967472,0.0031879122834652662,14.2345609664917,-0.08074699342250824,0.4484670162200928
0.031198488548398018,0.0031602964736521244,14.568469047546387,-0.08093822002410889,0.44607987999916077
0.030102023854851723,0.0029750980902463198,13.724190711975098,-0.08132459223270416,0.4488864839076996
0.030208691954612732,0.0029914453625679016,14.043582916259766,-0.08112454414367676,0.45025861263275146
0.0296889990568161,0.002893940545618534,13.002118110656738,-0.08065114170312881,0.44368040561676025
0.03029763512313366,0.0030190476682037115,13.403241157531738,-0.08084966242313385,0.4482407569885254
0.031288400292396545,0.0031665866263210773,14.087701797485352,-0.08206755667924881,0.4442915916442871
0.03098841942846775,0.003150603035464883,14.266973495483398,-0.08018769323825836,0.44303378462791443
0.03045865148305893,0.0030352091416716576,13.910377502441406,-0.08154851943254471,0.44759830832481384
0.029714960604906082,0.002900088904425502,13.218413352966309,-0.0807521641254425,0.4462698698043823
0.02954120934009552,0.002875926438719034,13.256580352783203,-0.08177883177995682,0.44626590609550476
0.029701465740799904,0.0029093793127685785,13.077879905700684,-0.08102293312549591,0.45107173919677734
0.029740799218416214,0.002889479510486126,13.867730140686035,-0.08084605634212494,0.447543740272522
0.02957393042743206,0.002879480132833123,12.775697708129883,-0.08104470372200012,0.45181623101234436
0.029724860563874245,0.002895836252719164,13.06554889678955,-0.0815839022397995,0.44723257422447205
0.02960500307381153,0.002898333128541708,13.132579803466797,-0.08111207187175751,0.44845137000083923
0.029241593554615974,0.0028226275462657213,12.871749877929688,-0.08089712262153625,0.4503161907196045
0.029422009363770485,0.0028551809955388308,13.126206398010254,-0.08160373568534851,0.45103463530540466
0.029649097472429276,0.0029162284918129444,13.199159622192383,-0.08147867023944855,0.4458739757537842
0.030140630900859833,0.0029875505715608597,13.209471702575684,-0.08153589069843292,0.447668194770813
0.030310986563563347,0.0030144748743623495,13.50161075592041,-0.08022397011518478,0.4486048221588135
0.03038083203136921,0.00305516947992146,13.851658821105957,-0.08154676109552383,0.44924333691596985
0.03044029325246811,0.0030153407715260983,13.830317497253418,-0.08042267709970474,0.44703030586242676
0.030850067734718323,0.003107953118160367,14.21402359008789,-0.08198089152574539,0.4486936032772064
0.03146449849009514,0.003262938931584358,14.755075454711914,-0.08070235699415207,0.44801926612854004
0.03148750960826874,0.0032374043948948383,14.66758918762207,-0.08115233480930328,0.44741034507751465
0.030953504145145416,0.003166560549288988,14.166729927062988,-0.08042159676551819,0.4447799026966095
0.03145157918334007,0.003280341625213623,14.95622444152832,-0.0818178653717041,0.44852182269096375
0.031157804653048515,0.0031859632581472397,14.623157501220703,-0.08093338459730148,0.4483002722263336
0.03126116842031479,0.0031869267113506794,14.744272232055664,-0.08076143264770508,0.4431708753108978
0.030833452939987183,0.003104539355263114,13.970000267028809,-0.08132434636354446,0.4464915692806244
0.030271969735622406,0.002975982381030917,13.376956939697266,-0.08063719421625137,0.4464223384857178
0.03062848374247551,0.003070472739636898,13.912095069885254,-0.08163152635097504,0.44404706358909607
0.030489236116409302,0.0030762217938899994,13.896981239318848,-0.08077269047498703,0.4473394453525543
0.030202241614460945,0.0029937955550849438,13.92963981628418,-0.0815839171409607,0.44588950276374817
0.02982323244214058,0.002936708740890026,13.756105422973633,-0.0808810442686081,0.4495032727718353
0.030008727684617043,0.0029447791166603565,13.366291999816895,-0.08036559075117111,0.4481116831302643
0.030325815081596375,0.0030128364451229572,14.071560859680176,-0.08216051757335663,0.44689521193504333
0.030111851170659065,0.002993522211909294,13.518288612365723,-0.08122175186872482,0.44840168952941895
0.030064839869737625,0.0029584330040961504,13.430010795593262,-0.0812983363866806,0.4504062235355377
0.029709521681070328,0.002899019978940487,13.327957153320312,-0.08105603605508804,0.4469234049320221
0.030095236375927925,0.002966387430205941,13.89036750793457,-0.0813877284526825,0.445585161447525
0.030058830976486206,0.002953174989670515,13.695935249328613,-0.0814334824681282,0.44574058055877686
0.030134474858641624,0.0029585727024823427,13.56493091583252,-0.08058848232030869,0.448413610458374
0.029771383851766586,0.0029051380697637796,13.225751876831055,-0.0813463106751442,0.4465407133102417
0.030260201543569565,0.0030204334761947393,13.825618743896484,-0.08078158646821976,0.4471745491027832
0.030978847295045853,0.0031475999858230352,13.953547477722168,-0.08179651200771332,0.4444142282009125
0.03023245371878147,0.002991343382745981,13.722343444824219,-0.08056581765413284,0.44943737983703613
0.029666461050510406,0.002894554752856493,13.45909595489502,-0.08164208382368088,0.4504009485244751
0.029313888400793076,0.0028141839429736137,12.899365425109863,-0.08092895895242691,0.4517936706542969
0.029570428654551506,0.002883252687752247,13.443580627441406,-0.08123239129781723,0.4502986669540405
0.02942301519215107,0.0028487469535320997,13.183988571166992,-0.08215849101543427,0.4464966356754303
0.029233897104859352,0.002807399956509471,13.039739608764648,-0.08121956884860992,0.4504753649234772
0.028814176097512245,0.0027311069425195456,12.84887981414795,-0.08078919351100922,0.4512852728366852
0.028994427993893623,0.0027770709712058306,12.695704460144043,-0.08174990862607956,0.45162689685821533
0.02938101813197136,0.0028312148060649633,13.241105079650879,-0.08135886490345001,0.4497368335723877
0.029136527329683304,0.002801380353048444,12.920218467712402,-0.08137810230255127,0.45099201798439026
0.02918544039130211,0.0028080560732632875,12.927555084228516,-0.0808783769607544,0.4515702426433563
0.02944154292345047,0.00284924847073853,13.365450859069824,-0.08160006999969482,0.44988784193992615
0.02970687486231327,0.0028829004149883986,13.273605346679688,-0.08110951632261276,0.44910597801208496
0.029599079862236977,0.0028629866428673267,13.127679824829102,-0.08081046491861343,0.44485506415367126
0.029617752879858017,0.0028772412333637476,13.175727844238281,-0.08124833554029465,0.44739747047424316
0.030054239556193352,0.002955241361632943,13.592121124267578,-0.08144933730363846,0.4491752088069916
0.03021901659667492,0.0030079644639045,13.976275444030762,-0.08108805865049362,0.44591525197029114
0.03037310764193535,0.0030150143429636955,13.786882400512695,-0.08137571066617966,0.44966402649879456
0.02999979816377163,0.002937465440481901,13.506708145141602,-0.08134490996599197,0.4479227066040039
0.02983812987804413,0.002932955976575613,13.298074722290039,-0.081004299223423,0.4477579891681671
0.029718227684497833,0.0028928257524967194,13.323687553405762,-0.08188141137361526,0.4513343870639801
0.029688280075788498,0.0028845525812357664,13.45804214477539,-0.08066213130950928,0.45101046562194824
0.028947094455361366,0.002755144378170371,12.805098533630371,-0.08105103671550751,0.4502634108066559
0.028987808153033257,0.0027765072882175446,12.605904579162598,-0.08122161775827408,0.4491163194179535
0.028880871832370758,0.0027533022221177816,12.651658058166504,-0.08140142261981964,0.45114263892173767
0.029141267761588097,0.00279052066616714,13.218986511230469,-0.08133595436811447,0.4502263069152832
0.02901718020439148,0.002756853587925434,12.993952751159668,-0.08083637058734894,0.44977056980133057
0.029353439807891846,0.0028173045720905066,13.092248916625977,-0.08196701109409332,0.45181217789649963
0.02960527315735817,0.00287023838609457,13.440239906311035,-0.08106623589992523,0.446068674325943
0.0298913586884737,0.002934509888291359,13.430586814880371,-0.0817975252866745,0.4488790035247803
0.030188944190740585,0.0029949930030852556,13.552019119262695,-0.08038709312677383,0.44973984360694885
0.03046029806137085,0.003010219894349575,13.589969635009766,-0.08135013282299042,0.4492872655391693
0.030212245881557465,0.002978833392262459,13.235078811645508,-0.08173349499702454,0.4484541714191437
0.030682973563671112,0.003104784758761525,13.810372352600098,-0.08001729100942612,0.44499409198760986
0.030811555683612823,0.003130268072709441,14.232752799987793,-0.08145074546337128,0.4488862454891205
0.030543943867087364,0.0030593136325478554,14.080094337463379,-0.08123043924570084,0.449270635843277
0.030618906021118164,0.003074128646403551,13.9990873336792,-0.08099367469549179,0.4473695755004883
0.03085450455546379,0.003105312353000045,14.146251678466797,-0.08091215044260025,0.44644951820373535
0.030802307650446892,0.0031276822555810213,14.215337753295898,-0.08114482462406158,0.44688916206359863
0.030065320432186127,0.0029653438832610846,13.56359577178955,-0.08113235980272293,0.4504920542240143
0.030593976378440857,0.003051572712138295,13.840576171875,-0.08182068169116974,0.4460928440093994
0.030243735760450363,0.003005162114277482,13.606468200683594,-0.0805417150259018,0.44683554768562317
0.030576307326555252,0.0030842775013297796,14.135733604431152,-0.08147050440311432,0.44713106751441956
0.030193516984581947,0.002979888813570142,13.78223991394043,-0.08085588365793228,0.44963157176971436
0.02986900694668293,0.002910338109359145,13.71261215209961,-0.08187824487686157,0.4452205002307892
0.029673919081687927,0.0028796587139368057,13.505542755126953,-0.08111366629600525,0.4494567811489105
0.03008361905813217,0.0029785544611513615,13.92458438873291,-0.08182395994663239,0.44934558868408203
0.029721824452280998,0.0028831770177930593,12.926197052001953,-0.08041459321975708,0.45029762387275696
0.02941444329917431,0.00282946415245533,13.188385963439941,-0.08110074698925018,0.4466297924518585
0.029134953394532204,0.0027890580240637064,13.231287956237793,-0.08142983913421631,0.4519953727722168
0.028958303853869438,0.0027439435943961143,12.728720664978027,-0.08143636584281921,0.4517533779144287
0.029022958129644394,0.0027762071695178747,12.713102340698242,-0.08156105875968933,0.4517546594142914
0.02962753176689148,0.0028768316842615604,13.441235542297363,-0.08089689165353775,0.4457031190395355
0.030195176601409912,0.0029933596961200237,13.471451759338379,-0.08121632039546967,0.4455980062484741
0.030163804069161415,0.0030134504195302725,13.945133209228516,-0.08108941465616226,0.44487491250038147
0.03008306212723255,0.0029938353691250086,13.554230690002441,-0.0815386027097702,0.44558724761009216
0.03101409785449505,0.0031660397071391344,14.346622467041016,-0.08082990348339081,0.4477106034755707
0.030655845999717712,0.0030839324463158846,14.270027160644531,-0.08150441199541092,0.44955185055732727
0.030595555901527405,0.003038655035197735,13.992600440979004,-0.0813668891787529,0.4447455108165741
0.03038528934121132,0.002990561770275235,13.736870765686035,-0.08100587874650955,0.44612130522727966
0.0296486746519804,0.0028692076448351145,13.211366653442383,-0.08110231161117554,0.4484703540802002
0.030311575159430504,0.003018729854375124,14.024765968322754,-0.08125369995832443,0.4492618143558502
0.030652260407805443,0.0030536556150764227,14.440459251403809,-0.08158775418996811,0.45103082060813904
0.030336663126945496,0.002971555572003126,13.946702003479004,-0.08102646470069885,0.4498538076877594
0.030442016199231148,0.0030081516597419977,13.84698486328125,-0.08219003677368164,0.4508782923221588
0.03213607519865036,0.0034251902252435684,15.444597244262695,-0.08001995086669922,0.4467167854309082
0.03207416087388992,0.0033611746039241552,15.131351470947266,-0.08100755512714386,0.4447425305843353
0.03110252507030964,0.003171506803482771,14.426511764526367,-0.08105631172657013,0.4488997757434845
0.03040754422545433,0.0030240181367844343,14.091229438781738,-0.08077796548604965,0.44438132643699646
0.030133778229355812,0.0029412959702312946,14.243907928466797,-0.080938920378685,0.4459117352962494
0.029772769659757614,0.002896241843700409,13.799532890319824,-0.08149860054254532,0.4492793083190918
0.02935088984668255,0.002798761473968625,13.19110107421875,-0.08045995980501175,0.45144137740135193
0.02910068817436695,0.002769696991890669,13.103982925415039,-0.08215933293104172,0.44886425137519836
0.02890205755829811,0.0027528004720807076,13.102368354797363,-0.08094178885221481,0.4519346058368683
0.028927931562066078,0.0027574144769459963,12.815378189086914,-0.08180515468120575,0.4524214267730713
0.029354233294725418,0.002818021457642317,12.93178939819336,-0.08070755004882812,0.4462454319000244
0.028835557401180267,0.0027343067340552807,12.85305118560791,-0.08173587918281555,0.44812193512916565
0.02850513346493244,0.002682499820366502,12.50051212310791,-0.08124937862157822,0.45141837000846863
0.02897956781089306,0.0027508495841175318,12.928987503051758,-0.08107881993055344,0.4516960084438324
0.02921239100396633,0.002791788661852479,12.816767692565918,-0.0815020427107811,0.450777530670166
0.029609141871333122,0.002862623892724514,13.443422317504883,-0.08115053921937943,0.447691947221756
0.029268214479088783,0.0028088917024433613,13.107442855834961,-0.0812435895204544,0.4494468867778778
0.029940778389573097,0.0029266236815601587,13.543704986572266,-0.08126798272132874,0.4464026689529419
0.029711980372667313,0.0028742202557623386,13.256305694580078,-0.08116419613361359,0.4503362476825714
0.028997736051678658,0.0027573818806558847,12.95826244354248,-0.08121544122695923,0.45176878571510315
0.029070721939206123,0.002777768298983574,13.102067947387695,-0.0814438983798027,0.4514434337615967
0.029619939625263214,0.002871844219043851,13.558847427368164,-0.08118696510791779,0.44428369402885437
0.029243869706988335,0.002814626321196556,13.092480659484863,-0.08108149468898773,0.4493342936038971
0.029374051839113235,0.002828403143212199,13.193689346313477,-0.08140900731086731,0.4480477273464203
0.029088836163282394,0.002753698965534568,13.096695899963379,-0.08172113448381424,0.44805917143821716
0.028859248384833336,0.002734062960371375,12.763696670532227,-0.08123038709163666,0.4502287209033966
0.0288244541734457,0.00271418783813715,12.850704193115234,-0.08210445195436478,0.45183634757995605
0.02944974973797798,0.0028276625089347363,13.128494262695312,-0.08045414090156555,0.44925567507743835
0.029208911582827568,0.0027905015740543604,13.082396507263184,-0.0814027264714241,0.44771409034729004
0.029132254421710968,0.002787340898066759,13.322768211364746,-0.08159623295068741,0.449558824300766
0.029792767018079758,0.002895165467634797,13.416725158691406,-0.08091970533132553,0.445636123418808
0.029834676533937454,0.0029077352955937386,13.754589080810547,-0.08123720437288284,0.4498988091945648
0.028987906873226166,0.0027604608330875635,12.683753967285156,-0.08118074387311935,0.4483250081539154
0.02896079234778881,0.0027342084795236588,12.85593032836914,-0.08180955052375793,0.4479921758174896
0.028814176097512245,0.0027184507343918085,12.922919273376465,-0.08118429034948349,0.45156022906303406
0.02886277623474598,0.0027264500968158245,13.141302108764648,-0.08145251870155334,0.44945013523101807
0.029012227430939674,0.002748882630839944,12.900341987609863,-0.0817909836769104,0.4528462886810303
0.029193488880991936,0.0027936967089772224,13.17745304107666,-0.08102747797966003,0.4474763572216034
0.029257655143737793,0.002813768805935979,13.404197692871094,-0.08157964795827866,0.4509102404117584
0.029542595148086548,0.002855614060536027,13.804113388061523,-0.08132194727659225,0.45235252380371094
0.029430877417325974,0.002832424361258745,13.162920951843262,-0.08118320256471634,0.45188477635383606
0.029067620635032654,0.002767180325463414,13.134084701538086,-0.0812353864312172,0.45203733444213867
0.029227280989289284,0.0027855781372636557,13.247939109802246,-0.08090536296367645,0.44973811507225037
0.029805922880768776,0.0028968886472284794,13.481062889099121,-0.08163482695817947,0.44821682572364807
0.030155494809150696,0.0029648425988852978,13.560283660888672,-0.08103379607200623,0.4487200081348419
0.029762335121631622,0.0029006567783653736,13.69267463684082,-0.08125372231006622,0.4461856186389923
0.029622916132211685,0.002881888533011079,13.208476066589355,-0.08078478276729584,0.45071837306022644
0.029082641005516052,0.002774757333099842,12.80367660522461,-0.08206171542406082,0.45145383477211
0.029000334441661835,0.0027444614097476006,13.362931251525879,-0.08133863657712936,0.4532700479030609
0.028890335932374,0.0027391992043703794,12.928999900817871,-0.08126484602689743,0.45210716128349304
0.028642380610108376,0.002681692596524954,12.704132080078125,-0.08165343105792999,0.45217105746269226
0.028659170493483543,0.002680183155462146,12.66322135925293,-0.08180397003889084,0.450165718793869
0.02855795808136463,0.002680104225873947,12.620481491088867,-0.0804181769490242,0.45224282145500183
0.029452025890350342,0.0028326460160315037,13.292242050170898,-0.08183375000953674,0.4501289427280426
0.028874471783638,0.0027371321339160204,12.910680770874023,-0.08100993931293488,0.44831180572509766
0.028656279668211937,0.002686553867533803,12.61176872253418,-0.08193980157375336,0.45224571228027344
0.028476756066083908,0.0026429814752191305,12.722203254699707,-0.08077095448970795,0.4529639780521393
0.028276601806282997,0.002641896950080991,12.432080268859863,-0.08171409368515015,0.4542878568172455
0.028346776962280273,0.0026307415682822466,12.586501121520996,-0.08125318586826324,0.45120716094970703
0.028222760185599327,0.002609380055218935,12.218887329101562,-0.0815940797328949,0.45295795798301697
0.028332820162177086,0.0026184311136603355,12.430296897888184,-0.08151878416538239,0.4535069167613983
0.028359688818454742,0.0026354726869612932,12.435529708862305,-0.08134180307388306,0.4521680772304535
0.02833782508969307,0.002628016984090209,12.469305992126465,-0.0809977725148201,0.4525875151157379
0.028631452471017838,0.002678035758435726,12.882741928100586,-0.08160912245512009,0.45017626881599426
0.02870085835456848,0.0026800460182130337,12.878602027893066,-0.0816003829240799,0.4503869116306305
0.029183389618992805,0.0027868549805134535,13.265135765075684,-0.08116787672042847,0.45201608538627625
0.02941855415701866,0.002827345160767436,13.09504222869873,-0.08175135403871536,0.45145663619041443
0.029607539996504784,0.0029036374762654305,13.731043815612793,-0.08104593306779861,0.45160675048828125
0.03052227571606636,0.003048727521672845,14.060659408569336,-0.08119640499353409,0.45080670714378357
0.03015485405921936,0.003005503211170435,13.617968559265137,-0.08104010671377182,0.4465694725513458
0.03077768161892891,0.003174667013809085,14.28121280670166,-0.08142930269241333,0.44854632019996643
0.031215323135256767,0.003173054428771138,15.167821884155273,-0.08138792961835861,0.4475127160549164
0.029863396659493446,0.0029082181863486767,13.223706245422363,-0.08148736506700516,0.45201054215431213
0.029475556686520576,0.002833208767697215,13.236101150512695,-0.08044091612100601,0.4485604763031006
0.030278965830802917,0.00297964783385396,13.810246467590332,-0.08208734542131424,0.4495491683483124
0.029702359810471535,0.002876720856875181,13.59239673614502,-0.08123905956745148,0.44859448075294495
0.029409807175397873,0.0028330921195447445,13.463960647583008,-0.08075910061597824,0.4518636465072632
0.02994515746831894,0.0029478948563337326,13.962424278259277,-0.08169945329427719,0.45105794072151184
0.03117888979613781,0.0031611062586307526,14.43445110321045,-0.08076977729797363,0.44538795948028564
0.03012080118060112,0.0029304877389222383,13.956732749938965,-0.08155512064695358,0.45025137066841125
0.029589498415589333,0.002844342263415456,13.490243911743164,-0.08116447925567627,0.44722890853881836
0.02905610390007496,0.0027551562525331974,12.933711051940918,-0.08159884065389633,0.4499412477016449
0.029213126748800278,0.0027875129599124193,13.170608520507812,-0.08112624287605286,0.4520246982574463
0.02891547605395317,0.0027322126552462578,13.380134582519531,-0.08149386942386627,0.45012009143829346
0.029322870075702667,0.00280140433460474,13.292794227600098,-0.08079715073108673,0.44888773560523987
0.028905566781759262,0.0027278873603791,13.08521556854248,-0.08148932456970215,0.45281028747558594
0.028867004439234734,0.002709895372390747,12.987936019897461,-0.08131208270788193,0.45183756947517395
0.029137596487998962,0.0028046348597854376,13.319252014160156,-0.08145877718925476,0.45081818103790283
0.029466696083545685,0.0028423871845006943,13.647369384765625,-0.08115936070680618,0.4520239531993866
0.02937975712120533,0.0028152293525636196,13.534836769104004,-0.08143936842679977,0.4500178098678589
0.029024120420217514,0.0027421845588833094,13.211263656616211,-0.08135495334863663,0.4500596225261688
0.028412749990820885,0.0026550160255283117,12.399402618408203,-0.08126384764909744,0.4520556628704071
0.02858034148812294,0.002663645427674055,12.624780654907227,-0.08111141622066498,0.4525230824947357
0.028548045083880424,0.002672349801287055,12.540903091430664,-0.082353375852108,0.45201167464256287
0.028611859306693077,0.002688234206289053,12.803990364074707,-0.08088710159063339,0.44853639602661133
0.028933055698871613,0.0027560482267290354,12.968094825744629,-0.08119259029626846,0.44978034496307373
0.02886730432510376,0.0027201357297599316,12.999913215637207,-0.08227510750293732,0.453294038772583
0.028692953288555145,0.0026846136897802353,12.975447654724121,-0.08070714771747589,0.4486607015132904
0.028353609144687653,0.0026472308672964573,12.539628028869629,-0.08149051666259766,0.4521375596523285
0.028366422280669212,0.0026376282330602407,12.408294677734375,-0.08136381953954697,0.45228299498558044
0.028271880000829697,0.002600522944703698,12.290608406066895,-0.08187001943588257,0.45358702540397644
0.028424400836229324,0.002647806191816926,12.958378791809082,-0.08086568117141724,0.4528183937072754
0.028473524376749992,0.0026480124797672033,12.721248626708984,-0.08204768598079681,0.4518577754497528
0.028851179406046867,0.0027131279930472374,12.848922729492188,-0.08081816881895065,0.4497665464878082
0.02853628806769848,0.002668751170858741,12.982412338256836,-0.0819101333618164,0.45192256569862366
0.029057953506708145,0.002749804873019457,13.472243309020996,-0.0814833864569664,0.45084264874458313
0.029732100665569305,0.0028864298947155476,13.77119255065918,-0.08076371997594833,0.44813355803489685
0.029360543936491013,0.0028217697981745005,13.69546890258789,-0.08102850615978241,0.4512660801410675
0.029260477051138878,0.002816383494064212,13.132356643676758,-0.08177676796913147,0.44672879576683044
0.029805755242705345,0.0028984074015170336,13.687336921691895,-0.08118757605552673,0.4511793851852417
0.029674062505364418,0.0028787367045879364,13.713940620422363,-0.08161652833223343,0.4503962993621826
0.029601216316223145,0.002841237001121044,13.569231986999512,-0.08134813606739044,0.453756719827652
0.029260890558362007,0.0027984767220914364,13.635637283325195,-0.08124253153800964,0.44930970668792725
0.029401645064353943,0.0028069617692381144,13.232436180114746,-0.08133331686258316,0.44950684905052185
0.02959137037396431,0.002876056358218193,13.699701309204102,-0.08099927008152008,0.447281152009964
0.030511856079101562,0.0030771405436098576,14.443681716918945,-0.08184683322906494,0.4500739872455597
0.030100371688604355,0.0029436845798045397,13.431062698364258,-0.08141081780195236,0.4482091963291168
0.030166935175657272,0.0029709155205637217,14.362192153930664,-0.08113192766904831,0.45041725039482117
0.029172366484999657,0.002771883038803935,13.338339805603027,-0.08165908604860306,0.448883056640625
0.028695274144411087,0.0026836772449314594,12.785945892333984,-0.0814531072974205,0.4528421461582184
0.028493396937847137,0.0026427623815834522,12.716912269592285,-0.08158362656831741,0.45483526587486267
0.02817205898463726,0.0026044901460409164,12.59510326385498,-0.08161062747240067,0.44993916153907776
0.02805243618786335,0.0025689362082630396,12.305427551269531,-0.08153439313173294,0.4530200958251953
0.027922138571739197,0.002553105354309082,12.337685585021973,-0.0816887840628624,0.45489105582237244
0.027975423261523247,0.0025615969207137823,12.297630310058594,-0.08117205649614334,0.45160865783691406
0.028046054765582085,0.002583687659353018,12.255053520202637,-0.08135942369699478,0.4503253400325775
0.028473222628235817,0.0026461638044565916,12.561116218566895,-0.08079857379198074,0.45043936371803284
0.028095141053199768,0.0026011120062321424,12.389829635620117,-0.08198124170303345,0.4537070691585541
0.028213517740368843,0.0026073625776916742,12.362735748291016,-0.08174674212932587,0.4522702395915985
0.028406444936990738,0.002637377241626382,12.629471778869629,-0.08162955194711685,0.4545001983642578
0.028213348239660263,0.0026001930236816406,12.613739967346191,-0.08081254363059998,0.45385098457336426
0.028349021449685097,0.0026205347385257483,12.692204475402832,-0.08148007094860077,0.4533000886440277
0.028182633221149445,0.0025874036364257336,12.74933910369873,-0.08145762979984283,0.4530983865261078
0.028167953714728355,0.0025991781149059534,12.238746643066406,-0.08142749965190887,0.4534164369106293
0.02830440178513527,0.00262855994515121,12.760618209838867,-0.08180803805589676,0.45228004455566406
0.028841987252235413,0.002723041456192732,12.988243103027344,-0.08199673891067505,0.452688604593277
0.029239479452371597,0.0027505799662321806,13.314220428466797,-0.0805773138999939,0.4502033293247223
0.028966840356588364,0.002749435603618622,13.176681518554688,-0.08198526501655579,0.448922723531723
0.029014255851507187,0.0027688199188560247,13.238626480102539,-0.08054329454898834,0.44856885075569153
0.02947484515607357,0.0028218941297382116,13.480864524841309,-0.08160833269357681,0.4469684064388275
0.029507312923669815,0.002824332332238555,13.134639739990234,-0.08154358714818954,0.45075520873069763
0.029422733932733536,0.0027974899858236313,13.27161979675293,-0.08140114694833755,0.4483374059200287
0.029340002685785294,0.0027831275947391987,13.381369590759277,-0.08188822865486145,0.45132339000701904
0.029305383563041687,0.002803466049954295,13.536825180053711,-0.0810864269733429,0.45129314064979553
0.0289094690233469,0.002721305936574936,12.872550010681152,-0.08122610300779343,0.45155370235443115
0.029252395033836365,0.0027864163275808096,13.390848159790039,-0.08105389773845673,0.452066570520401
0.029481789097189903,0.002832136582583189,13.493894577026367,-0.08198322355747223,0.45087501406669617
0.02921886183321476,0.002780195791274309,13.161392211914062,-0.08125541359186172,0.4521724283695221
0.02863670326769352,0.0026524660643190145,12.812799453735352,-0.08168073743581772,0.4522034823894501
0.027990682050585747,0.0025584164541214705,12.34726333618164,-0.08114013820886612,0.4535766541957855
0.027813566848635674,0.002555189421400428,12.16668701171875,-0.0814158096909523,0.45028284192085266
0.028553973883390427,0.0026778848841786385,12.79880142211914,-0.08167392760515213,0.45329251885414124
0.029024172574281693,0.0027459070552140474,13.156309127807617,-0.08121989667415619,0.448298841714859
0.02875344268977642,0.0026839270722121,12.81352424621582,-0.08150778710842133,0.45298099517822266
0.02834719605743885,0.002637262688949704,12.69271183013916,-0.08177588135004044,0.44902634620666504
0.028155144304037094,0.0025821824092417955,12.610340118408203,-0.08100862056016922,0.453964501619339
0.028462061658501625,0.0026301073376089334,13.022436141967773,-0.08241789042949677,0.4538324177265167
0.028194529935717583,0.0025797870475798845,12.572016716003418,-0.08065161108970642,0.4518785774707794
0.028089389204978943,0.002569957170635462,12.363563537597656,-0.08173441141843796,0.4510258734226227
0.028915226459503174,0.00273839826695621,12.99837589263916,-0.08123328536748886,0.44826433062553406
0.029452340677380562,0.002831149147823453,13.653573989868164,-0.08164849132299423,0.449372261762619
0.03123171254992485,0.0032318916637450457,13.957807540893555,-0.0813983678817749,0.4490232467651367
0.030866125598549843,0.003092963946983218,14.663558959960938,-0.08121263235807419,0.44651544094085693
0.029627224430441856,0.002859173808246851,13.560317039489746,-0.08157860487699509,0.4470936357975006
0.028940560296177864,0.00273072044365108,13.04826831817627,-0.08128862828016281,0.4482322037220001
0.028517285361886024,0.0026507473085075617,12.655869483947754,-0.08109869062900543,0.4541884660720825
0.028156086802482605,0.002594259800389409,12.482059478759766,-0.08190204203128815,0.4535920321941376
0.0283031202852726,0.0026215328834950924,12.66517448425293,-0.08116234093904495,0.45206746459007263
0.02888869307935238,0.0027100087609142065,13.213176727294922,-0.08140654116868973,0.4538625478744507
0.028479233384132385,0.002647609682753682,12.957571029663086,-0.0814051404595375,0.45340991020202637
0.02845253422856331,0.0026311888359487057,12.880125999450684,-0.0815473347902298,0.451654314994812
0.028265345841646194,0.002582086715847254,12.559972763061523,-0.08197259157896042,0.4506751000881195
0.028248868882656097,0.0026035960763692856,12.395577430725098,-0.08121005445718765,0.4508134126663208
0.028021182864904404,0.0025431334506720304,12.48978328704834,-0.08121033757925034,0.45397672057151794
0.027946628630161285,0.0025445446372032166,12.428678512573242,-0.0816713348031044,0.45409950613975525
0.027991490438580513,0.0025441229809075594,12.423030853271484,-0.08155573159456253,0.45386359095573425
0.028003642335534096,0.0025653669144958258,12.656245231628418,-0.08096202462911606,0.45058441162109375
0.027784541249275208,0.002541935071349144,12.277839660644531,-0.08170143514871597,0.4546423852443695
0.02783292904496193,0.0025368621572852135,12.185406684875488,-0.08155744522809982,0.45081838965415955
0.02860528789460659,0.0026710957754403353,13.257737159729004,-0.08200409263372421,0.45464158058166504
0.028669415041804314,0.0026694682892411947,12.784265518188477,-0.08082568645477295,0.4529913365840912
0.028491901233792305,0.002640876453369856,12.79753303527832,-0.08166278898715973,0.45329996943473816
0.02848229371011257,0.0026402915827929974,12.725347518920898,-0.08175577968358994,0.4524136781692505
0.028098279610276222,0.002592891687527299,12.558963775634766,-0.0811985582113266,0.45090946555137634
0.028167415410280228,0.0025975240860134363,12.581583976745605,-0.08148898929357529,0.4489462375640869
0.028640829026699066,0.002688185079023242,12.889892578125,-0.08162588626146317,0.45421531796455383
0.028999794274568558,0.0027586433570832014,13.051529884338379,-0.08126379549503326,0.4506819546222687
0.02852010354399681,0.0026626938488334417,13.116961479187012,-0.0819353461265564,0.4534813463687897
0.02857518382370472,0.0026579697150737047,12.984107971191406,-0.08095096051692963,0.45402249693870544
0.028443029150366783,0.002657262608408928,12.345436096191406,-0.08126810938119888,0.45186033844947815
0.028957128524780273,0.0027510651852935553,13.252495765686035,-0.08219052106142044,0.4535062313079834
0.028286680579185486,0.0026057944633066654,12.696557998657227,-0.08112715929746628,0.45164474844932556
0.02774142473936081,0.0025184783153235912,12.312312126159668,-0.08168566972017288,0.45324039459228516
0.027461139485239983,0.002470987616106868,11.774774551391602,-0.08162952214479446,0.454763799905777
0.027802659198641777,0.0025262825656682253,12.3226318359375,-0.08145979046821594,0.45407620072364807
0.027935409918427467,0.002547207288444042,12.474221229553223,-0.08173798769712448,0.45458975434303284
0.027848798781633377,0.0025230993051081896,12.221184730529785,-0.081728994846344,0.4509310722351074
0.02758624404668808,0.002488901372998953,12.112520217895508,-0.08204283565282822,0.45169878005981445
0.027682015672326088,0.002507160184904933,12.400167465209961,-0.08106878399848938,0.45477452874183655
0.027862580493092537,0.0025274669751524925,12.422012329101562,-0.0814271941781044,0.454827219247818
0.027722440659999847,0.0025026421062648296,12.294363975524902,-0.08166475594043732,0.45533931255340576
0.02789393812417984,0.002537807449698448,12.146854400634766,-0.0813966765999794,0.45085033774375916
0.02790684811770916,0.0025510580744594336,12.175875663757324,-0.0814964771270752,0.45480847358703613
0.028517160564661026,0.00264434190467,13.037325859069824,-0.08155675232410431,0.4527304172515869
0.02866377867758274,0.002684379927814007,13.351061820983887,-0.08119165152311325,0.4504998028278351
0.029461871832609177,0.0028143548406660557,13.644732475280762,-0.0817701444029808,0.45266827940940857
0.02908608876168728,0.0027693144511431456,13.58511734008789,-0.08158113807439804,0.4529867470264435
0.029479075223207474,0.002854232443496585,13.248714447021484,-0.08159385621547699,0.45257338881492615
0.029684191569685936,0.0028867521323263645,13.512067794799805,-0.08086556941270828,0.4490561783313751
0.029284313321113586,0.002793150022625923,13.505430221557617,-0.08175553381443024,0.4473680555820465
0.029611628502607346,0.002857666229829192,13.73704719543457,-0.08119199424982071,0.4503925144672394
0.029729792848229408,0.0028826307971030474,13.595520973205566,-0.08145805448293686,0.45269957184791565
0.029015645384788513,0.002745690755546093,13.449871063232422,-0.08188548684120178,0.45153483748435974
0.028797050938010216,0.0027057023253291845,13.200904846191406,-0.08097220957279205,0.44946572184562683
0.02861686795949936,0.0026426638942211866,13.049503326416016,-0.08148560672998428,0.45391008257865906
0.028488611802458763,0.0026427952107042074,13.011155128479004,-0.08175087720155716,0.45335760712623596
0.02837383560836315,0.002619328210130334,12.559554100036621,-0.08181031048297882,0.45228031277656555
0.028940586373209953,0.0027238631155341864,13.167598724365234,-0.08090965449810028,0.45261678099632263
0.02920933999121189,0.002786541823297739,13.387274742126465,-0.08144319802522659,0.4532293379306793
0.031121525913476944,0.0031322247814387083,14.824195861816406,-0.08110206574201584,0.4491160809993744
0.030688727274537086,0.0030422888230532408,14.143566131591797,-0.08151782304048538,0.45041728019714355
0.030361268669366837,0.0029873978346586227,14.427778244018555,-0.08137017488479614,0.4500698745250702
0.029629476368427277,0.0028506717644631863,13.91942310333252,-0.08084747195243835,0.45378386974334717
0.029717573896050453,0.0028573889285326004,13.746977806091309,-0.08226902037858963,0.44545793533325195
0.02886820212006569,0.0027085007168352604,13.308303833007812,-0.08123252540826797,0.4514524042606354
0.028280066326260567,0.002591440686956048,12.613174438476562,-0.08131781220436096,0.45082470774650574
0.028196141123771667,0.0025784671306610107,12.654792785644531,-0.08154807984828949,0.45257890224456787
0.027787407860159874,0.0025180066004395485,12.355469703674316,-0.08191939443349838,0.4542938768863678
0.027332935482263565,0.002459194278344512,11.90651798248291,-0.08123110234737396,0.4545198380947113
0.027229515835642815,0.0024325151462107897,12.120306968688965,-0.08168233931064606,0.4540795385837555
0.02703024446964264,0.0024161592591553926,11.764609336853027,-0.08125343918800354,0.4555075168609619
0.027185583487153053,0.0024238834157586098,12.032835960388184,-0.08180961012840271,0.45264145731925964
0.027206914499402046,0.002423614962026477,11.686864852905273,-0.08179114758968353,0.4559134542942047
0.027354063466191292,0.0024370835162699223,11.779178619384766,-0.0813409760594368,0.45209169387817383
0.0272658821195364,0.0024471499491482973,11.902265548706055,-0.08157575875520706,0.45226237177848816
0.027872884646058083,0.0025361801963299513,12.461094856262207,-0.0816740021109581,0.4543081820011139
0.02911563776433468,0.0027597129810601473,13.231646537780762,-0.0817677229642868,0.45087718963623047
0.029653189703822136,0.0028578948695212603,14.066858291625977,-0.08055171370506287,0.4496900737285614
0.02888859063386917,0.0027127135545015335,13.502647399902344,-0.08217313140630722,0.4502643644809723
0.028189701959490776,0.0025905012153089046,12.71757984161377,-0.08151741325855255,0.4538099467754364
0.028146877884864807,0.0025871703401207924,12.437978744506836,-0.08150631189346313,0.4545009136199951
0.027673820033669472,0.0025012206751853228,12.080848693847656,-0.08138330280780792,0.45143210887908936
0.0274296123534441,0.002470875857397914,12.191725730895996,-0.08139845728874207,0.45421358942985535
0.027258597314357758,0.002436670707538724,11.677401542663574,-0.0818709209561348,0.45496073365211487
0.027094364166259766,0.002412659116089344,12.042753219604492,-0.08139147609472275,0.4552497863769531
0.027588268741965294,0.00248241750523448,12.346964836120605,-0.08179410547018051,0.4519007205963135
0.027602041140198708,0.002473443979397416,12.443646430969238,-0.08171266317367554,0.4559115469455719
0.02754865773022175,0.002475240034982562,12.010215759277344,-0.08144087344408035,0.4554106295108795
0.02753964066505432,0.0024718635249882936,12.043493270874023,-0.0817078948020935,0.455404669046402
0.028396982699632645,0.002610368886962533,12.643742561340332,-0.08142004907131195,0.4559662640094757
0.028588755056262016,0.0026462830137461424,12.57300090789795,-0.08068179339170456,0.44960418343544006
0.028983989730477333,0.0027442153077572584,13.268550872802734,-0.08220121264457703,0.4546256363391876
0.028667258098721504,0.0026760557666420937,13.118038177490234,-0.08159006386995316,0.45278891921043396
0.02869892306625843,0.00266829552128911,12.805299758911133,-0.08080597966909409,0.4484999179840088
0.02897227555513382,0.0027366040740162134,13.237264633178711,-0.08197996020317078,0.4498406946659088
0.028285875916481018,0.0025975857861340046,13.044638633728027,-0.08124343305826187,0.45057034492492676
0.028498686850070953,0.0026241654995828867,12.648911476135254,-0.0815020203590393,0.45246830582618713
0.028569206595420837,0.0026630691718310118,13.113215446472168,-0.0815211832523346,0.4534887969493866
0.02806784212589264,0.0025485162623226643,12.781356811523438,-0.08131096512079239,0.4547279179096222
0.028052378445863724,0.0025567072443664074,12.485730171203613,-0.08157968521118164,0.4540952444076538
0.027926867827773094,0.002557809930294752,12.237863540649414,-0.08147293329238892,0.45443597435951233
0.027729684486985207,0.0025188785512000322,12.39452075958252,-0.08228348940610886,0.45576760172843933
0.028190281242132187,0.0025683464482426643,13.066522598266602,-0.08124969899654388,0.45409202575683594
0.028342554345726967,0.0026325855869799852,12.918706893920898,-0.0812593549489975,0.4527875483036041
0.02805948257446289,0.0025682339910417795,12.77603530883789,-0.08197052776813507,0.4526374340057373
0.027642162516713142,0.002480106893926859,12.188145637512207,-0.08160314708948135,0.4539189636707306
0.02796892449259758,0.0025663203559815884,12.591692924499512,-0.08212053030729294,0.4533398151397705
0.027832893654704094,0.0025188142899423838,12.504364013671875,-0.0809275358915329,0.45457184314727783
0.027260346338152885,0.00244754645973444,12.030784606933594,-0.08201775699853897,0.45508790016174316
0.027334174141287804,0.002432454377412796,12.259828567504883,-0.08128099888563156,0.45506128668785095
0.0273936465382576,0.0024499124847352505,11.846935272216797,-0.08168863505125046,0.45150843262672424
0.027190299704670906,0.0024284229148179293,11.780753135681152,-0.08167912811040878,0.4554903209209442
0.027578510344028473,0.0024800258688628674,12.371435165405273,-0.08181769400835037,0.4551145136356354
0.028587929904460907,0.002637264784425497,13.364646911621094,-0.08160506188869476,0.45348644256591797
0.02883990667760372,0.002699685748666525,13.204401016235352,-0.08132521063089371,0.4509892463684082
0.028365930542349815,0.0026147691532969475,12.67583179473877,-0.08135449141263962,0.45322850346565247
0.028664981946349144,0.0026897720526903868,13.237479209899902,-0.08185216784477234,0.4544036388397217
0.027888869866728783,0.002552796620875597,12.2305269241333,-0.08129429072141647,0.4513112008571625
0.028192704543471336,0.002572533441707492,12.551777839660645,-0.08185107260942459,0.4554600715637207
0.02859182469546795,0.002645703498274088,13.262381553649902,-0.08192868530750275,0.4551064670085907
0.029224669560790062,0.00276929815299809,13.01827335357666,-0.08129475265741348,0.45295801758766174
0.02812441997230053,0.002581295557320118,12.368242263793945,-0.08126376569271088,0.45238348841667175
0.02827773056924343,0.0026071774773299694,12.60607624053955,-0.08103017508983612,0.45414552092552185
0.028029169887304306,0.0025519696064293385,12.625378608703613,-0.08171204477548599,0.45098671317100525
0.027895744889974594,0.0025210650637745857,12.252811431884766,-0.0816912055015564,0.45261749625205994
0.027491768822073936,0.0024729808792471886,12.119955062866211,-0.08150995522737503,0.4547068178653717
0.027315571904182434,0.0024381238035857677,12.347588539123535,-0.08170868456363678,0.45568570494651794
0.027235453948378563,0.0024235642049461603,11.738686561584473,-0.08126801997423172,0.4562258720397949
0.027242666110396385,0.002424259204417467,12.01050090789795,-0.08185507357120514,0.4549030363559723
0.027178242802619934,0.0024048511404544115,11.74073600769043,-0.08168439567089081,0.45411917567253113
0.02752724662423134,0.002485477365553379,12.060515403747559,-0.08185812085866928,0.45467808842658997
0.02833498828113079,0.00260232319124043,12.59579849243164,-0.08134746551513672,0.44882798194885254
0.028668707236647606,0.0026981679257005453,12.92374038696289,-0.081248439848423,0.4530344307422638
0.02861105650663376,0.0026407830882817507,13.00162124633789,-0.08186864852905273,0.4534098207950592
0.027724016457796097,0.002517715562134981,12.298152923583984,-0.08106618374586105,0.4561682641506195
0.02806655876338482,0.0025819693692028522,12.719287872314453,-0.08210907876491547,0.4520406723022461
0.027992265298962593,0.0025400095619261265,12.682755470275879,-0.08105997741222382,0.45571839809417725
0.02762923762202263,0.0024782170075923204,12.176777839660645,-0.08174001425504684,0.4533168375492096
0.028455466032028198,0.002626304514706135,13.095609664916992,-0.08115864545106888,0.4551866054534912
0.028573840856552124,0.002651978749781847,13.01867961883545,-0.08179422467947006,0.45186054706573486
0.027799950912594795,0.0025215367786586285,12.480695724487305,-0.08187355101108551,0.45565494894981384
0.027594666928052902,0.002469833940267563,12.38735580444336,-0.08153798431158066,0.45651665329933167
0.0279067512601614,0.0025266450829803944,12.445230484008789,-0.0820043534040451,0.455814927816391
0.027948155999183655,0.002534701256081462,12.312766075134277,-0.08104878664016724,0.4545011818408966
0.02757985331118107,0.0024625712540000677,12.213370323181152,-0.08201120793819427,0.4563867151737213
0.027480123564600945,0.002458584029227495,12.05415153503418,-0.08142320811748505,0.4562978446483612
0.027148576453328133,0.00239981384947896,11.784964561462402,-0.08139012008905411,0.45283570885658264
0.02727028913795948,0.0024142966140061617,12.232320785522461,-0.08188360929489136,0.4546767771244049
0.02753053978085518,0.002465116325765848,12.219337463378906,-0.08172434568405151,0.45613113045692444
0.02796553634107113,0.002536405110731721,12.6024169921875,-0.08153820037841797,0.4534834623336792
0.02821347489953041,0.002566252602264285,12.768072128295898,-0.08112968504428864,0.45419761538505554
0.027673058211803436,0.0025255929213017225,12.492308616638184,-0.08212452381849289,0.45138826966285706
0.027418989688158035,0.00245123659260571,12.055229187011719,-0.08144185692071915,0.45453405380249023
0.027257056906819344,0.0024223108775913715,11.82666301727295,-0.08130194991827011,0.45584389567375183
0.027305522933602333,0.0024272834416478872,12.050074577331543,-0.08135202527046204,0.45431819558143616
0.02743956260383129,0.0024585260543972254,11.935887336730957,-0.08217502385377884,0.4551795721054077
0.027417458593845367,0.0024490407668054104,12.205687522888184,-0.08160960674285889,0.4552691876888275
0.027435477823019028,0.002436022972688079,12.239629745483398,-0.08152765035629272,0.4556550979614258
0.02776429057121277,0.0024984092451632023,12.188703536987305,-0.08214707672595978,0.45304712653160095
0.02796832285821438,0.002536006271839142,12.466390609741211,-0.08103489130735397,0.4550299346446991
0.02735959179699421,0.002446188358590007,12.293025970458984,-0.08146436512470245,0.45360589027404785
0.027932334691286087,0.002536371350288391,12.541899681091309,-0.08236480504274368,0.45521798729896545
0.028239212930202484,0.0025875805877149105,12.872075080871582,-0.08101191371679306,0.4536963403224945
0.028858080506324768,0.002699596341699362,13.439284324645996,-0.08149754256010056,0.4509068429470062
0.028636999428272247,0.0026589538902044296,13.284034729003906,-0.08173158764839172,0.4543684422969818
0.029757745563983917,0.0028738933615386486,14.310749053955078,-0.08195064961910248,0.45090731978416443
0.029022207483649254,0.0027053363155573606,12.829878807067871,-0.08114887773990631,0.4524136483669281
0.02862057462334633,0.0026643171440809965,13.1069917678833,-0.082137830555439,0.44815966486930847
0.028260475024580956,0.0025836906861513853,13.010920524597168,-0.08119118958711624,0.45589467883110046
0.028009535744786263,0.0025556290056556463,12.78041934967041,-0.08125288784503937,0.45324668288230896
0.028301849961280823,0.002596750855445862,12.927520751953125,-0.08209627866744995,0.4543571472167969
0.028835278004407883,0.0026686773635447025,13.023822784423828,-0.0809929221868515,0.4493947923183441
0.02829231135547161,0.0025850911624729633,12.754137992858887,-0.082187719643116,0.45652568340301514
0.027984322980046272,0.0025379571598023176,12.772597312927246,-0.08121616393327713,0.45490172505378723
0.027595076709985733,0.0024828945752233267,12.225699424743652,-0.08129161596298218,0.4553085267543793
0.027720816433429718,0.0024911486543715,12.591792106628418,-0.08203181624412537,0.45340633392333984
0.02743847481906414,0.0024513425305485725,11.915732383728027,-0.08140150457620621,0.45500314235687256
0.027334993705153465,0.002436438575387001,12.162651062011719,-0.08115755021572113,0.45277345180511475
0.02736498787999153,0.002445345977321267,12.179488182067871,-0.08189351111650467,0.45695987343788147
0.027583805844187737,0.00246751238591969,12.280832290649414,-0.08212500065565109,0.4556387662887573
0.027707720175385475,0.0024943698663264513,12.583283424377441,-0.08152099698781967,0.4520840644836426
0.027585385367274284,0.0024537406861782074,12.460147857666016,-0.08130070567131042,0.4523353576660156
0.027126703411340714,0.0023915476631373167,11.746421813964844,-0.08171229809522629,0.4522625207901001
0.027608346194028854,0.0024772181641310453,12.524022102355957,-0.08131565898656845,0.454717755317688
0.027750343084335327,0.0024935754481703043,12.419169425964355,-0.08160808682441711,0.4517824351787567
0.02724289894104004,0.002409194130450487,12.145502090454102,-0.08180674910545349,0.4565671384334564
0.02709045819938183,0.0023953570052981377,11.859113693237305,-0.08198542147874832,0.45326435565948486
0.026782862842082977,0.002335892990231514,11.649683952331543,-0.08181405812501907,0.4526885449886322
0.026755748316645622,0.0023228477220982313,11.606107711791992,-0.08162913471460342,0.45617949962615967
0.02674691192805767,0.0023429852444678545,11.537099838256836,-0.0817975401878357,0.45598387718200684
0.02687283232808113,0.0023521233815699816,11.882536888122559,-0.08157288283109665,0.4577033519744873
0.026582781225442886,0.002322316402569413,11.611461639404297,-0.08129683881998062,0.45591604709625244
0.02654879540205002,0.0023034117184579372,11.543288230895996,-0.08199484646320343,0.454547643661499
0.02673674188554287,0.0023241075687110424,11.367914199829102,-0.08177629858255386,0.4540310800075531
0.026766043156385422,0.0023413621820509434,11.686710357666016,-0.08122245967388153,0.45638617873191833
0.026940204203128815,0.0023597581312060356,11.661205291748047,-0.08232413232326508,0.4565953314304352
0.027047522366046906,0.0023591676726937294,12.071965217590332,-0.08143925666809082,0.4564448297023773
0.02705157920718193,0.0023759808391332626,12.195537567138672,-0.08150587975978851,0.4558204710483551
0.027554625645279884,0.002476508030667901,12.286763191223145,-0.0821063369512558,0.45242980122566223
0.0279674269258976,0.0025358551647514105,12.744210243225098,-0.08092840760946274,0.4529017508029938
0.027552342042326927,0.0024550589732825756,12.200778007507324,-0.08191566914319992,0.45540866255760193
0.028063399717211723,0.002579211024567485,12.670340538024902,-0.08180014044046402,0.4500368535518646
0.02826974354684353,0.002618454396724701,12.677623748779297,-0.08169237524271011,0.44974467158317566
0.02847437560558319,0.002640846185386181,12.876035690307617,-0.081436887383461,0.454744428396225
0.028203094378113747,0.0025967529509216547,12.486991882324219,-0.08152390271425247,0.4541590213775635
0.027861259877681732,0.0025317873805761337,12.533836364746094,-0.08182857930660248,0.45688164234161377
0.028558852151036263,0.00263913138769567,12.599538803100586,-0.08148277550935745,0.45204246044158936
0.02803078107535839,0.0025375799741595984,12.768479347229004,-0.08091328293085098,0.4541856348514557
0.027240393683314323,0.002425880404189229,12.202187538146973,-0.08246607333421707,0.4563681185245514
0.02719229646027088,0.002400936558842659,11.850357055664062,-0.08122459799051285,0.4570704996585846
0.02723543904721737,0.0023909974843263626,12.178658485412598,-0.0822802409529686,0.45474839210510254
0.026908569037914276,0.002354338765144348,11.889701843261719,-0.08121201395988464,0.45654550194740295
0.027206147089600563,0.0024037910625338554,12.235270500183105,-0.08188877254724503,0.4570561945438385
0.02764851227402687,0.0024734879843890667,12.430741310119629,-0.08158937096595764,0.45620179176330566
0.0276449266821146,0.0024850552435964346,12.486617088317871,-0.08184204250574112,0.4558640420436859
0.027826407924294472,0.0025099876802414656,12.29512882232666,-0.08138544857501984,0.4565589725971222
0.0279980655759573,0.0025283885188400745,13.102043151855469,-0.08197707682847977,0.4551132619380951
0.02771463803946972,0.0024800440296530724,12.276382446289062,-0.08153077214956284,0.4534062445163727
0.027532199397683144,0.0024546999484300613,12.410956382751465,-0.08189622312784195,0.4555583894252777
0.027890723198652267,0.0025336139369755983,12.488694190979004,-0.0815768837928772,0.456587553024292
0.02797047421336174,0.0025210375897586346,12.798858642578125,-0.08145378530025482,0.4541560411453247
0.028144028037786484,0.0025604614056646824,12.52011775970459,-0.08158610761165619,0.4504261910915375
0.027556853368878365,0.002480517141520977,12.174156188964844,-0.0820370689034462,0.4551534354686737
0.027770323678851128,0.0025085166562348604,12.514917373657227,-0.08093920350074768,0.4516165256500244
0.028040964156389236,0.0025496564339846373,12.493839263916016,-0.08235739916563034,0.45253825187683105
0.027786120772361755,0.002488057129085064,12.52164077758789,-0.08102762699127197,0.45718255639076233
0.027204545214772224,0.0024035070091485977,12.268101692199707,-0.08211501687765121,0.45600461959838867
0.027141159400343895,0.0023778313770890236,11.969311714172363,-0.08132218569517136,0.45248380303382874
0.0269525907933712,0.0023738008458167315,11.98360538482666,-0.08156577497720718,0.45645761489868164
0.02734251506626606,0.002430765889585018,12.10260009765625,-0.08165736496448517,0.4548299312591553
0.02732689306139946,0.002410486340522766,12.136488914489746,-0.08202233910560608,0.4543040692806244
0.02713320218026638,0.002393956994637847,12.198060035705566,-0.08178550750017166,0.45238280296325684
0.02729850448668003,0.0024222731590270996,12.374449729919434,-0.0814959853887558,0.45623651146888733
0.027047136798501015,0.002372515620663762,11.920620918273926,-0.08211959898471832,0.45636722445487976
0.027335666120052338,0.002399480901658535,12.153626441955566,-0.0815531387925148,0.45574644207954407
0.026833845302462578,0.0023457114584743977,12.24225902557373,-0.08157910406589508,0.4580174386501312
0.026670975610613823,0.0023104376159608364,11.74403190612793,-0.08158564567565918,0.45351386070251465
0.02672077901661396,0.0023456846829503775,11.511889457702637,-0.08191971480846405,0.45692935585975647
0.02703344076871872,0.0023834332823753357,11.846078872680664,-0.08157476037740707,0.4566739499568939
0.027722571045160294,0.00248497212305665,12.336957931518555,-0.08146405965089798,0.4547429084777832
0.0279691219329834,0.00254933163523674,12.487870216369629,-0.08234293758869171,0.4532508850097656
0.028241531923413277,0.002576784696429968,12.792230606079102,-0.08174742758274078,0.45447710156440735
0.027786264196038246,0.0025046514347195625,12.705378532409668,-0.08140294253826141,0.45270785689353943
0.027920950204133987,0.0025524902157485485,12.767387390136719,-0.08169252425432205,0.45479917526245117
0.02779296785593033,0.0025202299002557993,12.696491241455078,-0.08149510622024536,0.454851895570755
0.02756785787642002,0.002443938748911023,12.110302925109863,-0.08186038583517075,0.4560962915420532
0.027052253484725952,0.002375626238062978,12.063232421875,-0.08156304806470871,0.4547441005706787
0.02693900093436241,0.002357716904953122,11.961051940917969,-0.08205322176218033,0.45649364590644836
0.026606222614645958,0.0022944884840399027,11.352883338928223,-0.08120305836200714,0.45346924662590027
0.02678380161523819,0.0023296482395380735,11.96583366394043,-0.08203884214162827,0.45739975571632385
0.02682851441204548,0.002324834233149886,11.580024719238281,-0.08182418346405029,0.4570934772491455
0.026698384433984756,0.0023061565589159727,11.676636695861816,-0.08132923394441605,0.45592737197875977
0.026541518047451973,0.0022924975492060184,11.425368309020996,-0.08198631554841995,0.45269426703453064
0.026501713320612907,0.002288825809955597,11.650397300720215,-0.08189576864242554,0.4563771188259125
0.026788976043462753,0.0023293879348784685,11.875577926635742,-0.08156680315732956,0.4539380967617035
0.026521960273385048,0.0022910733241587877,11.436956405639648,-0.0817161276936531,0.45708879828453064
0.026562845334410667,0.0022966295946389437,11.915401458740234,-0.08196751773357391,0.45463553071022034
0.026445265859365463,0.0022774420212954283,11.270541191101074,-0.08145231753587723,0.4540652930736542
0.0270420890301466,0.0023846281692385674,11.841108322143555,-0.0820612758398056,0.45368918776512146
0.027600809931755066,0.002471111947670579,12.199666976928711,-0.0814436748623848,0.4552198350429535
0.027726955711841583,0.0025016567669808865,12.593759536743164,-0.08194267749786377,0.4533253610134125
0.028245899826288223,0.0025573577731847763,12.645426750183105,-0.08126944303512573,0.45317909121513367
0.028661668300628662,0.0026529086753726006,12.9053955078125,-0.08212504535913467,0.453194260597229
0.028730688616633415,0.0026688585057854652,13.373326301574707,-0.08132709562778473,0.4517439901828766
0.029501037672162056,0.0028102374635636806,14.33035659790039,-0.08170343935489655,0.45049962401390076
0.029476171359419823,0.002831435529515147,13.844974517822266,-0.08142587542533875,0.45317593216896057
0.030023768544197083,0.002963544800877571,14.537200927734375,-0.08198236674070358,0.45230188965797424
0.031070727854967117,0.0031401922460645437,14.968012809753418,-0.08125537633895874,0.4482077658176422
0.030486710369586945,0.003060173010453582,14.619699478149414,-0.08150254935026169,0.45323446393013
0.02941961959004402,0.0027888582553714514,13.419386863708496,-0.08123470842838287,0.45179104804992676
0.029564600437879562,0.0028115848544985056,13.646951675415039,-0.0815339908003807,0.4554426372051239
0.028442179784178734,0.002642149804159999,13.082786560058594,-0.08205994963645935,0.45633673667907715
0.028651047497987747,0.0026453123427927494,13.265978813171387,-0.08033323287963867,0.45492255687713623
0.027487734332680702,0.0024446421302855015,12.292390823364258,-0.0827658623456955,0.45704030990600586
0.027005081996321678,0.0023716059513390064,11.819164276123047,-0.08082885295152664,0.45437130331993103
0.02682657167315483,0.0023359644692391157,11.555194854736328,-0.08195521682500839,0.4540931284427643
0.026636552065610886,0.0023123519495129585,11.678388595581055,-0.08148222416639328,0.45418715476989746
0.026458939537405968,0.0022770094219595194,11.399675369262695,-0.08198143541812897,0.4571322202682495
0.026583325117826462,0.0022876220755279064,11.759952545166016,-0.08169519156217575,0.4549887478351593
0.02631513774394989,0.0022586388513445854,11.243571281433105,-0.0817015990614891,0.45382872223854065
0.025973951444029808,0.002206985140219331,11.175777435302734,-0.08175469189882278,0.45784494280815125
0.02615472860634327,0.002225262578576803,11.330405235290527,-0.08176101744174957,0.45477262139320374
0.026409292593598366,0.0022685553412884474,11.458223342895508,-0.08186168223619461,0.45791539549827576
0.0265053678303957,0.002284059301018715,11.411314964294434,-0.0813971683382988,0.4574836790561676
0.026358697563409805,0.002258601598441601,11.519635200500488,-0.08212187886238098,0.4541564881801605
0.026408636942505836,0.002265696879476309,11.560843467712402,-0.08182244002819061,0.45803847908973694
0.026586147025227547,0.0022752699442207813,11.732528686523438,-0.08197365701198578,0.4534188508987427
0.026549963280558586,0.0022970542777329683,11.517989158630371,-0.08115695416927338,0.45839056372642517
0.026962293311953545,0.0023453303147107363,12.070104598999023,-0.08223015815019608,0.45622026920318604
0.026747167110443115,0.0023235923144966364,11.631621360778809,-0.081783227622509,0.45815905928611755
0.027134444564580917,0.0023875166662037373,12.200347900390625,-0.08201953023672104,0.4565694332122803
0.02736991085112095,0.0024517939891666174,12.197386741638184,-0.08159834146499634,0.45750418305397034
0.027596574276685715,0.0024728290736675262,12.287692070007324,-0.08124405890703201,0.45607221126556396
0.02755732461810112,0.0024751664604991674,12.356569290161133,-0.08222534507513046,0.4528648853302002
0.027140511199831963,0.002393364207819104,12.347028732299805,-0.08142195641994476,0.452883243560791
0.027104424312710762,0.0023898265790194273,11.784944534301758,-0.08221794664859772,0.45676568150520325
0.026879115030169487,0.0023467051796615124,11.721171379089355,-0.08135206252336502,0.4528331458568573
0.02643359638750553,0.0022849382366985083,11.408217430114746,-0.0817500501871109,0.4575897753238678
0.02646447718143463,0.002264712704345584,11.707855224609375,-0.08182988315820694,0.4582012891769409
0.0263279490172863,0.002248114673420787,11.595149993896484,-0.08188916742801666,0.4582575857639313
0.02633233182132244,0.0022566469851881266,11.670827865600586,-0.08167696744203568,0.45490387082099915
0.026721268892288208,0.002323792316019535,11.79755687713623,-0.08165843784809113,0.45762792229652405
0.02748008631169796,0.0024520966690033674,12.803711891174316,-0.08169707655906677,0.45624396204948425
0.028110835701227188,0.002586142159998417,12.80035400390625,-0.08213423937559128,0.45497623085975647
0.028076879680156708,0.002528308192268014,12.882380485534668,-0.08164425194263458,0.4562685489654541
0.028140293434262276,0.002552962163463235,12.857559204101562,-0.08199469745159149,0.45136117935180664
0.027731649577617645,0.0025010486133396626,12.548101425170898,-0.08099853992462158,0.45074567198753357
0.027322467416524887,0.0024026427417993546,12.030238151550293,-0.08180978894233704,0.45656704902648926
0.027008313685655594,0.002358581405133009,12.041910171508789,-0.08187815546989441,0.45603981614112854
0.027050133794546127,0.0023707798682153225,12.372486114501953,-0.08100509643554688,0.4560171663761139
0.026370638981461525,0.0022710005287081003,11.581650733947754,-0.08194058388471603,0.4558389484882355
0.026408575475215912,0.002258680062368512,11.604016304016113,-0.0819295346736908,0.45801985263824463
0.02610456757247448,0.0022194792982190847,11.253066062927246,-0.08188312500715256,0.4585146903991699
0.0259749423712492,0.002195737324655056,11.337546348571777,-0.08200399577617645,0.4582403898239136
0.025932371616363525,0.00219455873593688,11.050619125366211,-0.08172611147165298,0.45832812786102295
0.026096228510141373,0.0022236788645386696,11.395694732666016,-0.08201161026954651,0.458511084318161
0.02673821896314621,0.0023263408802449703,11.72080135345459,-0.0816400796175003,0.4580206573009491
0.02721484564244747,0.00240565394051373,12.026726722717285,-0.08183977752923965,0.45365092158317566
0.027021236717700958,0.002378270495682955,12.40584659576416,-0.08137217909097672,0.45696890354156494
0.02687598206102848,0.002356850542128086,11.85310173034668,-0.0817285031080246,0.45784077048301697
0.027170859277248383,0.00239981384947896,11.93359661102295,-0.08168324083089828,0.4571385085582733
0.02735678292810917,0.0024246792308986187,12.117823600769043,-0.08247430622577667,0.4571605920791626
0.02713168039917946,0.0023861839435994625,12.254862785339355,-0.08126787096261978,0.4567902982234955
0.026668980717658997,0.0023029749281704426,11.827096939086914,-0.08209361881017685,0.4587334394454956
0.02629566751420498,0.0022547023836523294,11.44597053527832,-0.08153409510850906,0.45747336745262146
0.026151886209845543,0.0022363774478435516,11.668234825134277,-0.08219228684902191,0.45923900604248047
0.026593562215566635,0.0022924605291336775,11.531364440917969,-0.08128120750188828,0.4548224210739136
0.026343107223510742,0.002256223000586033,11.47522258758545,-0.08215969800949097,0.45537951588630676
0.02633717469871044,0.0022519875783473253,11.31967544555664,-0.08147329092025757,0.45777687430381775
0.026334267109632492,0.0022526506800204515,11.684109687805176,-0.0822388082742691,0.4543325901031494
0.027474598959088326,0.0024536428973078728,12.518588066101074,-0.0814700722694397,0.4554111063480377
0.028526805341243744,0.002671058988198638,13.207456588745117,-0.08169323205947876,0.45103350281715393
0.028166403993964195,0.0025575344916433096,12.811744689941406,-0.08215118944644928,0.4553399980068207
0.027843274176120758,0.0025056512095034122,12.992167472839355,-0.0813794955611229,0.4535309374332428
0.028246361762285233,0.0026052729226648808,12.649765014648438,-0.08181934803724289,0.45350852608680725
0.028174933046102524,0.0025582623202353716,13.26083755493164,-0.0816575139760971,0.4549539089202881
0.027791792526841164,0.002527812961488962,12.527956008911133,-0.08230054378509521,0.45580577850341797
0.027647992596030235,0.0024694011081010103,12.704122543334961,-0.08117333054542542,0.45420193672180176
0.027730483561754227,0.002514823107048869,12.587494850158691,-0.08144659548997879,0.4520319402217865
0.02765423059463501,0.0024836095981299877,12.636051177978516,-0.0819079577922821,0.459088534116745
0.027618838474154472,0.0024708809796720743,12.773844718933105,-0.08197256922721863,0.45780396461486816
0.027414677664637566,0.0024089321959763765,12.043159484863281,-0.08178563416004181,0.45739486813545227
0.027115890756249428,0.002374243224039674,11.953192710876465,-0.08124224841594696,0.45360270142555237
0.026895077899098396,0.0023438355419784784,11.917830467224121,-0.08193792402744293,0.4580934941768646
0.026378639042377472,0.002257789019495249,11.388068199157715,-0.08180402219295502,0.45860913395881653
0.026232188567519188,0.0022322870790958405,11.366305351257324,-0.08179197460412979,0.4592157304286957
0.02604578249156475,0.0022115374449640512,11.409369468688965,-0.08172614127397537,0.4550657272338867
0.026769381016492844,0.0023283299524337053,11.927375793457031,-0.08211174607276917,0.45424723625183105
0.026827795431017876,0.002333727665245533,11.98876667022705,-0.0818120688199997,0.4572855532169342
0.026546239852905273,0.002281086053699255,11.645820617675781,-0.08131179213523865,0.4577759802341461
0.026901206001639366,0.002339813159778714,11.975593566894531,-0.08203573524951935,0.45778217911720276
0.02673993818461895,0.0023200928699225187,11.855758666992188,-0.08174772560596466,0.4589601457118988
0.026998918503522873,0.0023549036122858524,11.976910591125488,-0.08214348554611206,0.4542594850063324
0.027161354199051857,0.0023817173205316067,12.200482368469238,-0.08204851299524307,0.4583989083766937
0.027085496112704277,0.0023776842281222343,11.944276809692383,-0.08139816671609879,0.45743831992149353
0.026728861033916473,0.0023222730960696936,11.801029205322266,-0.08146557956933975,0.455636590719223
0.026638343930244446,0.002276571234688163,11.642980575561523,-0.08214223384857178,0.45797356963157654
0.026437262073159218,0.0022566060069948435,11.5209379196167,-0.08174185454845428,0.45875081419944763
0.026849400252103806,0.0023422727826982737,12.108977317810059,-0.08140837401151657,0.45775333046913147
0.027782166376709938,0.002503693103790283,12.873836517333984,-0.08234050124883652,0.4555497169494629
0.02676951326429844,0.002310667186975479,11.875007629394531,-0.08150621503591537,0.4576806128025055
0.026819376274943352,0.0023273013066500425,12.189229965209961,-0.08201020956039429,0.4577585458755493
0.02663683332502842,0.002309347502887249,11.473359107971191,-0.08189025521278381,0.45804476737976074
0.02651575393974781,0.0022728131152689457,11.801283836364746,-0.08136211335659027,0.45416632294654846
0.026919879019260406,0.00232659000903368,11.713235855102539,-0.08200718462467194,0.4559730291366577
0.02732977829873562,0.002404088620096445,12.474345207214355,-0.08130302280187607,0.45895519852638245
0.02684452384710312,0.002327624475583434,12.150745391845703,-0.08183782547712326,0.4575551450252533
0.02645321562886238,0.002265192801132798,11.495086669921875,-0.08240392804145813,0.45836031436920166
0.026503050699830055,0.002272156300023198,11.8567476272583,-0.08171068876981735,0.454308420419693
0.026371829211711884,0.0022592043969780207,11.508773803710938,-0.08171690255403519,0.459415465593338
0.02703876607120037,0.002377511700615287,12.14841365814209,-0.081332266330719,0.4575522840023041
0.02736114151775837,0.0024313824251294136,12.475022315979004,-0.0825108140707016,0.4571608603000641
0.02676180750131607,0.0023153522051870823,11.910285949707031,-0.08146536350250244,0.4587046205997467
0.02630888856947422,0.0022416790015995502,11.519251823425293,-0.08200547099113464,0.4579808712005615
0.02632506750524044,0.002249157987535,11.711889266967773,-0.08183804899454117,0.45592615008354187
0.02707596682012081,0.002368990099057555,12.009095191955566,-0.08168359100818634,0.45861637592315674
0.027143141254782677,0.002388373017311096,12.40466022491455,-0.08220841735601425,0.4539729058742523
0.0266578271985054,0.0023073540069162846,11.940690994262695,-0.08158806711435318,0.4554523527622223
0.026493413373827934,0.0022658691741526127,11.647069931030273,-0.08201850205659866,0.4582763612270355
0.02606303244829178,0.0022007939405739307,11.480688095092773,-0.08157413452863693,0.4554896354675293
0.026018420234322548,0.0022006724029779434,11.093820571899414,-0.08216529339551926,0.4560869634151459
0.026314755901694298,0.0022349213249981403,11.536736488342285,-0.08202330023050308,0.4588526785373688
0.02590436488389969,0.0021841737907379866,11.26827621459961,-0.08180347830057144,0.4564824104309082
0.025925006717443466,0.0021797798108309507,11.237434387207031,-0.08159518241882324,0.45729386806488037
0.02578643336892128,0.002166024874895811,11.134468078613281,-0.08180845528841019,0.4592803418636322
0.025765523314476013,0.0021555142011493444,11.086671829223633,-0.08180759847164154,0.45900794863700867
0.025906754657626152,0.002186270896345377,11.041170120239258,-0.08203063905239105,0.4597031772136688
0.02631453238427639,0.0022379527799785137,11.52098560333252,-0.08216073364019394,0.45888373255729675
0.02677466906607151,0.0023142367135733366,11.904340744018555,-0.08144751191139221,0.4574710428714752
0.026989435777068138,0.0023465438280254602,12.06126880645752,-0.08183631300926208,0.45715805888175964
0.02748199552297592,0.002436453476548195,12.49814510345459,-0.08167634159326553,0.45814767479896545
0.028217321261763573,0.0025757949333637953,13.196249008178711,-0.08163239806890488,0.45789214968681335
0.02795599214732647,0.0025348453782498837,12.830182075500488,-0.08238602429628372,0.4570125639438629
0.028216347098350525,0.0025708319153636694,13.189929962158203,-0.0814078226685524,0.455537885427475
0.027472835034132004,0.002422512974590063,12.194253921508789,-0.08164959400892258,0.45779332518577576
0.027104029431939125,0.002362118801102042,12.163661003112793,-0.08238717913627625,0.45781001448631287
0.026769790798425674,0.0023171796929091215,11.964105606079102,-0.08164510130882263,0.45769500732421875
0.026703618466854095,0.0023098380770534277,12.031424522399902,-0.08137711137533188,0.45801255106925964
0.02671901136636734,0.0023021255619823933,11.695062637329102,-0.08226169645786285,0.4597841203212738
0.027406131848692894,0.0024152465630322695,12.437665939331055,-0.08141292631626129,0.4572812616825104
0.026750482618808746,0.002307813847437501,11.467681884765625,-0.08203130960464478,0.4557916224002838
0.026622941717505455,0.002286299364641309,11.830438613891602,-0.0820666253566742,0.4555652439594269
0.026509586721658707,0.002293047495186329,11.734109878540039,-0.08199658244848251,0.4557249844074249
0.027263471856713295,0.002415879862383008,12.2700834274292,-0.08166533708572388,0.45739302039146423
0.027077574282884598,0.0023773997090756893,11.929499626159668,-0.08208543062210083,0.4569052457809448
0.027416111901402473,0.0024401764385402203,12.460301399230957,-0.08124048262834549,0.4563008248806
0.027118481695652008,0.0023648322094231844,12.365259170532227,-0.0816502496600151,0.45611974596977234
0.026847394183278084,0.002325700595974922,11.536103248596191,-0.08181313425302505,0.4561665952205658
0.02648524008691311,0.002268774900585413,11.837823867797852,-0.08206373453140259,0.4595230519771576
0.026165876537561417,0.0022083213552832603,11.441710472106934,-0.0820823535323143,0.45946046710014343
0.02583642490208149,0.0021683580707758665,11.529984474182129,-0.08164940029382706,0.4605850279331207
0.025733619928359985,0.0021447918843477964,10.863961219787598,-0.08191777020692825,0.45835328102111816
0.025954928249120712,0.0021861607674509287,11.417959213256836,-0.08174704760313034,0.4571133553981781
0.02622653916478157,0.0022282006684690714,11.450237274169922,-0.08169791847467422,0.45566949248313904
0.02630290761590004,0.002233871491625905,11.614429473876953,-0.08198771625757217,0.4550461769104004
0.026351671665906906,0.0022450978867709637,11.55937671661377,-0.08177612721920013,0.4593178927898407
0.025902211666107178,0.002166755497455597,11.077760696411133,-0.08184414356946945,0.45814672112464905
0.02640927955508232,0.002263376722112298,11.375394821166992,-0.08190445601940155,0.4564654529094696
0.02681025303900242,0.002317850012332201,11.862211227416992,-0.08149436116218567,0.45439425110816956
0.02771851047873497,0.0024754342157393694,12.791572570800781,-0.08246289938688278,0.45847758650779724
0.027212493121623993,0.002388593042269349,12.750894546508789,-0.08092087507247925,0.4555031955242157
0.02744261920452118,0.002429113956168294,12.676477432250977,-0.08207368850708008,0.45836901664733887
0.02779577486217022,0.0025146740954369307,12.43823528289795,-0.08211790025234222,0.4565458297729492
0.027850346639752388,0.002485445933416486,12.58462142944336,-0.08130121231079102,0.45696353912353516
0.027231408283114433,0.002400739351287484,12.762933731079102,-0.08169028908014297,0.4575461149215698
0.02668435126543045,0.002291299169883132,11.785494804382324,-0.08171675354242325,0.45741644501686096
0.026941442862153053,0.0023575013037770987,11.973021507263184,-0.08213111758232117,0.4557090699672699
0.02674049884080887,0.0023152364883571863,11.837638854980469,-0.08183039724826813,0.45775720477104187
0.026914797723293304,0.0023582340218126774,11.627202987670898,-0.0815882533788681,0.4536462724208832
0.027066202834248543,0.002361093182116747,12.147109985351562,-0.0821337103843689,0.4581468999385834
0.027047105133533478,0.002382146194577217,11.902076721191406,-0.08172155916690826,0.45854857563972473
0.026629267260432243,0.002273409627377987,11.828577995300293,-0.0819782167673111,0.45751893520355225
0.026874011382460594,0.0023212621454149485,11.95014762878418,-0.08164243400096893,0.45842504501342773
0.026890847831964493,0.002351274248212576,11.96811580657959,-0.0823778435587883,0.4575140178203583
0.027929646894335747,0.0025157593190670013,12.62848949432373,-0.08091400563716888,0.4576360285282135
0.02759023755788803,0.0024579286109656096,12.678558349609375,-0.08224781602621078,0.4572964012622833
0.026826903223991394,0.002320753876119852,11.618587493896484,-0.08190201222896576,0.4553380012512207
0.02673741988837719,0.002312175929546356,11.763460159301758,-0.08110374212265015,0.45513948798179626
0.02706870622932911,0.002369006397202611,12.072293281555176,-0.0823156088590622,0.4576400816440582
0.026691513136029243,0.0022978174965828657,11.880126953125,-0.08151636272668839,0.454484224319458
0.026216592639684677,0.00223151664249599,11.344841957092285,-0.08279792219400406,0.4584498405456543
0.026317527517676353,0.0022311434149742126,11.700592994689941,-0.08132916688919067,0.4591262638568878
0.026066062971949577,0.0021975249983370304,11.24609088897705,-0.08213891088962555,0.45930781960487366
0.026041267439723015,0.0021810350008308887,11.584851264953613,-0.08148106932640076,0.45595240592956543
0.025692803785204887,0.002147848252207041,10.90074348449707,-0.08216839283704758,0.4571040868759155
0.025711508467793465,0.0021484738681465387,11.19888687133789,-0.08195935934782028,0.45597100257873535
0.02584102749824524,0.0021747080609202385,11.27187442779541,-0.08189032971858978,0.45919692516326904
0.026856569573283195,0.002324221422895789,12.079421043395996,-0.08139853179454803,0.4587979316711426
0.027030836790800095,0.002371198032051325,12.407185554504395,-0.08260678499937057,0.45852670073509216
0.026729876175522804,0.0022948263213038445,11.815367698669434,-0.08139459788799286,0.45624199509620667
0.026539448648691177,0.002268609357997775,11.739887237548828,-0.08215385675430298,0.45842671394348145
0.02677925117313862,0.0023198805283755064,11.884284973144531,-0.08191531896591187,0.45837005972862244
0.02676442638039589,0.002299996092915535,11.603726387023926,-0.0817175805568695,0.45708727836608887
0.026728784665465355,0.002301058266311884,11.747714042663574,-0.08182673156261444,0.4583052098751068
0.02647978812456131,0.0022638747468590736,11.782015800476074,-0.08194352686405182,0.4577500820159912
0.026205245405435562,0.0022326712496578693,11.322354316711426,-0.08149705827236176,0.4593564569950104
0.026492394506931305,0.0022612521424889565,11.804214477539062,-0.08209376037120819,0.4558882713317871
0.02663932554423809,0.00228776759468019,11.72944450378418,-0.0820939913392067,0.45829322934150696
0.02634098194539547,0.0022364386823028326,11.960273742675781,-0.08191753178834915,0.4599803686141968
0.026226267218589783,0.002221861621364951,11.532147407531738,-0.08196059614419937,0.45650020241737366
0.026422031223773956,0.002260444452986121,11.93598747253418,-0.08191993087530136,0.45912203192710876
0.026321640238165855,0.002227319637313485,11.814547538757324,-0.0817207470536232,0.4595554769039154
0.026154283434152603,0.0022050845436751842,11.360214233398438,-0.08159858733415604,0.45556268095970154
0.025710662826895714,0.0021505814511328936,11.097123146057129,-0.08191318809986115,0.46076610684394836
0.025848690420389175,0.002173707587644458,11.041891098022461,-0.08217526227235794,0.45988646149635315
0.025981232523918152,0.0021870951168239117,11.087949752807617,-0.08178962022066116,0.4554816484451294
0.02628597617149353,0.0022236143704503775,11.378894805908203,-0.0819384828209877,0.45986413955688477
0.026846781373023987,0.0023062159307301044,11.913918495178223,-0.08178447186946869,0.45509353280067444
0.027083929628133774,0.0023565376177430153,12.187957763671875,-0.08152071386575699,0.458604097366333
0.027269184589385986,0.0024098725989460945,12.505143165588379,-0.08190447837114334,0.4551323652267456
0.02717606909573078,0.0023826665710657835,12.302823066711426,-0.08183718472719193,0.45473766326904297
0.026765072718262672,0.0023024785332381725,11.755375862121582,-0.08138221502304077,0.4581366777420044
0.026364367455244064,0.0022324768360704184,11.797255516052246,-0.08228301256895065,0.45957446098327637
0.026219947263598442,0.002220462542027235,11.469636917114258,-0.0819438099861145,0.4590214490890503
0.026320504024624825,0.0022509433329105377,11.290445327758789,-0.08221178501844406,0.4582364857196808
0.026190966367721558,0.002218604786321521,11.641385078430176,-0.08203503489494324,0.4585120975971222
0.026275580748915672,0.002225706586614251,11.59972858428955,-0.08132458478212357,0.45853713154792786
0.02598354034125805,0.0021826205775141716,11.18624210357666,-0.0820154994726181,0.4595455229282379
0.02591073326766491,0.002164166886359453,11.378399848937988,-0.08202428370714188,0.45961713790893555
0.025771334767341614,0.00213921838440001,11.10335636138916,-0.08182846009731293,0.45978426933288574
0.025513194501399994,0.0021068789064884186,11.039891242980957,-0.08187365531921387,0.4567503035068512
0.025786656886339188,0.0021497823763638735,11.465206146240234,-0.08160138875246048,0.46017101407051086
0.025644691661000252,0.0021345200948417187,11.049768447875977,-0.08204987645149231,0.4569408893585205
0.02610008418560028,0.0021978921722620726,11.41523265838623,-0.08201251924037933,0.45951876044273376
0.026352638378739357,0.0022300395648926497,11.703408241271973,-0.08183930814266205,0.45972880721092224
0.02690199948847294,0.002332322997972369,11.676204681396484,-0.08194011449813843,0.4582020938396454
0.026897700503468513,0.0023290645331144333,11.969436645507812,-0.08178132027387619,0.4585953652858734
0.026683494448661804,0.0022694857325404882,12.029167175292969,-0.08199908584356308,0.45718681812286377
0.02630806528031826,0.00223019951954484,11.663990020751953,-0.08159582316875458,0.4601353406906128
0.02624136582016945,0.002227028599008918,11.414894104003906,-0.08180876821279526,0.45954835414886475
0.026376167312264442,0.002248636679723859,11.52017593383789,-0.08185629546642303,0.4594556391239166
0.025963766500353813,0.0021674090530723333,11.458785057067871,-0.08162809163331985,0.46069303154945374
0.02598452940583229,0.002173416083678603,10.98713493347168,-0.08204018324613571,0.4603915512561798
0.02617892622947693,0.002190745435655117,11.533750534057617,-0.08221682906150818,0.45750656723976135
0.025955654680728912,0.0021867973264306784,11.378273010253906,-0.08190079778432846,0.46095219254493713
0.02631939947605133,0.0022381702437996864,11.58244800567627,-0.08203229308128357,0.45938336849212646
0.026948323473334312,0.00234189722687006,12.204261779785156,-0.08127092570066452,0.45584121346473694
0.02711670845746994,0.002380965044721961,12.540884017944336,-0.08272082358598709,0.459168940782547
0.02738417685031891,0.0024081775918602943,12.472460746765137,-0.08136650919914246,0.45550957322120667
0.027861319482326508,0.0024982208851724863,13.123934745788574,-0.08124341070652008,0.4575442373752594
0.02643185667693615,0.002260268200188875,11.735147476196289,-0.08249279111623764,0.455972284078598
0.026287321001291275,0.0022384265903383493,11.38615894317627,-0.08196078985929489,0.4597533941268921
0.02599443309009075,0.0021804242860525846,11.498367309570312,-0.08117830008268356,0.45955029129981995
0.025908082723617554,0.0021628839895129204,11.296019554138184,-0.08205587416887283,0.46067014336586
0.025804506614804268,0.0021567249204963446,11.003030776977539,-0.08230270445346832,0.4599451720714569
0.02568754553794861,0.0021351673640310764,10.948614120483398,-0.0817507803440094,0.4590693712234497
0.025925347581505775,0.0021723872050642967,11.541579246520996,-0.08174528926610947,0.4572528302669525
0.026095561683177948,0.0022041830234229565,11.385300636291504,-0.08232159167528152,0.4595283567905426
0.025956396013498306,0.0021787257865071297,11.158236503601074,-0.08147119730710983,0.45885297656059265
0.026057139039039612,0.0022104750387370586,11.253192901611328,-0.08207068592309952,0.4582986533641815
0.026572944596409798,0.002267785370349884,11.760584831237793,-0.08193113654851913,0.4593835771083832
0.02685818262398243,0.0023288133088499308,11.922828674316406,-0.0817670002579689,0.4581095278263092
0.027182867750525475,0.0023671365343034267,12.146445274353027,-0.08197260648012161,0.4556247889995575
0.02705714851617813,0.0023500139359384775,12.192337036132812,-0.08164619654417038,0.4578700363636017
0.02652701735496521,0.0022734918165951967,11.746807098388672,-0.08216974139213562,0.45914706587791443
0.02694072015583515,0.0023384036030620337,12.010894775390625,-0.08163768798112869,0.4585679769515991
0.02654515579342842,0.0022699476685374975,11.763951301574707,-0.08217166364192963,0.46081438660621643
0.026312345638871193,0.0022328230552375317,11.784136772155762,-0.08105142414569855,0.4598788321018219
0.02629414014518261,0.0022247214801609516,11.668243408203125,-0.08211734145879745,0.4607502222061157
0.026887843385338783,0.00231078639626503,12.129949569702148,-0.08159847557544708,0.45538198947906494
0.027169637382030487,0.0023783533833920956,12.62188720703125,-0.08199883252382278,0.45848050713539124
0.02697841078042984,0.0023304661735892296,11.79259967803955,-0.08141017705202103,0.4580194056034088
0.027120791375637054,0.002358249621465802,12.002939224243164,-0.08244678378105164,0.4566088914871216
0.027383139356970787,0.0024117091670632362,12.347625732421875,-0.08124499022960663,0.45437371730804443
0.02740035578608513,0.00242889323271811,12.494543075561523,-0.08176536113023758,0.45930829644203186
0.027290338650345802,0.0023765573278069496,12.672554969787598,-0.08250565081834793,0.4588984251022339
0.027648139744997025,0.00245374976657331,12.756497383117676,-0.08171049505472183,0.45888030529022217
0.02685774303972721,0.0023209520149976015,12.166404724121094,-0.08168347924947739,0.46043825149536133
0.0271596759557724,0.0023973146453499794,12.379071235656738,-0.0815158486366272,0.45442405343055725
0.027644580230116844,0.002481696428731084,12.520862579345703,-0.0817997083067894,0.45733642578125
0.026894504204392433,0.002318216487765312,11.896973609924316,-0.08216734975576401,0.45387038588523865
0.026467621326446533,0.0022591445595026016,11.741024017333984,-0.08169636130332947,0.4598940908908844
0.026563778519630432,0.0022757877595722675,11.811811447143555,-0.0822126716375351,0.4556855261325836
0.026495609432458878,0.002260059816762805,11.996291160583496,-0.08125631511211395,0.4589732587337494
0.026230936869978905,0.0022172071039676666,11.473779678344727,-0.08227231353521347,0.46027255058288574
0.02607610821723938,0.002195785054937005,11.331888198852539,-0.08172566443681717,0.45963168144226074
0.0258838701993227,0.0021624108776450157,11.189811706542969,-0.0817783921957016,0.45769524574279785
0.025697652250528336,0.0021391287446022034,10.992852210998535,-0.08173080533742905,0.4602470099925995
0.025670945644378662,0.0021246331743896008,11.15661907196045,-0.08197692781686783,0.46068692207336426
0.02547810599207878,0.002102488186210394,10.829031944274902,-0.0818985179066658,0.4617944657802582
0.02550414204597473,0.0021039897110313177,11.064955711364746,-0.0819568932056427,0.46038392186164856
0.025380471721291542,0.0020882762037217617,11.083563804626465,-0.08214736729860306,0.4579622447490692
0.025390321388840675,0.002095232717692852,10.925033569335938,-0.08183508366346359,0.4599078595638275
0.02546822652220726,0.0021011498756706715,11.040608406066895,-0.0820649042725563,0.45744672417640686
0.025923950597643852,0.002169681480154395,11.228672981262207,-0.08214174956083298,0.4594704210758209
0.025916635990142822,0.002172308973968029,11.518686294555664,-0.08149604499340057,0.460586279630661
0.02636944130063057,0.0022266539745032787,11.788116455078125,-0.08210530877113342,0.4558417797088623
0.02618502825498581,0.0021943298634141684,11.705605506896973,-0.08137188851833344,0.45704707503318787
0.02587050385773182,0.0021620236802846193,11.60746955871582,-0.08285205811262131,0.45976877212524414
0.025644971057772636,0.002118145115673542,11.0174560546875,-0.08142413198947906,0.46049582958221436
0.0253630168735981,0.0020860545337200165,10.792428016662598,-0.08201483637094498,0.46046242117881775
0.025490310043096542,0.0021081618033349514,11.078194618225098,-0.08181658387184143,0.4603092670440674
0.025522498413920403,0.0021067792549729347,11.027182579040527,-0.08179407566785812,0.45655927062034607
0.02570367604494095,0.002134687500074506,11.203177452087402,-0.08242681622505188,0.46129655838012695
0.02588547207415104,0.002158957999199629,11.090259552001953,-0.08108258992433548,0.46072104573249817
0.026563148945569992,0.00227354490198195,11.688726425170898,-0.08217747509479523,0.46047815680503845
0.027071528136730194,0.0023638601414859295,12.349056243896484,-0.08188198506832123,0.45873966813087463
0.02707516960799694,0.0023459603544324636,12.392152786254883,-0.08245255798101425,0.4551878869533539
0.02669236622750759,0.002297196537256241,11.712660789489746,-0.08144985884428024,0.4589768946170807
0.026533788070082664,0.002255611587315798,11.78977108001709,-0.08173252642154694,0.45944440364837646
0.02622133493423462,0.002202890580520034,11.637444496154785,-0.08211269229650497,0.46087339520454407
0.026099462062120438,0.002194541972130537,11.689497947692871,-0.0819285586476326,0.46088406443595886
0.02628563717007637,0.0022051676642149687,11.75000286102295,-0.08167542517185211,0.46036967635154724
0.026064366102218628,0.0021964285988360643,11.240607261657715,-0.08188585191965103,0.4602866470813751
0.025654543191194534,0.002124721184372902,11.38697624206543,-0.08217396587133408,0.45685288310050964
0.025519374758005142,0.0021113904658704996,10.799302101135254,-0.08171585202217102,0.4573812782764435
0.025591298937797546,0.0021185544319450855,10.93969440460205,-0.08198396861553192,0.4614134728908539
0.02564743347465992,0.0021076975390315056,11.277785301208496,-0.08193669468164444,0.4610884487628937
0.025452870875597,0.002095024334266782,11.160770416259766,-0.08207978308200836,0.4575375020503998
0.02552415430545807,0.0021097310818731785,10.956958770751953,-0.08201964199542999,0.46084508299827576
0.02541964314877987,0.0020681223832070827,10.759676933288574,-0.0820014551281929,0.46119633316993713
0.025281215086579323,0.002076901961117983,10.782920837402344,-0.0814267247915268,0.46063628792762756
0.0255531407892704,0.002118158619850874,11.20664119720459,-0.08233307301998138,0.4615391194820404
0.025462929159402847,0.0020940296817570925,11.07912540435791,-0.08189486712217331,0.4609754979610443
0.0263818372040987,0.0022355373948812485,11.716721534729004,-0.08256658166646957,0.4595068395137787
0.026253793388605118,0.002237458946183324,11.581843376159668,-0.08166270703077316,0.45552635192871094
0.025887923315167427,0.0021558203734457493,11.274991035461426,-0.0819205567240715,0.4603766202926636
0.026058467105031013,0.0021741404198110104,11.393095016479492,-0.08144820481538773,0.4616837501525879
0.026148932054638863,0.002211186569184065,11.88554859161377,-0.08216509222984314,0.4595165550708771
0.026202769950032234,0.00219624862074852,11.778815269470215,-0.08223327994346619,0.4559555947780609
0.025929709896445274,0.0021721688099205494,11.41150188446045,-0.08199816942214966,0.46081939339637756
0.026431061327457428,0.0022471097763627768,11.741962432861328,-0.08113329857587814,0.46144136786460876
0.02608278952538967,0.0022007774095982313,11.65555477142334,-0.0827408879995346,0.45650413632392883
0.026176370680332184,0.0022085898090153933,11.430234909057617,-0.0812397301197052,0.4589961767196655
0.02595471777021885,0.002167035825550556,11.362902641296387,-0.08273156732320786,0.45800307393074036
0.025581125169992447,0.002115742303431034,11.213212013244629,-0.08174502849578857,0.4583776295185089
0.025545969605445862,0.002101775724440813,11.103548049926758,-0.08232484012842178,0.4616403579711914
0.025601381435990334,0.0021086845081299543,11.177977561950684,-0.08147355169057846,0.4610776901245117
0.025578904896974564,0.002092661103233695,10.909765243530273,-0.08233215659856796,0.46071529388427734
0.02552976831793785,0.0021143918856978416,11.065301895141602,-0.08169965445995331,0.4611384868621826
0.02548445761203766,0.002094241790473461,11.244927406311035,-0.08218373358249664,0.4623624384403229
0.02594207413494587,0.0021666954271495342,11.367993354797363,-0.08188755810260773,0.4604569971561432
0.025758715346455574,0.0021450063213706017,11.01304817199707,-0.0820932388305664,0.46037372946739197
0.02565075270831585,0.00212057214230299,11.160985946655273,-0.08187427371740341,0.4577357769012451
0.025744574144482613,0.00213071727193892,11.237874984741211,-0.08177055418491364,0.4612393379211426
0.025553729385137558,0.002112557413056493,10.850988388061523,-0.0822332501411438,0.46085408329963684
0.025511164218187332,0.002095977310091257,11.130350112915039,-0.08207294344902039,0.45920291543006897
0.025514991953969002,0.002096278127282858,10.93465518951416,-0.08185319602489471,0.4567769765853882
0.0257854200899601,0.002118788892403245,11.541794776916504,-0.08214542269706726,0.4617749750614166
0.025483937934041023,0.0020930375903844833,10.874932289123535,-0.0817507952451706,0.46141716837882996
0.025094609707593918,0.0020377731416374445,10.767077445983887,-0.08185310661792755,0.4618290662765503
0.02502058818936348,0.0020337209571152925,10.660540580749512,-0.08249039202928543,0.4615829885005951
0.0249951034784317,0.0020322545897215605,10.539002418518066,-0.0819072425365448,0.46162891387939453
0.025061069056391716,0.0020487026777118444,10.706761360168457,-0.0816912055015564,0.459194540977478
0.02521783672273159,0.002053296659141779,10.99996280670166,-0.08202752470970154,0.461261123418808
0.02549050934612751,0.002096113981679082,10.917012214660645,-0.0820290744304657,0.45710256695747375
0.025869177654385567,0.002148009603843093,11.678950309753418,-0.08180949836969376,0.4613180458545685
0.025756554678082466,0.002129381988197565,11.435364723205566,-0.08202823251485825,0.45709455013275146
0.02528628334403038,0.0020571318455040455,10.773473739624023,-0.08166791498661041,0.46124181151390076
0.025250716134905815,0.002050172770395875,10.791879653930664,-0.08234231173992157,0.46268805861473083
0.025211667641997337,0.0020639209542423487,10.922338485717773,-0.08178827911615372,0.4580318033695221
0.02519978955388069,0.0020546456798911095,10.756858825683594,-0.08215848356485367,0.46242913603782654
0.025180524215102196,0.002037347760051489,10.946932792663574,-0.08194553852081299,0.4597803056240082
0.025546671822667122,0.0021032532677054405,11.181694030761719,-0.0823887512087822,0.46255287528038025
0.02551240846514702,0.002096989192068577,10.966434478759766,-0.0814984068274498,0.4609327018260956
0.02556789480149746,0.0020964285358786583,11.124940872192383,-0.0821068286895752,0.4610987901687622
0.025839097797870636,0.002157696057111025,11.310358047485352,-0.08174168318510056,0.4625972509384155
0.026285389438271523,0.0022314144298434258,11.808571815490723,-0.08229399472475052,0.460041880607605
0.027846965938806534,0.0025012237019836903,12.55804443359375,-0.08160830289125443,0.45965853333473206
0.027947545051574707,0.0025371238589286804,12.845463752746582,-0.08173858374357224,0.4557816982269287
0.028563376516103745,0.0026846129912883043,13.696318626403809,-0.08205068111419678,0.4558362066745758
0.028415415436029434,0.002613937947899103,13.735136032104492,-0.08148304373025894,0.4580822288990021
0.026637624949216843,0.0022907822858542204,11.9061279296875,-0.0815059095621109,0.4565119445323944
0.026759406551718712,0.002295925747603178,11.59057903289795,-0.08215446025133133,0.45943334698677063
0.02650517411530018,0.00224423804320395,12.199177742004395,-0.0817064642906189,0.45827069878578186
0.0263241995126009,0.002220726106315851,11.618245124816895,-0.08237583935260773,0.46136340498924255
0.025611339136958122,0.00209953379817307,11.552968978881836,-0.08183889836072922,0.4590646028518677
0.025513265281915665,0.0020867101848125458,10.997315406799316,-0.08209823071956635,0.457812637090683
0.025355976074934006,0.002071196911856532,10.871414184570312,-0.08197960257530212,0.4613046646118164
0.02520398050546646,0.0020374583546072245,10.762933731079102,-0.0820159837603569,0.4619903266429901
0.024875128641724586,0.002009384101256728,10.764521598815918,-0.08186506479978561,0.46175238490104675
0.024926520884037018,0.002017269842326641,10.677596092224121,-0.08213567733764648,0.46284219622612
0.02498798444867134,0.0020169976633042097,10.66995620727539,-0.08225750923156738,0.45945683121681213
0.024968205019831657,0.002014673314988613,10.596190452575684,-0.0817236378788948,0.4625617563724518
0.02504933625459671,0.002022764878347516,10.881174087524414,-0.08232520520687103,0.4623301029205322
0.024959703907370567,0.002017158782109618,10.668315887451172,-0.08182328939437866,0.4626229703426361
0.02503850683569908,0.002023971639573574,10.760964393615723,-0.08200020343065262,0.46264341473579407
0.024907739832997322,0.002021169289946556,10.622431755065918,-0.08243552595376968,0.4590613842010498
0.02511107176542282,0.0020435901824384928,10.768476486206055,-0.0818677619099617,0.4591163098812103
0.025192534551024437,0.00206018821336329,10.655814170837402,-0.08190006762742996,0.46225836873054504
0.025270061567425728,0.002066605258733034,10.939481735229492,-0.08175108581781387,0.4590573012828827
0.025103522464632988,0.002047961577773094,10.968181610107422,-0.08261037617921829,0.46299394965171814
0.025508582592010498,0.0020890969317406416,10.862374305725098,-0.0817524716258049,0.4587439298629761
0.025563495233654976,0.0021062896121293306,11.039016723632812,-0.08166591078042984,0.46238112449645996
0.025395359843969345,0.0020841199439018965,11.073444366455078,-0.08277211338281631,0.46077826619148254
0.025681961327791214,0.002129791071638465,11.171675682067871,-0.08167743682861328,0.45913442969322205
0.02617930993437767,0.0022164280526340008,11.819899559020996,-0.08187983185052872,0.45737504959106445
0.0264871995896101,0.00225803442299366,11.727766036987305,-0.08193754404783249,0.46148577332496643
0.025988230481743813,0.002178638242185116,11.668126106262207,-0.08196201175451279,0.45794788002967834
0.02632681466639042,0.002226587850600481,11.846076011657715,-0.0823737382888794,0.46139082312583923
0.02645040675997734,0.0022436201106756926,11.729063034057617,-0.0815238431096077,0.4592397212982178
0.026637205854058266,0.0022858786396682262,12.156274795532227,-0.08182445168495178,0.4602409899234772
0.027321521192789078,0.0024172004777938128,12.390206336975098,-0.08225823193788528,0.4564545154571533
0.027684828266501427,0.0024506382178515196,12.652510643005371,-0.08143258094787598,0.45917972922325134
0.02719946578145027,0.002365651074796915,12.63949203491211,-0.08222126960754395,0.45699307322502136
0.0261810515075922,0.0021968940272927284,11.52387809753418,-0.08170296996831894,0.457703560590744
0.02587473765015602,0.0021664139349013567,11.461774826049805,-0.08197952061891556,0.4614235460758209
0.02577904798090458,0.0021282127127051353,11.44446849822998,-0.08198429644107819,0.45870932936668396
0.025633029639720917,0.0021317163482308388,11.52835750579834,-0.0818609744310379,0.4599636495113373
0.02627394162118435,0.002235050080344081,11.664793968200684,-0.08188548684120178,0.45744839310646057
0.026153746992349625,0.0022103230003267527,11.703685760498047,-0.08262358605861664,0.4577687680721283
0.025488698855042458,0.002089264802634716,11.285408973693848,-0.08116984367370605,0.46223342418670654
0.025353986769914627,0.0020680264569818974,11.075307846069336,-0.08275207132101059,0.4628629684448242
0.025281265377998352,0.0020540719851851463,10.823365211486816,-0.08144965022802353,0.46259355545043945
0.025405848398804665,0.0020694464910775423,10.964101791381836,-0.08214040845632553,0.46169957518577576
0.025473101064562798,0.002092661103233695,11.514267921447754,-0.08157429844141006,0.4618837535381317
0.025693941861391068,0.0021170172840356827,11.372188568115234,-0.0819167047739029,0.458713173866272
0.02515176311135292,0.002041520783677697,10.699440002441406,-0.08187605440616608,0.4639092981815338
0.0256050918251276,0.002103298669680953,11.274637222290039,-0.08259621262550354,0.46210286021232605
0.025657109916210175,0.0021267272531986237,10.980128288269043,-0.0817427709698677,0.4611109495162964
0.025854093953967094,0.0021504887845367193,11.58619499206543,-0.0816749706864357,0.45705151557922363
0.02607153169810772,0.002168014645576477,11.682732582092285,-0.08268247544765472,0.4589569568634033
0.02548540197312832,0.002095951000228524,11.284370422363281,-0.08152998238801956,0.4592036008834839
0.02587008848786354,0.002162909135222435,11.32801342010498,-0.08254183083772659,0.4595666825771332
0.025666579604148865,0.002125266706570983,11.016615867614746,-0.081694595515728,0.45896148681640625
0.025425443425774574,0.0020830919966101646,11.462345123291016,-0.0816320851445198,0.46270498633384705
0.025130119174718857,0.0020342464558780193,10.8399658203125,-0.08227808773517609,0.4616648852825165
0.024904677644371986,0.002013796241953969,10.760482788085938,-0.08198680728673935,0.46264389157295227
0.02503388375043869,0.002033199882134795,10.845382690429688,-0.08211728185415268,0.46257829666137695
0.024985114112496376,0.002017008140683174,10.674138069152832,-0.08197635412216187,0.4587458670139313
0.02506563626229763,0.002031841780990362,10.594831466674805,-0.08197283744812012,0.4628007709980011
0.02585805393755436,0.002150096697732806,11.605691909790039,-0.08210419863462448,0.4620414972305298
0.025475114583969116,0.0020814992021769285,11.268704414367676,-0.0822531059384346,0.46224308013916016
0.02584128826856613,0.0021570532117038965,11.609210014343262,-0.08224695920944214,0.46128761768341064
0.02624191716313362,0.0022157689090818167,11.605084419250488,-0.08186538517475128,0.45970627665519714
0.02563132718205452,0.0021119890734553337,11.308238983154297,-0.08154665678739548,0.46262815594673157
0.025601061061024666,0.0021189271938055754,11.408641815185547,-0.08169616758823395,0.4622894525527954
0.025543242692947388,0.0020951495971530676,11.149269104003906,-0.08270188421010971,0.4629545509815216
0.02564551681280136,0.0021370083559304476,10.882220268249512,-0.08146604150533676,0.4608233869075775
0.02589109167456627,0.0021561088506132364,11.403589248657227,-0.0823047086596489,0.461358904838562
0.02569396048784256,0.002116441261023283,11.226978302001953,-0.0818994790315628,0.46185222268104553
0.025966817513108253,0.002169794635847211,11.604209899902344,-0.08142222464084625,0.46273699402809143
0.026338545605540276,0.00223988713696599,11.921597480773926,-0.08232520520687103,0.4562680721282959
0.025814997032284737,0.002156701637431979,11.070759773254395,-0.08185706287622452,0.459405779838562
0.025613131001591682,0.0021171404514461756,11.037001609802246,-0.08155305683612823,0.45841774344444275
0.02557661011815071,0.002099954755976796,11.060818672180176,-0.08255064487457275,0.46172213554382324
0.02566138468682766,0.0021236997563391924,11.280540466308594,-0.08214477449655533,0.46306443214416504
0.027080312371253967,0.0023561648558825254,12.655845642089844,-0.08128376305103302,0.45999857783317566
0.026539478451013565,0.002254417398944497,12.091656684875488,-0.08327914029359818,0.4611847400665283
0.025694815441966057,0.0021231386344879866,10.895737648010254,-0.08105595409870148,0.4595988094806671
0.025311395525932312,0.00207808380946517,11.204182624816895,-0.08211500197649002,0.46229031682014465
0.02531133033335209,0.002062362851575017,10.988822937011719,-0.08176974952220917,0.4587833881378174
0.025184638798236847,0.0020364548545330763,10.84533977508545,-0.08247768878936768,0.46244287490844727
0.02511582337319851,0.002032753312960267,10.755845069885254,-0.0820881575345993,0.4601323902606964
0.024947553873062134,0.0020096185617148876,10.768768310546875,-0.08188354969024658,0.4632163345813751
0.02475038543343544,0.001983791822567582,10.712882995605469,-0.08174193650484085,0.46218201518058777
0.025041434913873672,0.002031132346019149,10.614272117614746,-0.08220886439085007,0.4586386978626251
0.025470444932579994,0.002084780717268586,11.186515808105469,-0.08202585577964783,0.4578286111354828
0.025726521387696266,0.0021202550269663334,11.040647506713867,-0.08197177201509476,0.46211540699005127
0.025584612041711807,0.002091724891215563,11.325332641601562,-0.08235237747430801,0.45851930975914
0.02547961287200451,0.002096168464049697,11.337976455688477,-0.08165983110666275,0.4595395624637604
0.0253010094165802,0.0020655763801187277,10.9832763671875,-0.08182401210069656,0.46215465664863586
0.02552446536719799,0.0020905439741909504,10.891059875488281,-0.08247202634811401,0.4618307650089264
0.025515500456094742,0.002110252622514963,11.239198684692383,-0.08225402981042862,0.46247196197509766
0.02513296902179718,0.0020305935759097338,10.796649932861328,-0.081855908036232,0.4630156457424164
0.02482484094798565,0.0019899855833500624,10.760771751403809,-0.08194608986377716,0.45980873703956604
0.024752989411354065,0.001971449237316847,10.565441131591797,-0.08210042864084244,0.46201667189598083
0.024771636351943016,0.001991727389395237,10.448236465454102,-0.08196470141410828,0.45995330810546875
0.024628549814224243,0.001966394018381834,10.301983833312988,-0.08213059604167938,0.46299824118614197
0.024798771366477013,0.001988019561395049,10.707267761230469,-0.08197257667779922,0.4611245095729828
0.025065124034881592,0.0020374557934701443,11.073718070983887,-0.08254514634609222,0.4627176821231842
0.0252128504216671,0.0020422637462615967,10.965903282165527,-0.08128061145544052,0.45870503783226013
0.025486590340733528,0.002099418081343174,11.019124031066895,-0.08238109201192856,0.4596201479434967
0.025819003582000732,0.002142889890819788,11.130182266235352,-0.08196870982646942,0.45952126383781433
0.025998646393418312,0.0021752065513283014,11.319852828979492,-0.08169432729482651,0.4609582722187042
0.02575736865401268,0.0021336062345653772,11.335308074951172,-0.08175763487815857,0.4625574052333832
0.025663619861006737,0.0020938885863870382,11.190529823303223,-0.08198346197605133,0.4624553620815277
0.02532780170440674,0.0020676220301538706,11.095246315002441,-0.08270551264286041,0.463474839925766
0.02590552717447281,0.002149295760318637,11.399888038635254,-0.08128178864717484,0.45788124203681946
0.02619643323123455,0.0022109884303063154,11.746560096740723,-0.08214259892702103,0.46115508675575256
0.0268000066280365,0.0023031311575323343,12.245534896850586,-0.08193694800138474,0.4594677984714508
0.026331830769777298,0.0022140461951494217,11.88403606414795,-0.08281906694173813,0.46236172318458557
0.025746777653694153,0.0021194780711084604,11.286089897155762,-0.08146443217992783,0.46353161334991455
0.02529960311949253,0.002067865338176489,10.92941665649414,-0.08229866623878479,0.45850932598114014
0.025355584919452667,0.002070664893835783,10.839550018310547,-0.08169393241405487,0.4629814326763153
0.025376087054610252,0.0020842752419412136,10.988204956054688,-0.08260585367679596,0.46366772055625916
0.02582252025604248,0.0021550448145717382,11.533371925354004,-0.0811646580696106,0.46312466263771057
0.026090199127793312,0.0021628066897392273,11.539994239807129,-0.0821797251701355,0.46104493737220764
0.025957901030778885,0.0021727806888520718,11.461921691894531,-0.0820116400718689,0.46162864565849304
0.02604535035789013,0.0021521972957998514,11.530842781066895,-0.0823286697268486,0.46292510628700256
0.025298982858657837,0.0020534880459308624,10.84433364868164,-0.08228163421154022,0.46310845017433167
0.025261418893933296,0.002045757370069623,10.867563247680664,-0.08152845501899719,0.4622267782688141
0.025306856259703636,0.00204241881147027,11.10792350769043,-0.08242347091436386,0.4623918831348419
0.025047918781638145,0.0020067808218300343,10.76115608215332,-0.08209064602851868,0.45957446098327637
0.02518574893474579,0.0020250079687684774,10.905631065368652,-0.08227764815092087,0.462727427482605
0.025793008506298065,0.0021217975299805403,11.357621192932129,-0.08220004290342331,0.459041565656662
0.02602066658437252,0.0021579088643193245,11.448776245117188,-0.0816606730222702,0.4579887092113495
0.025926169008016586,0.0021534718107432127,11.868608474731445,-0.08188933879137039,0.4578232765197754
0.02571236714720726,0.002111852867528796,11.082356452941895,-0.08186798542737961,0.4618079960346222
0.02522905170917511,0.002046161098405719,11.069745063781738,-0.08219988644123077,0.46297216415405273
0.024993769824504852,0.002013026038184762,10.627158164978027,-0.08191010355949402,0.46316012740135193
0.02504133991897106,0.002024291316047311,10.925054550170898,-0.08244648575782776,0.4635806381702423
0.02497485652565956,0.0019989472348243,10.85841178894043,-0.0818432942032814,0.4635297358036041
0.024899791926145554,0.001999767730012536,10.94868278503418,-0.08254862576723099,0.46020784974098206
0.02506129816174507,0.002022975590080023,11.0087890625,-0.08159179985523224,0.4604710638523102
0.025310112163424492,0.0020554119255393744,11.288105010986328,-0.08255188167095184,0.46327725052833557
0.024790462106466293,0.0019752951338887215,10.578475952148438,-0.08201941102743149,0.4639522135257721
0.024654243141412735,0.0019576060585677624,10.482772827148438,-0.08190629631280899,0.4605593979358673
0.024652549996972084,0.0019617548678070307,10.52550220489502,-0.08206399530172348,0.4638475179672241
0.02450687065720558,0.0019372936803847551,10.434359550476074,-0.08211418986320496,0.46079301834106445
0.024516098201274872,0.0019469853723421693,10.199989318847656,-0.08175888657569885,0.46280190348625183
0.024448439478874207,0.00193265441339463,10.44194221496582,-0.08252979815006256,0.46362075209617615
0.0246698260307312,0.0019620901439338923,10.478472709655762,-0.08193641155958176,0.4604758322238922
0.024853838607668877,0.001990395598113537,10.773210525512695,-0.08227625489234924,0.4643758237361908
0.02499602548778057,0.002020962769165635,10.650741577148438,-0.08224422484636307,0.46297213435173035
0.02504856511950493,0.002017335733398795,11.118690490722656,-0.0818297490477562,0.46362748742103577
0.02527143619954586,0.0020455752965062857,10.878572463989258,-0.08214041590690613,0.46059998869895935
0.025937123224139214,0.0021650001872330904,11.224495887756348,-0.0822959914803505,0.4585648775100708
0.026542434468865395,0.002243918366730213,11.821560859680176,-0.08129189163446426,0.4610649645328522
0.026226291432976723,0.0022103518713265657,12.135327339172363,-0.08233535289764404,0.46180102229118347
0.02609429880976677,0.0021888611372560263,11.213825225830078,-0.08213049918413162,0.457634299993515
0.025644423440098763,0.0021173672284930944,11.639503479003906,-0.0815611481666565,0.46190130710601807
0.0254521407186985,0.002077401615679264,11.074060440063477,-0.08220173418521881,0.46354201436042786
0.025157958269119263,0.002027454786002636,10.77629566192627,-0.08211004734039307,0.4636986553668976
0.024802763015031815,0.001985116396099329,10.735264778137207,-0.08222176879644394,0.46481505036354065
0.024760635569691658,0.0019772059749811888,10.582706451416016,-0.08185833692550659,0.4626805782318115
0.024753039702773094,0.0019758630078285933,10.760710716247559,-0.08211054652929306,0.4636422097682953
0.024944311007857323,0.0020020343363285065,10.629766464233398,-0.08252599090337753,0.4633454382419586
0.02538333088159561,0.0020510212052613497,11.387194633483887,-0.08164381980895996,0.46329498291015625
0.02521340548992157,0.002056608907878399,10.986270904541016,-0.0821743756532669,0.4634701907634735
0.025082716718316078,0.002038409700617194,10.640445709228516,-0.08181352913379669,0.45988938212394714
0.025134090334177017,0.0020208738278597593,10.826739311218262,-0.0825352668762207,0.46331655979156494
0.024957098066806793,0.001996679464355111,11.00041675567627,-0.08228117972612381,0.4642532765865326
0.024722132831811905,0.00197390909306705,10.662503242492676,-0.08192665129899979,0.4644153416156769
0.024591587483882904,0.0019513273146003485,10.549644470214844,-0.0821675956249237,0.46367016434669495
0.024739325046539307,0.001982219750061631,10.693626403808594,-0.08164748549461365,0.4642951190471649
0.025107083842158318,0.0020389638375490904,11.070422172546387,-0.08273782581090927,0.4605279266834259
0.02531682327389717,0.0020494619384407997,11.084928512573242,-0.08183728158473969,0.4641285240650177
0.025556042790412903,0.0020945172291249037,11.335076332092285,-0.08210180699825287,0.46358153223991394
0.025439903140068054,0.0020837639458477497,11.040626525878906,-0.08216457068920135,0.4605283737182617
0.02554575353860855,0.002087157452479005,11.543207168579102,-0.0819772258400917,0.4630831182003021
0.025822224095463753,0.002138617681339383,11.206329345703125,-0.08167845755815506,0.4636498689651489
0.025767385959625244,0.002144320635125041,11.758193016052246,-0.08232368528842926,0.45962953567504883
0.025321878492832184,0.0020665882620960474,11.07422924041748,-0.08201269060373306,0.4645395278930664
0.025455059483647346,0.0020880596712231636,11.000160217285156,-0.08226379752159119,0.46349573135375977
0.02615417167544365,0.00222404976375401,11.570988655090332,-0.08194557577371597,0.4623693525791168
0.026255613192915916,0.0022669476456940174,11.75346565246582,-0.08230187743902206,0.4589056968688965
0.025543343275785446,0.002093140035867691,11.319807052612305,-0.08139840513467789,0.4596971273422241
0.02528788335621357,0.0020603551529347897,11.306318283081055,-0.08301680535078049,0.46261489391326904
0.0252040047198534,0.0020356092136353254,10.83090877532959,-0.08152465522289276,0.46137332916259766
0.0253229271620512,0.0020670732483267784,11.328876495361328,-0.08194880187511444,0.46383190155029297
0.025687512010335922,0.0021132580004632473,11.427563667297363,-0.0815787985920906,0.4643735885620117
0.025817178189754486,0.002135043265298009,11.203493118286133,-0.08248508721590042,0.4636394679546356
0.02580123022198677,0.002144492231309414,11.4132661819458,-0.08193305879831314,0.45934104919433594
0.025556815788149834,0.002087649889290333,11.109636306762695,-0.08165274560451508,0.46317434310913086
0.02541298419237137,0.00205617886967957,11.105504035949707,-0.08268897235393524,0.4634886085987091
0.02522442303597927,0.0020400015637278557,10.90566349029541,-0.08206236362457275,0.4600004255771637
0.025246620178222656,0.002060114638879895,11.083627700805664,-0.08199169486761093,0.46016132831573486
0.02511812001466751,0.002031393814831972,10.744477272033691,-0.08207518607378006,0.46227189898490906
0.02539481781423092,0.002064234809949994,11.034035682678223,-0.0822141170501709,0.46434247493743896
0.025720158591866493,0.0021492759697139263,11.275803565979004,-0.08206744492053986,0.4623054265975952
0.02525976113975048,0.0020400192588567734,11.21129035949707,-0.08194733411073685,0.4635871946811676
0.025266913697123528,0.0020360827911645174,10.96182632446289,-0.08232027292251587,0.46356967091560364
0.025457628071308136,0.0020811003632843494,10.999295234680176,-0.08215978741645813,0.4631778299808502
0.02510172873735428,0.0020224982872605324,11.06624698638916,-0.08194100856781006,0.46340885758399963
0.024690888822078705,0.001958890352398157,10.629683494567871,-0.08208972960710526,0.4614602327346802
0.024812757968902588,0.001975231571123004,10.788924217224121,-0.08205197006464005,0.46089351177215576
0.024544041603803635,0.0019437840674072504,10.504460334777832,-0.08198919147253036,0.46310344338417053
0.02448977530002594,0.001937319291755557,10.596708297729492,-0.08204693347215652,0.46422457695007324
0.02459980733692646,0.0019479271722957492,10.527618408203125,-0.08193990588188171,0.46072205901145935
0.02427353709936142,0.001898459275253117,10.318609237670898,-0.08250362426042557,0.46458861231803894
0.024526648223400116,0.001937364344485104,10.499151229858398,-0.08202467113733292,0.4648582935333252
0.02497083880007267,0.002001596847549081,10.879191398620605,-0.08228858560323715,0.46435508131980896
0.02500021457672119,0.002012707758694887,10.997580528259277,-0.0817423090338707,0.45911145210266113
0.02504875510931015,0.002022413071244955,10.710805892944336,-0.08214861899614334,0.4595879316329956
0.025401005521416664,0.0020665484480559826,11.195755004882812,-0.08173228055238724,0.46377280354499817
0.025704463943839073,0.0021126405335962772,11.798733711242676,-0.08282843977212906,0.45887109637260437
0.02576756291091442,0.0021290609147399664,11.46613883972168,-0.08161313831806183,0.46265360713005066
0.025992857292294502,0.0021522678434848785,11.684585571289062,-0.08174791187047958,0.46268415451049805
0.026346774771809578,0.0022099975030869246,12.229310035705566,-0.08229755610227585,0.46168288588523865
0.025985296815633774,0.0021561700850725174,11.431452751159668,-0.08154265582561493,0.4627656042575836
0.02566075325012207,0.002101798541843891,11.171265602111816,-0.0822579488158226,0.46327343583106995
0.02531747706234455,0.0020615090616047382,11.047682762145996,-0.08261808753013611,0.4620961844921112
0.02554384060204029,0.00208703288808465,11.411787033081055,-0.0817689299583435,0.4601058065891266
0.025097239762544632,0.0020326469093561172,11.125323295593262,-0.08209165930747986,0.46393999457359314
0.025199808180332184,0.0020415615290403366,11.213871955871582,-0.08171495795249939,0.46357324719429016
0.02542705275118351,0.002073637442663312,11.082660675048828,-0.08235528320074081,0.4592861235141754
0.025210455060005188,0.0020586892496794462,11.381553649902344,-0.08220120519399643,0.46342870593070984
0.024940669536590576,0.0019917075987905264,10.587228775024414,-0.08202891796827316,0.46453186869621277
0.024904964491724968,0.0019981749355793,10.668257713317871,-0.0819508284330368,0.46167421340942383
0.0246893223375082,0.0019504466326907277,10.633373260498047,-0.0822753757238388,0.464022159576416
0.024414626881480217,0.0019222887931391597,10.418457984924316,-0.08221378922462463,0.4640537202358246
0.02467109076678753,0.0019452908309176564,10.553462028503418,-0.0817708820104599,0.4642423391342163
0.024882381781935692,0.001978399232029915,10.92579174041748,-0.08207008987665176,0.4637734591960907
0.02546510472893715,0.002094684401527047,11.06843090057373,-0.08220095932483673,0.4631333351135254
0.025729721412062645,0.0021287978161126375,11.419966697692871,-0.0818646028637886,0.45870447158813477
0.025752194225788116,0.0021339310333132744,11.327737808227539,-0.08205053210258484,0.4586585462093353
0.025466589257121086,0.002084973733872175,11.366599082946777,-0.08203979581594467,0.4646717607975006
0.02601500041782856,0.002166892634704709,11.563265800476074,-0.08194709569215775,0.4598638117313385
0.025643667206168175,0.0021111483220010996,11.162035942077637,-0.08222397416830063,0.46134236454963684
0.024972131475806236,0.0020069675520062447,10.840621948242188,-0.0820680782198906,0.46448659896850586
0.024629564955830574,0.0019570812582969666,10.717833518981934,-0.08220554888248444,0.46410349011421204
0.024615030735731125,0.0019456692971289158,10.505011558532715,-0.0822543054819107,0.46118655800819397
0.024507395923137665,0.001937849447131157,10.444744110107422,-0.0817132443189621,0.4638129472732544
0.02442810870707035,0.0019212848274037242,10.303771018981934,-0.08226053416728973,0.4614146649837494
0.02436104603111744,0.0019171114545315504,10.263848304748535,-0.08209466189146042,0.461052268743515
0.024234823882579803,0.001891939784400165,10.259857177734375,-0.08218473196029663,0.46499064564704895
0.02424851432442665,0.0019013294950127602,10.300682067871094,-0.08229605853557587,0.46385207772254944
0.02429450862109661,0.001892728847451508,10.221721649169922,-0.08225664496421814,0.46489882469177246
0.024319427087903023,0.0019097544718533754,10.245512962341309,-0.08203034102916718,0.46128368377685547
0.024561330676078796,0.0019376544514670968,10.631630897521973,-0.08215183764696121,0.46426844596862793
0.02439534291625023,0.001913621206767857,10.469544410705566,-0.08196596801280975,0.464163213968277
0.024474412202835083,0.0019311622017994523,10.398429870605469,-0.08223003149032593,0.46133294701576233
0.02472013048827648,0.001972784521058202,10.576567649841309,-0.0820636972784996,0.46456947922706604
0.025281287729740143,0.002061561681330204,11.136680603027344,-0.08249616622924805,0.46390560269355774
0.025177260860800743,0.002036432968452573,10.956966400146484,-0.0817624107003212,0.46304917335510254
0.025732140988111496,0.0021350563038140535,11.370779991149902,-0.08263043314218521,0.462986558675766
0.026071706786751747,0.0022203766275197268,11.823667526245117,-0.08130137622356415,0.4596700966358185
0.0261691827327013,0.002194328000769019,11.826594352722168,-0.08264981210231781,0.46303439140319824
0.025572221726179123,0.002102755941450596,10.855611801147461,-0.08248990029096603,0.4613082706928253
0.02504369243979454,0.002000486943870783,10.806465148925781,-0.0819358080625534,0.4643028974533081
0.025014132261276245,0.0020106311421841383,10.809953689575195,-0.08209294080734253,0.46466776728630066
0.02548213116824627,0.0020860813092440367,10.983904838562012,-0.08134839683771133,0.4634714424610138
0.0256720669567585,0.002109588123857975,11.303428649902344,-0.0825110375881195,0.45953258872032166
0.02501005493104458,0.001995440572500229,10.567148208618164,-0.08233705908060074,0.46128562092781067
0.024592339992523193,0.001929336111061275,10.697742462158203,-0.08193032443523407,0.46115195751190186
0.02451191656291485,0.0019279869738966227,10.668978691101074,-0.08245629072189331,0.4616423547267914
0.024272887036204338,0.001897357520647347,10.327836036682129,-0.0820552408695221,0.46129366755485535
0.02405088022351265,0.0018788303714245558,10.09330940246582,-0.0823197141289711,0.46527934074401855
0.02434867061674595,0.0019161717500537634,10.29074764251709,-0.08229613304138184,0.46122729778289795
0.024361953139305115,0.001915312954224646,10.340682983398438,-0.08209618926048279,0.4641929566860199
0.02448202110826969,0.001927653793245554,10.680791854858398,-0.08209151774644852,0.46127429604530334
0.024246398359537125,0.0019078771583735943,10.08825969696045,-0.08241315931081772,0.4616224765777588
0.0243437010794878,0.0019119966309517622,10.593474388122559,-0.081935815513134,0.46505436301231384
0.024336280301213264,0.001912028412334621,10.211454391479492,-0.08209995180368423,0.4646925926208496
0.024476712569594383,0.0019271146738901734,10.75721549987793,-0.08205902576446533,0.46372589468955994
0.02427327260375023,0.0019029785180464387,10.171792030334473,-0.08201542496681213,0.4659370183944702
0.024296822026371956,0.0019092187285423279,10.422932624816895,-0.08237554132938385,0.46149420738220215
0.024279261007905006,0.0018936432898044586,10.37062931060791,-0.08228392153978348,0.4623459279537201
0.024565469473600388,0.0019404151244089007,10.731282234191895,-0.08231107145547867,0.462004691362381
0.024515898898243904,0.0019316533580422401,10.758003234863281,-0.08179019391536713,0.4651523530483246
0.0244719460606575,0.0019285668386146426,10.04353141784668,-0.08201321959495544,0.4641815721988678
0.024971192702651024,0.002009367337450385,11.006234169006348,-0.08227808773517609,0.46428796648979187
0.0252032820135355,0.0020401470828801394,10.970479965209961,-0.08231223374605179,0.46366414427757263
0.025256596505641937,0.002042348962277174,11.085485458374023,-0.08237788826227188,0.4648195207118988
0.025062095373868942,0.0020028818398714066,11.111520767211914,-0.08195691555738449,0.4640345871448517
0.0248734001070261,0.0019813813269138336,10.827635765075684,-0.0820518434047699,0.46498188376426697
0.025122933089733124,0.0020364834927022457,10.918617248535156,-0.08215780556201935,0.46347299218177795
0.02515687607228756,0.0020184963941574097,11.290301322937012,-0.0819471925497055,0.46430787444114685
0.025056639686226845,0.002016340848058462,10.818016052246094,-0.081986203789711,0.46326565742492676
0.025031674653291702,0.0019905974622815847,11.099797248840332,-0.08247517049312592,0.46431687474250793
0.02468951977789402,0.00196143239736557,10.557751655578613,-0.08204709738492966,0.4623056948184967
0.024344971403479576,0.0019028234528377652,10.352187156677246,-0.08201763778924942,0.46556520462036133
0.024374371394515038,0.0019093288574367762,10.449713706970215,-0.08223795145750046,0.4623432159423828
0.024679992347955704,0.0019566041883081198,10.711065292358398,-0.08211764693260193,0.4652281701564789
0.025293197482824326,0.0020345167722553015,11.148442268371582,-0.08199306577444077,0.4633876383304596
0.02508164569735527,0.0020202535670250654,10.863598823547363,-0.08209045231342316,0.46352532505989075
0.02531280182301998,0.002047116868197918,11.014060974121094,-0.08203215152025223,0.45898255705833435
0.025360532104969025,0.0020667079370468855,11.143003463745117,-0.08252228051424026,0.46049949526786804
0.024846989661455154,0.0019763235468417406,10.899641990661621,-0.0818878784775734,0.46457839012145996
0.02530675195157528,0.002035787096247077,11.15213394165039,-0.08221662044525146,0.46406614780426025
0.02609080635011196,0.0021693662274628878,11.703834533691406,-0.08236777782440186,0.4639972746372223
0.026478838175535202,0.0022588171996176243,12.099348068237305,-0.0817704126238823,0.46264123916625977
0.025541862472891808,0.0020894480403512716,11.300298690795898,-0.08174183964729309,0.4636951982975006
0.02538040466606617,0.0020538277458399534,11.225000381469727,-0.08203911781311035,0.4645500183105469
0.024620193988084793,0.0019442462362349033,10.617488861083984,-0.08210157603025436,0.4620497226715088
0.024537261575460434,0.001931175123900175,10.459076881408691,-0.08226650208234787,0.46243175864219666
0.024280814453959465,0.001896135974675417,10.365478515625,-0.08215470612049103,0.46270105242729187
0.02421920746564865,0.0018907488556578755,10.29741096496582,-0.08204306662082672,0.4617999792098999
0.024341698735952377,0.0018978520529344678,10.391497611999512,-0.08201690018177032,0.4652743637561798
0.02448171004652977,0.0019179428927600384,10.4637451171875,-0.08239776641130447,0.46472930908203125
0.024997472763061523,0.00199252855964005,10.949347496032715,-0.08205052465200424,0.4642702043056488
0.02493433468043804,0.002004074165597558,10.758785247802734,-0.08196727186441422,0.46477699279785156
0.0253909844905138,0.002059843158349395,11.179521560668945,-0.08244233578443527,0.4630543887615204
0.025430144742131233,0.002064224099740386,11.16493034362793,-0.08210510015487671,0.4614892899990082
0.02553435228765011,0.0020902801770716906,11.455953598022461,-0.0818699523806572,0.4591394364833832
0.02492528036236763,0.0019796504639089108,10.837063789367676,-0.08152192085981369,0.4628364145755768
0.024357004091143608,0.0019079620251432061,10.476048469543457,-0.08269662410020828,0.4656214714050293
0.024072857573628426,0.001874821842648089,10.139673233032227,-0.0819086804986,0.46285656094551086
0.024116652086377144,0.0018646245589479804,10.37553882598877,-0.08233890682458878,0.4655231237411499
0.02408961020410061,0.0018664775416254997,10.3228120803833,-0.08219540119171143,0.4647950232028961
0.02434120513498783,0.0019206431461498141,10.350523948669434,-0.08187689632177353,0.4651908874511719
0.02483641356229782,0.0019622957333922386,10.903985023498535,-0.0822683647274971,0.4652040898799896
0.024864742532372475,0.001979720313102007,10.648180961608887,-0.08265065401792526,0.4652537405490875
0.024804571643471718,0.0019756092224270105,10.550078392028809,-0.08142437040805817,0.46474289894104004
0.024832407012581825,0.001965263159945607,11.228116989135742,-0.08287995308637619,0.46183547377586365
0.024835318326950073,0.001981495413929224,10.57265567779541,-0.08170094341039658,0.46378472447395325
0.024480124935507774,0.0019283561268821359,10.514140129089355,-0.08220656961202621,0.4613533914089203
0.02449287846684456,0.0019333817763254046,10.605352401733398,-0.08209434151649475,0.46236452460289
0.02508712373673916,0.0020263134501874447,10.790281295776367,-0.08224055916070938,0.4634868800640106
0.02485317550599575,0.0019738618284463882,10.54977798461914,-0.081992506980896,0.46540698409080505
0.024911440908908844,0.0019761889707297087,10.879441261291504,-0.08224263787269592,0.4631873071193695
0.025036511942744255,0.0020110229961574078,11.270646095275879,-0.0821695402264595,0.46520254015922546
0.024685975164175034,0.001955845160409808,10.84160327911377,-0.0819828063249588,0.4644838571548462
0.02470015175640583,0.0019347263732925057,10.784339904785156,-0.08286502212285995,0.46559563279151917
0.024877140298485756,0.001974457176402211,10.772296905517578,-0.08197949081659317,0.4639167785644531
0.025145994499325752,0.002016668673604727,11.003426551818848,-0.08182459324598312,0.4609085023403168
0.024541465565562248,0.0019502149662002921,10.302474975585938,-0.08231009542942047,0.4652152955532074
0.02505802921950817,0.002000010572373867,10.88805866241455,-0.08157408237457275,0.465013712644577
0.024703577160835266,0.0019606349524110556,10.737131118774414,-0.08278854191303253,0.4619012773036957
0.025682417675852776,0.0021097753196954727,11.283950805664062,-0.08156192302703857,0.4634401500225067
0.025804225355386734,0.0021472403313964605,11.543975830078125,-0.08240638673305511,0.46425971388816833
0.026298271492123604,0.002214163076132536,11.74213981628418,-0.0818849429488182,0.4590010344982147
0.026297593489289284,0.002220106078311801,12.030338287353516,-0.08224979043006897,0.4590865671634674
0.02581346407532692,0.0021406167652457952,11.517050743103027,-0.08217129111289978,0.46293744444847107
0.0258136335760355,0.0021243568044155836,11.151433944702148,-0.0820188894867897,0.4633067548274994
0.025647355243563652,0.0021128340158611536,11.462661743164062,-0.08181817084550858,0.463454008102417
0.025483479723334312,0.0020712793339043856,11.626964569091797,-0.08210224658250809,0.4635861814022064
0.025127027183771133,0.002019670093432069,11.36824893951416,-0.081821508705616,0.465067058801651
0.02587408944964409,0.0021453993394970894,11.607409477233887,-0.0820050984621048,0.4617055356502533
0.025750940665602684,0.002116830088198185,11.79510498046875,-0.08263275027275085,0.46414124965667725
0.025974450632929802,0.0021605296060442924,11.590754508972168,-0.08185742050409317,0.46277937293052673
0.025540752336382866,0.0020919928792864084,11.428755760192871,-0.08165787160396576,0.4597637951374054
0.024735622107982635,0.001967300660908222,10.633871078491211,-0.08301028609275818,0.4648435115814209
0.02452065795660019,0.0019246017327532172,10.628046989440918,-0.08186402916908264,0.4645926058292389
0.02436996065080166,0.001904765609651804,10.287367820739746,-0.08194774389266968,0.4653896391391754
0.02427983470261097,0.0018865400925278664,10.20405101776123,-0.08224349468946457,0.4653361737728119
0.024090034887194633,0.0018694530008360744,10.00214672088623,-0.0822857990860939,0.46491357684135437
0.024024169892072678,0.0018545947968959808,10.179815292358398,-0.08193265646696091,0.46592772006988525
0.023919381201267242,0.0018428595503792167,10.282470703125,-0.08219163864850998,0.46592608094215393
0.02385793998837471,0.0018307127756997943,10.108469009399414,-0.08208297193050385,0.4663410186767578
0.02384149096906185,0.0018324411939829588,10.04824447631836,-0.08229508250951767,0.465785413980484
0.023890478536486626,0.0018401299603283405,9.867687225341797,-0.08231690526008606,0.4660259187221527
0.023970309644937515,0.0018567933002486825,10.045080184936523,-0.08190880715847015,0.4661184251308441
0.023867685347795486,0.001841845572926104,10.207873344421387,-0.08223585784435272,0.4656020402908325
0.023847859352827072,0.0018369680037721992,10.071768760681152,-0.08212634921073914,0.4625869691371918
0.023891326040029526,0.0018368939636275172,10.167130470275879,-0.08217589557170868,0.46585211157798767
0.023938659578561783,0.001843634177930653,10.144221305847168,-0.08216153830289841,0.4628336429595947
0.02408836968243122,0.0018637727480381727,10.419668197631836,-0.08230850100517273,0.4658004343509674
0.02394217997789383,0.0018415282247588038,10.19719123840332,-0.08205211162567139,0.4624481201171875
0.02386125549674034,0.0018368816236034036,9.903451919555664,-0.08232293277978897,0.46644750237464905
0.0241329874843359,0.0018776744836941361,10.12642765045166,-0.08200394362211227,0.46603110432624817
0.024626458063721657,0.0019411479588598013,10.53639030456543,-0.08241289854049683,0.4664580821990967
0.024649707600474358,0.001959198620170355,10.979947090148926,-0.08197527378797531,0.4659860134124756
0.024507099762558937,0.0019346214830875397,10.564713478088379,-0.08244932442903519,0.46598827838897705
0.024838672950863838,0.001968085765838623,10.846784591674805,-0.08190970122814178,0.46105024218559265
0.02448887564241886,0.0019277420360594988,10.634533882141113,-0.0825263038277626,0.46158310770988464
0.02493714727461338,0.0020089333411306143,10.843266487121582,-0.08211581408977509,0.4657004773616791
0.02465604431927204,0.00195289496332407,10.646846771240234,-0.08193347603082657,0.4648279845714569
0.024295762181282043,0.0018886345205828547,10.399417877197266,-0.08260238915681839,0.46523284912109375
0.024115297943353653,0.0018721563974395394,10.014617919921875,-0.0819881334900856,0.46581903100013733
0.024143913760781288,0.0018717673374339938,10.42326545715332,-0.08230851590633392,0.46292591094970703
0.02424749732017517,0.001886075595393777,10.292069435119629,-0.08188559859991074,0.4660867154598236
0.024756310507655144,0.0019614663906395435,10.823077201843262,-0.08264557272195816,0.4620160162448883
0.02527986280620098,0.002024231944233179,11.237095832824707,-0.08205875009298325,0.4648780822753906
0.025209717452526093,0.00203319126740098,11.007356643676758,-0.08215218037366867,0.4659165143966675
0.025283468887209892,0.002044208347797394,11.269730567932129,-0.08217430859804153,0.46005699038505554
0.02568448707461357,0.0021171250846236944,11.818626403808594,-0.08252725005149841,0.46444573998451233
0.02492266334593296,0.001976358238607645,10.842419624328613,-0.08200249075889587,0.4613015651702881
0.024902967736124992,0.001993766985833645,10.875877380371094,-0.0822790265083313,0.46454206109046936
0.024700041860342026,0.0019607061985880136,10.844351768493652,-0.08205455541610718,0.46470364928245544
0.024347573518753052,0.0019130957080051303,10.343001365661621,-0.08217304199934006,0.4651622474193573
0.024355847388505936,0.0019091875292360783,10.110795974731445,-0.08178839087486267,0.4633304178714752
0.024222325533628464,0.0018708988791331649,10.367892265319824,-0.08256171643733978,0.4656578600406647
0.024333491921424866,0.0019043703796342015,10.427667617797852,-0.0820167288184166,0.4626255929470062
0.024027174338698387,0.0018564341589808464,10.175450325012207,-0.08230940997600555,0.4665141999721527
0.024005327373743057,0.0018568639643490314,10.06308650970459,-0.08220531791448593,0.4659995138645172
0.023831842467188835,0.001830858876928687,10.034356117248535,-0.08227872103452682,0.4664560854434967
0.023742834106087685,0.0018201734637841582,10.084330558776855,-0.08219650387763977,0.46317151188850403
0.023906074464321136,0.0018326907884329557,10.12572193145752,-0.08207844197750092,0.46307650208473206
0.023837173357605934,0.0018307329155504704,10.10843276977539,-0.08215862512588501,0.4663919508457184
0.02396642230451107,0.0018518700962886214,10.051919937133789,-0.08256854116916656,0.4666174650192261
0.024066878482699394,0.001860181801021099,10.427694320678711,-0.08222803473472595,0.466354101896286
0.02401282638311386,0.0018510498339310288,10.14809799194336,-0.0821547582745552,0.4663119316101074
0.024262627586722374,0.0018844035221263766,10.560816764831543,-0.08226538449525833,0.46553754806518555
0.0244905985891819,0.0019265670562162995,10.765602111816406,-0.08221540600061417,0.46529126167297363
0.024161459878087044,0.0018831230700016022,10.22244644165039,-0.08202270418405533,0.4628855288028717
0.024087080731987953,0.0018705707043409348,10.131946563720703,-0.0822252631187439,0.4661855399608612
0.02427823655307293,0.001893630251288414,10.66055679321289,-0.08252105861902237,0.46589890122413635
0.02437792718410492,0.001907073543407023,10.711877822875977,-0.08171016722917557,0.4659546911716461
0.024179548025131226,0.0018767034634947777,10.359688758850098,-0.08242733031511307,0.46573606133461
0.024286221712827682,0.0018972910474985838,10.161988258361816,-0.08226720988750458,0.4632807672023773
0.024465978145599365,0.001920311595313251,10.423738479614258,-0.08206743746995926,0.4657466411590576
0.024386826902627945,0.0019094874151051044,10.148983001708984,-0.08244191110134125,0.46519002318382263
0.02484363131225109,0.0019866989459842443,10.530874252319336,-0.08208802342414856,0.46153655648231506
0.025243336334824562,0.0020262061152607203,11.264617919921875,-0.08211320638656616,0.46526584029197693
0.02551824226975441,0.002110135043039918,11.540395736694336,-0.08200930804014206,0.46553516387939453
0.02599322609603405,0.002204989083111286,11.706315040588379,-0.08223733305931091,0.45951613783836365
0.025934865698218346,0.002154999179765582,11.4498291015625,-0.08210977911949158,0.4608706533908844
0.026007629930973053,0.002161548472940922,12.035529136657715,-0.08187712728977203,0.46170246601104736
0.025172166526317596,0.0020420493092387915,11.255775451660156,-0.08210853487253189,0.460633248090744
0.025396933779120445,0.0020563609432429075,11.419744491577148,-0.08228066563606262,0.4656427800655365
0.025183212012052536,0.0020226517226547003,10.860147476196289,-0.08241444826126099,0.4629914462566376
0.02461807057261467,0.001950860838405788,10.759467124938965,-0.08231496065855026,0.4651150703430176
0.02440625987946987,0.0019096393371000886,10.708735466003418,-0.08163650333881378,0.46567344665527344
0.024719616398215294,0.0019567464478313923,10.509564399719238,-0.08247598260641098,0.4658059775829315
0.024284450337290764,0.0018891635118052363,10.549300193786621,-0.08204831928014755,0.4657939374446869
0.024014784023165703,0.0018540252931416035,10.098393440246582,-0.08253823220729828,0.46589043736457825
0.023877369239926338,0.0018312815809622407,10.11601734161377,-0.08173409104347229,0.46598020195961
0.023973586037755013,0.0018440653802827,10.38280963897705,-0.08247923105955124,0.4665431082248688
0.02430003322660923,0.0019019118044525385,10.151267051696777,-0.08232010900974274,0.4659668505191803
0.024397870525717735,0.0019161615055054426,10.57792854309082,-0.08235664665699005,0.4651513397693634
0.024323025718331337,0.0018997127190232277,10.576859474182129,-0.08188517391681671,0.4655044972896576
0.024146154522895813,0.0018662594957277179,10.054741859436035,-0.08259378373622894,0.4661531448364258
0.02413499914109707,0.0018605972873046994,10.417909622192383,-0.0823967233300209,0.46698999404907227
0.024100525304675102,0.0018661627545952797,10.311088562011719,-0.08189620822668076,0.466279536485672
0.02416033297777176,0.0018711687298491597,10.375866889953613,-0.08207584917545319,0.46647825837135315
0.024446381255984306,0.0019173220498487353,10.633172035217285,-0.08193670958280563,0.46492210030555725
0.024625342339277267,0.0019294206285849214,10.743618965148926,-0.08236861974000931,0.4618389904499054
0.024449234828352928,0.0019179072696715593,10.599185943603516,-0.08202658593654633,0.4654746353626251
0.024271894246339798,0.0018851737258955836,10.258567810058594,-0.08261124789714813,0.46369919180870056
0.02400793321430683,0.0018430878408253193,10.189080238342285,-0.08217445015907288,0.4626739025115967
0.023728584870696068,0.0018127133371308446,10.082280158996582,-0.08224396407604218,0.466267466545105
0.023776743561029434,0.0018137868028134108,9.985745429992676,-0.08209343999624252,0.46349987387657166
0.023763224482536316,0.001818627119064331,10.024619102478027,-0.0824158564209938,0.46357354521751404
0.023898931220173836,0.0018341816030442715,10.201977729797363,-0.08216386288404465,0.4659633934497833
0.024248087778687477,0.0018807933665812016,10.341567039489746,-0.08242348581552505,0.46671900153160095
0.024921096861362457,0.0019890356343239546,11.04366397857666,-0.08206579089164734,0.4650927782058716
0.024969087913632393,0.001988965319469571,11.052712440490723,-0.08199190348386765,0.4652092754840851
0.024854974821209908,0.00197337893769145,10.833078384399414,-0.08221003413200378,0.4659877121448517
0.025098513811826706,0.002020931802690029,11.025849342346191,-0.08226567506790161,0.4645630419254303
0.024814166128635406,0.001979513792321086,10.854063034057617,-0.08232658356428146,0.46269893646240234
0.02477126009762287,0.001961653819307685,10.612994194030762,-0.0821668952703476,0.4656822681427002
0.024972012266516685,0.0019875511061400175,11.101728439331055,-0.0821872279047966,0.466215044260025
0.024686161428689957,0.0019518642220646143,11.015380859375,-0.0818629264831543,0.4647566080093384
0.02428150363266468,0.0018810636829584837,10.646568298339844,-0.08213962614536285,0.4659287929534912
0.024166015908122063,0.0018668067641556263,10.32332706451416,-0.08245819807052612,0.46720489859580994
0.023753898218274117,0.0018182386411353946,10.137112617492676,-0.08210957050323486,0.46692097187042236
0.02382192760705948,0.0018276794580742717,10.16440200805664,-0.08242771029472351,0.4645441472530365
0.024244286119937897,0.0018895519897341728,10.681678771972656,-0.08243154734373093,0.46597135066986084
0.024159139022231102,0.0018814257346093655,10.237183570861816,-0.08188251405954361,0.46625614166259766
0.02417175844311714,0.0018674946622923017,10.243598937988281,-0.08205519616603851,0.4666805565357208
0.023840634152293205,0.0018278531497344375,10.243937492370605,-0.08239675313234329,0.46672654151916504
0.024032142013311386,0.0018514725379645824,10.35261344909668,-0.08210468292236328,0.4669097363948822
0.024198366329073906,0.001880223280750215,10.276450157165527,-0.08246215432882309,0.46253010630607605
0.024221735075116158,0.0018780952086672187,10.350757598876953,-0.08216151595115662,0.46684280037879944
0.024140838533639908,0.0018745879642665386,10.428454399108887,-0.08212591707706451,0.46563687920570374
0.02394002303481102,0.001849030377343297,10.522150993347168,-0.0826035812497139,0.4672222435474396
0.023948678746819496,0.0018464020686224103,10.13930606842041,-0.08228877931833267,0.46341875195503235
0.024277670308947563,0.001880589872598648,10.799684524536133,-0.08192351460456848,0.4658292233943939
0.024044733494520187,0.0018577356822788715,10.108980178833008,-0.08236949145793915,0.46744009852409363
0.024413518607616425,0.0019054162548854947,10.351714134216309,-0.0826050415635109,0.4631425142288208
0.024642106145620346,0.001973108621314168,10.771924018859863,-0.08199569582939148,0.4634076654911041
0.024803435429930687,0.0019814427942037582,10.88119888305664,-0.08224175870418549,0.464889258146286
0.02520238421857357,0.0020151345524936914,10.980502128601074,-0.0822199285030365,0.4628085196018219
0.024556776508688927,0.0019491399871185422,10.594663619995117,-0.08207878470420837,0.46586814522743225
0.024435212835669518,0.001909797079861164,10.53069019317627,-0.08222778141498566,0.46313557028770447
0.024248823523521423,0.0018905791221186519,10.259599685668945,-0.0824427381157875,0.4659958779811859
0.024204693734645844,0.0018683085218071938,10.471219062805176,-0.08196265995502472,0.46328139305114746
0.02389993891119957,0.0018479513237252831,10.273155212402344,-0.08215992152690887,0.46682295203208923
0.02417890541255474,0.0018661137437447906,10.21035099029541,-0.08251107484102249,0.46682628989219666
0.024264581501483917,0.0018830414628610015,10.684697151184082,-0.08197427541017532,0.4659181535243988
0.02425123006105423,0.0018854979425668716,10.66142749786377,-0.08192463219165802,0.46685126423835754
0.024236416444182396,0.001865960075519979,10.569429397583008,-0.08275939524173737,0.467868447303772
0.023882871493697166,0.0018326661083847284,10.079429626464844,-0.08189165592193604,0.4661518633365631
0.023747442290186882,0.0018217908218502998,10.151678085327148,-0.08227917551994324,0.4664956331253052
0.02385805919766426,0.0018247077241539955,10.111334800720215,-0.08242151141166687,0.46445274353027344
0.02378263883292675,0.0018149022944271564,9.851631164550781,-0.08234240114688873,0.46711719036102295
0.023605119436979294,0.0017908646259456873,9.889771461486816,-0.0821363553404808,0.4636191427707672
0.023619256913661957,0.0017950809560716152,9.924086570739746,-0.08248435705900192,0.4640587270259857
0.023787396028637886,0.0018258476629853249,10.098773002624512,-0.08229602128267288,0.46728846430778503
0.024124493822455406,0.0018602878553792834,10.370911598205566,-0.0822112038731575,0.4674352705478668
0.024154361337423325,0.0018597954185679555,10.29003620147705,-0.08223065733909607,0.4662351608276367
0.024310709908604622,0.00190316594671458,10.534082412719727,-0.082061268389225,0.4659663140773773
0.02434493973851204,0.001900526462122798,10.509527206420898,-0.08243513107299805,0.4634753167629242
0.024444226175546646,0.001898322720080614,10.679976463317871,-0.08238640427589417,0.4657118320465088
0.024567293003201485,0.0019243621500208974,10.565756797790527,-0.08164514601230621,0.46297571063041687
0.024150490760803223,0.0018622858915477991,10.439406394958496,-0.0825638473033905,0.46416452527046204
0.024393050000071526,0.0018977047875523567,10.545910835266113,-0.08222605288028717,0.46546927094459534
0.024372970685362816,0.0018969743978232145,10.531188011169434,-0.08194369077682495,0.4663892686367035
0.024042047560214996,0.0018523947801440954,10.224627494812012,-0.08234397321939468,0.46386948227882385
0.023962615057826042,0.0018450694624334574,10.31474781036377,-0.08243212848901749,0.4632840156555176
0.023976797237992287,0.0018390781478956342,10.258198738098145,-0.0822257250547409,0.4633583128452301
0.024721374735236168,0.001969830598682165,10.69061279296875,-0.08224640041589737,0.4631671607494354
0.025817621499300003,0.00214543123729527,11.86092472076416,-0.08229446411132812,0.4616619348526001
0.02536461129784584,0.0020869672298431396,11.028871536254883,-0.08197641372680664,0.4646253287792206
0.025019563734531403,0.002008649753406644,11.043293952941895,-0.0822119265794754,0.4625674784183502
0.025039799511432648,0.0019955134484916925,11.101770401000977,-0.08227217197418213,0.4652997553348541
0.025153711438179016,0.0020035444758832455,11.295013427734375,-0.08215105533599854,0.4626643657684326
0.02475287765264511,0.0019605811685323715,10.960612297058105,-0.08197883516550064,0.4629143476486206
0.02422180399298668,0.0018869813065975904,10.327077865600586,-0.08247964829206467,0.4663853645324707
0.02406185492873192,0.0018618351314216852,10.08566665649414,-0.08217151463031769,0.4671569764614105
0.02412021905183792,0.0018694812897592783,10.313883781433105,-0.08215982466936111,0.4632667601108551
0.024072561413049698,0.0018466896144673228,10.360140800476074,-0.08265972137451172,0.4672805070877075
0.02387259341776371,0.00182852684520185,10.390642166137695,-0.0823233425617218,0.46697065234184265
0.023973887786269188,0.0018363295821473002,10.3112154006958,-0.08210248500108719,0.46689558029174805
0.02389681525528431,0.0018279891228303313,10.281980514526367,-0.08227338641881943,0.46728047728538513
0.023857617750763893,0.0018284287070855498,10.269661903381348,-0.08203800767660141,0.46709775924682617
0.023670947179198265,0.0018009886844083667,10.082525253295898,-0.08242864906787872,0.4673232138156891
0.02360127493739128,0.0017880843952298164,10.012754440307617,-0.08224198967218399,0.46794188022613525
0.023506155237555504,0.0017825118266046047,9.821782112121582,-0.0823221430182457,0.4678676426410675
0.02348221093416214,0.0017689295345917344,9.898294448852539,-0.08241059631109238,0.46473586559295654
0.023505723103880882,0.0017748709069564939,10.025053024291992,-0.0821167454123497,0.46779075264930725
0.023569608107209206,0.001784797292202711,9.844921112060547,-0.08231650292873383,0.4675194025039673
0.02348504774272442,0.0017778309993445873,9.963172912597656,-0.08233924210071564,0.46778783202171326
0.023551171645522118,0.0017845801776275039,9.845732688903809,-0.08250787854194641,0.467422217130661
0.023631641641259193,0.0018140688771381974,9.921506881713867,-0.08204760402441025,0.466726154088974
0.024291347712278366,0.0018844576552510262,10.715012550354004,-0.08221825957298279,0.46698272228240967
0.02398619055747986,0.0018388947937637568,10.124797821044922,-0.08215507864952087,0.4660356044769287
0.023988910019397736,0.0018548317020758986,10.229214668273926,-0.08229960501194,0.4667333662509918
0.02400023862719536,0.0018495249096304178,10.291765213012695,-0.08240079879760742,0.4670586884021759
0.023964455351233482,0.0018406284507364035,10.222209930419922,-0.0824756845831871,0.46382442116737366
0.024068104103207588,0.0018511895323172212,10.523920059204102,-0.08188939839601517,0.4673497974872589
0.023968646302819252,0.0018549002707004547,10.16045093536377,-0.08269139379262924,0.4668996036052704
0.02448476292192936,0.0018993820995092392,10.88768196105957,-0.08166740834712982,0.4667913615703583
0.02444140613079071,0.001902374322526157,10.380603790283203,-0.0828622505068779,0.46662163734436035
0.024310171604156494,0.0018938680877909064,10.293006896972656,-0.08195969462394714,0.4627457857131958
0.02462957054376602,0.0019307498587295413,10.747269630432129,-0.08233916014432907,0.46378421783447266
0.024699388071894646,0.0019593341276049614,10.856781959533691,-0.08186376094818115,0.46696725487709045
0.02461910992860794,0.001931046019308269,10.80545425415039,-0.08208289742469788,0.4660240113735199
0.025242812931537628,0.0020397130865603685,10.910820007324219,-0.08220309019088745,0.46152839064598083
0.02558792755007744,0.002078428864479065,11.530082702636719,-0.08231373131275177,0.46121880412101746
0.02499965950846672,0.0019883124623447657,11.238329887390137,-0.08278582245111465,0.46251216530799866
0.02428380772471428,0.0018792446935549378,10.715249061584473,-0.08199384808540344,0.4670301377773285
0.02402428165078163,0.00184823595918715,10.216460227966309,-0.08225055038928986,0.46785488724708557
0.02414378710091114,0.0018663376104086637,10.406012535095215,-0.08236483484506607,0.4672618806362152
0.02438531257212162,0.0018951051170006394,10.552642822265625,-0.08212412148714066,0.467197984457016
0.024018578231334686,0.0018558785086497664,10.244653701782227,-0.08206020295619965,0.46780645847320557
0.023997673764824867,0.0018359733512625098,10.58211898803711,-0.08273352682590485,0.4668729305267334
0.02378646656870842,0.0018056434346362948,10.147231101989746,-0.08213718980550766,0.46777257323265076
0.023576179519295692,0.0017985368613153696,9.90456771850586,-0.08235151320695877,0.4670048654079437
0.023853080347180367,0.0018102364847436547,10.050691604614258,-0.08178600668907166,0.46829620003700256
0.023587921634316444,0.0017942535923793912,9.973045349121094,-0.08257922530174255,0.46745991706848145
0.023631559684872627,0.001786472974345088,9.916328430175781,-0.0821385607123375,0.4642051160335541
0.023413851857185364,0.0017784268129616976,9.60664176940918,-0.08219435065984726,0.46778544783592224
0.02361335977911949,0.0017824153183028102,10.099410057067871,-0.08250364661216736,0.4679528474807739
0.023489968851208687,0.0017724144272506237,10.057435035705566,-0.08221817761659622,0.46795597672462463
0.023411208763718605,0.0017626916524022818,9.680938720703125,-0.08233428001403809,0.4645049571990967
0.023447243496775627,0.001769279595464468,9.763410568237305,-0.08218641579151154,0.46828898787498474
0.02354833297431469,0.0017795375315472484,10.109855651855469,-0.08217721432447433,0.46453043818473816
0.02365224063396454,0.0017895515775308013,10.120826721191406,-0.08235059678554535,0.4677651822566986
0.023773571476340294,0.0018039605347439647,10.216981887817383,-0.08229334652423859,0.46772703528404236
0.023631449788808823,0.001794703770428896,10.116097450256348,-0.08241474628448486,0.46793925762176514
0.023738116025924683,0.0018116227583959699,10.165637969970703,-0.08252482861280441,0.46663299202919006
0.02402096800506115,0.001847693813033402,10.40483283996582,-0.08245178312063217,0.46779122948646545
0.024148402735590935,0.0018653199076652527,10.448912620544434,-0.0815795287489891,0.46721187233924866
0.024476680904626846,0.0019159557996317744,10.713226318359375,-0.08265388011932373,0.4639257490634918
0.02440584823489189,0.0019052185816690326,10.914194107055664,-0.08225011825561523,0.46396374702453613
0.02452268823981285,0.0019088473636657,10.56666088104248,-0.08206300437450409,0.4661005437374115
0.02403724379837513,0.0018481537699699402,10.222699165344238,-0.08219629526138306,0.46696963906288147
0.023898011073470116,0.001837384537793696,10.308708190917969,-0.08242649585008621,0.4677337408065796
0.02388002537190914,0.001829683082178235,10.442060470581055,-0.08183404058218002,0.4639383852481842
0.023822862654924393,0.0018191564595326781,10.255630493164062,-0.08258531987667084,0.4676242172718048
0.023876648396253586,0.0018173902062699199,10.305895805358887,-0.08213826268911362,0.4680008590221405
0.023803001269698143,0.001806199667043984,10.043869972229004,-0.082241952419281,0.46452078223228455
0.023717550560832024,0.001796687371097505,10.315712928771973,-0.08249720185995102,0.4647056758403778
0.023494364693760872,0.001778114470653236,9.819568634033203,-0.08220308274030685,0.46790000796318054
0.023445770144462585,0.0017721249023452401,9.704414367675781,-0.08226996660232544,0.468265175819397
0.023346545174717903,0.001752133364789188,9.828278541564941,-0.08237893879413605,0.4683253765106201
0.023328470066189766,0.001756075769662857,9.819123268127441,-0.08225654065608978,0.4678319990634918
0.02345772460103035,0.0017627542838454247,9.800962448120117,-0.08247090876102448,0.4681985378265381
0.023732949048280716,0.0018056605476886034,10.17065715789795,-0.08222290873527527,0.46775051951408386
0.02360842563211918,0.0017884293338283896,10.017837524414062,-0.082349993288517,0.46757081151008606
0.023815913125872612,0.001810709130950272,10.070286750793457,-0.08289942890405655,0.46789833903312683
0.023979322984814644,0.0018411055207252502,10.133703231811523,-0.08184337615966797,0.4634433686733246
0.02420881949365139,0.0018727974966168404,10.259212493896484,-0.08207052201032639,0.46425437927246094
0.02401369996368885,0.0018386549782007933,10.453985214233398,-0.08247213065624237,0.4636889398097992
0.023735716938972473,0.0017976373201236129,10.0444917678833,-0.0821026936173439,0.4671172797679901
0.02356480248272419,0.0017863607499748468,9.965237617492676,-0.08257601410150528,0.4675239026546478
0.023581061512231827,0.0017884683329612017,10.052557945251465,-0.0821252316236496,0.4681457579135895
0.02359803020954132,0.0017814193852245808,9.968634605407715,-0.08276771008968353,0.46723946928977966
0.023477638140320778,0.0017649882938712835,10.027536392211914,-0.08203192800283432,0.4678161144256592
0.023411646485328674,0.0017625471809878945,9.658087730407715,-0.08236537873744965,0.4681881368160248
0.023321790620684624,0.00174667127430439,9.87647819519043,-0.08249545842409134,0.46810469031333923
0.02345811203122139,0.0017639141296967864,10.039475440979004,-0.08227019757032394,0.4679792821407318
0.023651668801903725,0.0017879769438877702,10.040229797363281,-0.08217807114124298,0.4685143232345581
0.0240524522960186,0.0018490242073312402,10.410359382629395,-0.08219623565673828,0.4641742706298828
0.023904789239168167,0.001825370010919869,10.264622688293457,-0.08247897028923035,0.46807393431663513
0.02405189909040928,0.0018486699555069208,10.283834457397461,-0.08226821571588516,0.46644696593284607
0.024545425549149513,0.0019237683154642582,10.743699073791504,-0.08199124038219452,0.46662530303001404
0.024808669462800026,0.0019745666068047285,11.170074462890625,-0.0827299952507019,0.4668985903263092
0.024631811305880547,0.0019344798056408763,10.933040618896484,-0.0815395787358284,0.46673473715782166
0.024410102516412735,0.0019057546742260456,10.537763595581055,-0.08266942948102951,0.46376386284828186
0.02410784922540188,0.0018725586123764515,10.52424144744873,-0.08207014203071594,0.4646948277950287
0.02393239550292492,0.0018213909352198243,10.413407325744629,-0.08258683234453201,0.4675556421279907
0.023811161518096924,0.0018181641353294253,10.234095573425293,-0.08209050446748734,0.4681037366390228
0.023458711802959442,0.0017658418510109186,9.940059661865234,-0.08245781064033508,0.46865376830101013
0.02352125197649002,0.0017689645756036043,9.936676025390625,-0.08187573403120041,0.46814271807670593
0.02361297234892845,0.0017848968273028731,9.877683639526367,-0.08253163844347,0.46803462505340576
0.023962561041116714,0.0018306005513295531,10.358674049377441,-0.08239573240280151,0.46530815958976746
0.02375520020723343,0.0018152008997276425,10.076459884643555,-0.08252311497926712,0.46436581015586853
0.024063145741820335,0.0018419978441670537,10.378971099853516,-0.08201591670513153,0.46733519434928894
0.023697448894381523,0.0018010149942710996,10.081411361694336,-0.08233518898487091,0.464947372674942
0.02403067797422409,0.0018353211926296353,10.232239723205566,-0.08251255750656128,0.4679938554763794
0.02402956411242485,0.001842548488639295,10.222285270690918,-0.08231925964355469,0.46669110655784607
0.02385849691927433,0.0018243963131681085,10.387682914733887,-0.08249744027853012,0.46460840106010437
0.02391826920211315,0.0018271510489284992,10.352802276611328,-0.08221793174743652,0.46447357535362244
0.024182556197047234,0.001867986866272986,10.595210075378418,-0.08256778120994568,0.4650949537754059
0.024206120520830154,0.0018802632112056017,10.350229263305664,-0.08187815546989441,0.46777987480163574
0.024090474471449852,0.0018496511038392782,10.555794715881348,-0.08245332539081573,0.46820640563964844
0.024088580161333084,0.0018599139293655753,10.382044792175293,-0.0823676735162735,0.4672766625881195
0.024194560945034027,0.0018620869377627969,10.494331359863281,-0.08220736682415009,0.4643251895904541
0.023876206949353218,0.0018121734028682113,9.989361763000488,-0.08220299333333969,0.468123197555542
0.02346149832010269,0.001766845816746354,9.878573417663574,-0.08260693401098251,0.4650326073169708
0.023709869012236595,0.001795757794752717,10.105673789978027,-0.08246493339538574,0.46833905577659607
0.023622551932930946,0.0017846912378445268,10.244670867919922,-0.08216249197721481,0.46739259362220764
0.02388647571206093,0.00182069162838161,10.442791938781738,-0.0821700170636177,0.4677911698818207
0.023859268054366112,0.0018203180516138673,10.087453842163086,-0.0824706107378006,0.46469223499298096
0.023867538198828697,0.0018168090609833598,10.287155151367188,-0.08209221810102463,0.4675056040287018
0.023819800466299057,0.001810335204936564,10.13707160949707,-0.08246246725320816,0.46480226516723633
0.02366839163005352,0.0017978016985580325,9.802535057067871,-0.08220000565052032,0.46772074699401855
0.024019794538617134,0.0018485814798623323,10.138832092285156,-0.08230096101760864,0.467522531747818
0.023703597486019135,0.0018040864961221814,10.155271530151367,-0.08278489857912064,0.46780598163604736
0.023828424513339996,0.0018151765689253807,10.143651008605957,-0.08220827579498291,0.46816739439964294
0.024222357198596,0.0018671021098271012,10.419737815856934,-0.08208665251731873,0.4672223627567291
0.025025485083460808,0.0020191676449030638,11.380860328674316,-0.08224663138389587,0.466379314661026
0.025387078523635864,0.002083421917632222,11.48790454864502,-0.08211052417755127,0.4621149003505707
0.02569578029215336,0.0021175662986934185,11.684431076049805,-0.08258431404829025,0.46102797985076904
0.02621924877166748,0.002202710835263133,12.200566291809082,-0.08196689188480377,0.4650055170059204
0.0253140926361084,0.0020207262132316828,11.155405044555664,-0.08222432434558868,0.46661344170570374
0.02489030547440052,0.001978115411475301,10.754672050476074,-0.08205251395702362,0.46289297938346863
0.024407897144556046,0.0019024425419047475,10.70028305053711,-0.08226799964904785,0.466983437538147
0.024039875715970993,0.0018484691390767694,10.404511451721191,-0.08198512345552444,0.46832704544067383
0.02419137954711914,0.0018543978221714497,10.524816513061523,-0.08238514512777328,0.46438097953796387
0.02376200072467327,0.0018028812482953072,10.159193992614746,-0.08241990953683853,0.46454355120658875
0.023771727457642555,0.0018079193541780114,10.140084266662598,-0.08208584785461426,0.4682697355747223
0.02354552410542965,0.0017720373580232263,10.21641731262207,-0.08259426802396774,0.46820294857025146
0.023583032190799713,0.001784073538146913,10.116795539855957,-0.08233655989170074,0.46818041801452637
0.023680083453655243,0.0017994658555835485,9.920833587646484,-0.08207149058580399,0.468268483877182
0.023367859423160553,0.0017508037853986025,10.026854515075684,-0.08222667127847672,0.46563902497291565
0.023365752771496773,0.0017488538287580013,9.831411361694336,-0.08217307925224304,0.46814417839050293
0.02342425286769867,0.0017566423630341887,10.022567749023438,-0.0825226679444313,0.4652020037174225
0.02336677350103855,0.001750883529894054,9.632349014282227,-0.08223588019609451,0.46846309304237366
0.02337328903377056,0.001754764118231833,9.990729331970215,-0.08239655941724777,0.46528053283691406
0.02340020425617695,0.0017525972798466682,9.770415306091309,-0.0820251852273941,0.4685676097869873
0.02335835061967373,0.0017627469496801496,9.953725814819336,-0.08256330341100693,0.46530207991600037
0.023412173613905907,0.0017563573783263564,9.881688117980957,-0.08222489058971405,0.46865448355674744
0.023535441607236862,0.0017820787616074085,9.927090644836426,-0.08264792710542679,0.46766194701194763
0.023397032171487808,0.0017548755276948214,9.883505821228027,-0.08196281641721725,0.4681292474269867
0.02350439503788948,0.001761432271450758,10.046168327331543,-0.0822276771068573,0.46866080164909363
0.023360643535852432,0.0017482233233749866,9.794825553894043,-0.08224264532327652,0.468670517206192
0.023281460627913475,0.0017449897713959217,9.849769592285156,-0.08252338320016861,0.46847376227378845
0.02357644774019718,0.001778443343937397,10.05874252319336,-0.0823916494846344,0.4688514769077301
0.023836087435483932,0.0018223585793748498,9.967886924743652,-0.08214646577835083,0.4678119719028473
0.02400003932416439,0.0018403285648673773,10.367321014404297,-0.08245277404785156,0.4650649130344391
0.023927628993988037,0.0018319484079256654,10.071939468383789,-0.08237999677658081,0.4672529995441437
0.024036768823862076,0.0018342997645959258,10.276944160461426,-0.08210788667201996,0.46759405732154846
0.02386808767914772,0.0018337059300392866,10.264860153198242,-0.08268657326698303,0.4648168087005615
0.02383519522845745,0.0018117157742381096,10.116814613342285,-0.08210951089859009,0.46435680985450745
0.023837026208639145,0.0018083195900544524,10.326531410217285,-0.08254937082529068,0.46746373176574707
0.023645414039492607,0.00178291997872293,10.028375625610352,-0.08223526179790497,0.46467074751853943
0.02425888180732727,0.0018870814237743616,10.541425704956055,-0.08235868811607361,0.4638974964618683
0.02415778487920761,0.0018634963780641556,10.477460861206055,-0.08205007761716843,0.4666261672973633
0.023951305076479912,0.0018266799161210656,10.336308479309082,-0.08242915570735931,0.4682106673717499
0.023594355210661888,0.0017822053050622344,10.032634735107422,-0.08227119594812393,0.4652985632419586
0.023516904562711716,0.0017716253641992807,10.120689392089844,-0.08256988972425461,0.4681755006313324
0.02349223755300045,0.001756426296196878,9.828110694885254,-0.08233542740345001,0.46846023201942444
0.023278288543224335,0.0017372944857925177,9.980168342590332,-0.08201569318771362,0.46817389130592346
0.023198997601866722,0.0017257884610444307,9.805805206298828,-0.0824715718626976,0.46899423003196716
0.023130591958761215,0.001715294667519629,9.695611953735352,-0.08225623518228531,0.46581077575683594
0.02304869517683983,0.0017081954283639789,9.508986473083496,-0.08268562704324722,0.4652627408504486
0.02309359796345234,0.0017143151490017772,9.54593563079834,-0.08207066357135773,0.46906736493110657
0.02334488555788994,0.0017434561159461737,10.050164222717285,-0.08242640644311905,0.468693345785141
0.02330852299928665,0.0017401274526491761,9.916791915893555,-0.08216768503189087,0.4685530364513397
0.02332558110356331,0.001741181593388319,9.926918029785156,-0.08251520991325378,0.46826040744781494
0.023495817556977272,0.0017603619489818811,9.905106544494629,-0.0823269933462143,0.4688979685306549
0.023382043465971947,0.0017479602247476578,10.136319160461426,-0.08204758912324905,0.46818551421165466
0.02337743155658245,0.0017592399381101131,9.99269962310791,-0.08263194561004639,0.46606922149658203
0.023325936868786812,0.0017492679180577397,9.837414741516113,-0.08205519616603851,0.46526971459388733
0.02326086536049843,0.0017309957183897495,9.870407104492188,-0.08242456614971161,0.46608689427375793
0.02323497086763382,0.0017356205498799682,9.595649719238281,-0.08259522914886475,0.46544957160949707
0.02334393374621868,0.0017451446037739515,9.719385147094727,-0.08222991228103638,0.4694382846355438
0.02381405234336853,0.001806891174055636,10.13926887512207,-0.08237577229738235,0.46452727913856506
0.023955995216965675,0.0018256695475429296,10.365386962890625,-0.08231626451015472,0.4685138165950775
0.024080872535705566,0.0018495309632271528,10.493865966796875,-0.08257067203521729,0.4673110246658325
0.02418760024011135,0.0018708484712988138,10.431909561157227,-0.082359179854393,0.4672973155975342
0.023979801684617996,0.001832687994465232,10.252470970153809,-0.0819997489452362,0.4681077003479004
0.023512089625000954,0.0017808638513088226,10.254097938537598,-0.08266478776931763,0.46766841411590576
0.02355131506919861,0.001772221177816391,10.120942115783691,-0.08255096524953842,0.46527788043022156
0.02359692193567753,0.0017768566031008959,9.982278823852539,-0.08227891474962234,0.46478843688964844
0.02351834625005722,0.0017642101738601923,10.161175727844238,-0.08226398378610611,0.46809372305870056
0.0236237533390522,0.001784255844540894,10.181205749511719,-0.08239039778709412,0.4678371846675873
0.02391826920211315,0.001825836137868464,10.255924224853516,-0.08207941055297852,0.46474766731262207
0.02415149100124836,0.0018480020808055997,10.406813621520996,-0.08252134919166565,0.46495160460472107
0.024417780339717865,0.0018856035312637687,10.934146881103516,-0.08219855278730392,0.46750274300575256
0.02390419878065586,0.0018273518653586507,10.275562286376953,-0.08238238841295242,0.4687076508998871
0.02378126047551632,0.001806836691685021,10.17628288269043,-0.08212212473154068,0.4678511619567871
0.02378058433532715,0.0018154026474803686,9.903736114501953,-0.08243521302938461,0.4678882658481598
0.023885950446128845,0.0018278979696333408,10.609344482421875,-0.08248596638441086,0.46877622604370117
0.023382248356938362,0.0017513170605525374,9.922768592834473,-0.08235194534063339,0.46944108605384827
0.02364737167954445,0.001779023907147348,10.050345420837402,-0.08217059075832367,0.46814775466918945
0.023606864735484123,0.0017854932229965925,10.16490364074707,-0.08232051134109497,0.46806907653808594
0.02336987480521202,0.0017455903580412269,9.990294456481934,-0.08250544220209122,0.46904444694519043
0.02355879731476307,0.0017769880359992385,9.974882125854492,-0.08218928426504135,0.4681156575679779
0.02350236102938652,0.0017661128658801317,9.819048881530762,-0.08219196647405624,0.4681982100009918
0.02347765490412712,0.001764184795320034,9.980874061584473,-0.08264487981796265,0.46882951259613037
0.02330152876675129,0.001740475301630795,10.027820587158203,-0.08239932358264923,0.46850404143333435
0.023590434342622757,0.0017753646243363619,10.116680145263672,-0.0822012796998024,0.4693686068058014
0.023526111617684364,0.0017655515111982822,10.101571083068848,-0.0820653960108757,0.46769702434539795
0.02354520373046398,0.001771603710949421,9.859126091003418,-0.08232784271240234,0.46839165687561035
0.02337724156677723,0.0017481251852586865,9.701208114624023,-0.08249467611312866,0.46836817264556885
0.023063374683260918,0.0017054843483492732,9.656576156616211,-0.08224256336688995,0.46556541323661804
0.023192541673779488,0.0017268317751586437,9.734061241149902,-0.0824875682592392,0.4692647457122803
0.023310363292694092,0.0017407649429515004,9.835517883300781,-0.08233032375574112,0.46864986419677734
0.023210376501083374,0.0017346026143059134,9.749902725219727,-0.08280951529741287,0.46663379669189453
0.023320959880948067,0.0017488050507381558,9.582924842834473,-0.08198898285627365,0.4689690172672272
0.02325163036584854,0.0017264229245483875,9.904487609863281,-0.08235440403223038,0.4690774381160736
0.0233842134475708,0.0017429620493203402,10.06014347076416,-0.0825481116771698,0.4687802791595459
0.023239513859152794,0.0017376511823385954,9.854812622070312,-0.0822596400976181,0.4691881239414215
0.02326715551316738,0.0017423585522919893,9.801543235778809,-0.08221845328807831,0.4657953679561615
0.02368122898042202,0.001783185638487339,10.479009628295898,-0.08279702067375183,0.46913981437683105
0.023662902414798737,0.0017777589382603765,9.963040351867676,-0.0818968415260315,0.4684147536754608
0.02368411235511303,0.0017897241050377488,10.059682846069336,-0.0828772485256195,0.46485260128974915
0.02407207526266575,0.0018564355559647083,10.420428276062012,-0.08218633383512497,0.4675164222717285
0.02431459166109562,0.0018861035350710154,10.536556243896484,-0.08238951116800308,0.4639594852924347
0.024528997018933296,0.0019235869403928518,10.836853981018066,-0.08221299201250076,0.46678972244262695
0.0249695535749197,0.0019910570699721575,11.086213111877441,-0.08175139874219894,0.4670518636703491
0.024305080994963646,0.001878291368484497,11.08188247680664,-0.0825219675898552,0.4648665189743042
0.02371099963784218,0.0017886818386614323,10.009936332702637,-0.08233915269374847,0.4656296670436859
0.02378414012491703,0.0018052092054858804,10.047152519226074,-0.08237015455961227,0.468546062707901
0.02472224086523056,0.0019268147880211473,10.864264488220215,-0.08202916383743286,0.4677436351776123
0.02424963004887104,0.0018808539025485516,10.672979354858398,-0.08253894001245499,0.4640997350215912
0.023625867441296577,0.0017786611570045352,10.205100059509277,-0.08214437961578369,0.4685697853565216
0.02346285618841648,0.001761691179126501,10.071372032165527,-0.08262550830841064,0.4687998294830322
0.02350408025085926,0.0017646189080551267,9.968828201293945,-0.08229265362024307,0.4687601625919342
0.023767925798892975,0.001821243902668357,10.2827787399292,-0.08183387666940689,0.4680708348751068
0.02419392392039299,0.0018641252536326647,10.466659545898438,-0.08272205293178558,0.4645003378391266
0.02409874089062214,0.0018589397659525275,10.594353675842285,-0.08216803520917892,0.4653341472148895
0.023865345865488052,0.0018067031633108854,10.262967109680176,-0.08246172219514847,0.46804213523864746
0.024081489071249962,0.0018442131113260984,10.507681846618652,-0.0821332037448883,0.4673338234424591
0.02473095990717411,0.0019595252815634012,11.328076362609863,-0.08230171352624893,0.4662988483905792
0.024117160588502884,0.001850321190431714,10.30552864074707,-0.08221810311079025,0.4680916368961334
0.023927299305796623,0.001826798776164651,10.38890552520752,-0.0826190710067749,0.4671897888183594
0.02374250255525112,0.001805298961699009,10.358743667602539,-0.08233460783958435,0.4684869050979614
0.02370365895330906,0.0017956964438781142,10.008005142211914,-0.08230461925268173,0.4683462083339691
0.023675931617617607,0.0017879751976579428,10.073564529418945,-0.08178826421499252,0.46843329071998596
0.023784976452589035,0.0017975324299186468,10.540223121643066,-0.08268942683935165,0.4687570035457611
0.023696741089224815,0.001789364847354591,10.05860424041748,-0.08204818516969681,0.4682154655456543
0.02379239723086357,0.0018135912250727415,9.981131553649902,-0.08247362077236176,0.4688500463962555
0.023767640814185143,0.0018144971691071987,10.439340591430664,-0.0827164277434349,0.4682784974575043
0.02424304559826851,0.0018932749517261982,10.336174964904785,-0.08265471458435059,0.46809542179107666
0.024072008207440376,0.0018523003673180938,10.679301261901855,-0.08204998075962067,0.4675571918487549
0.023890895769000053,0.0018183741485700011,10.263490676879883,-0.08230560272932053,0.46486058831214905
0.023485740646719933,0.0017640601145103574,10.06387996673584,-0.0822904035449028,0.46493735909461975
0.023466728627681732,0.0017465691780671477,10.096536636352539,-0.0821753516793251,0.4656550884246826
0.023120256140828133,0.0017160131828859448,9.782245635986328,-0.08245030045509338,0.4691011607646942
0.022930612787604332,0.001686410279944539,9.581388473510742,-0.08261126279830933,0.46930670738220215
0.022991832345724106,0.001693332684226334,9.686041831970215,-0.08223889023065567,0.46917352080345154
0.022828107699751854,0.0016743012238293886,9.556882858276367,-0.08223344385623932,0.46964481472969055
0.022866157814860344,0.0016853753477334976,9.472501754760742,-0.08258862793445587,0.4695459306240082
0.02291344478726387,0.0016850075917318463,9.615540504455566,-0.0821629986166954,0.46598467230796814
0.022853855043649673,0.0016823401674628258,9.337128639221191,-0.08225619047880173,0.46958792209625244
0.022794699296355247,0.0016681354027241468,9.501910209655762,-0.08253142982721329,0.46627184748649597
0.022760726511478424,0.0016708472976461053,9.425665855407715,-0.08233826607465744,0.4695967435836792
0.02285878360271454,0.0016732114600017667,9.703413009643555,-0.082600437104702,0.4700271785259247
0.02294134721159935,0.0016887171659618616,9.469622611999512,-0.08223672211170197,0.46935972571372986
0.022893989458680153,0.0016799010336399078,9.728599548339844,-0.08225064724683762,0.4661118984222412
0.022801030427217484,0.0016706172609701753,9.410603523254395,-0.08236072957515717,0.4691367447376251
0.02286297082901001,0.0016807150095701218,9.496455192565918,-0.08256727457046509,0.4698809087276459
0.022701380774378777,0.0016643123235553503,9.37325382232666,-0.08208099007606506,0.4697076380252838
0.02267109416425228,0.00165596604347229,9.414478302001953,-0.08245012909173965,0.4697519540786743
0.022749347612261772,0.0016648947494104505,9.378179550170898,-0.08209698647260666,0.4700278341770172
0.022977199405431747,0.001687710639089346,9.62597370147705,-0.08264985680580139,0.46899986267089844
0.022916629910469055,0.001676512649282813,9.818811416625977,-0.08246488869190216,0.4697917401790619
0.022789092734456062,0.0016657724045217037,9.447385787963867,-0.08245942741632462,0.46941766142845154
0.022789856418967247,0.001673807855695486,9.345613479614258,-0.08255279809236526,0.4698643386363983
0.02316131815314293,0.001721315667964518,9.900163650512695,-0.08187009394168854,0.4654724895954132
0.023957179859280586,0.0018327065045014024,10.391522407531738,-0.08274995535612106,0.4687861204147339
0.024246489629149437,0.0018683612579479814,10.787252426147461,-0.08210765570402145,0.4672161340713501
0.02442987635731697,0.0018924514297395945,11.138230323791504,-0.08275420218706131,0.4651709496974945
0.02408246509730816,0.001833839458413422,10.483451843261719,-0.0819677785038948,0.4654048681259155
0.023583389818668365,0.001782233826816082,10.26168155670166,-0.08250417560338974,0.4685744345188141
0.023565607145428658,0.0017701741307973862,10.121728897094727,-0.08253296464681625,0.4689629077911377
0.02340170554816723,0.0017499095993116498,9.9172945022583,-0.08230496197938919,0.4660710394382477
0.023292643949389458,0.001729005598463118,9.814652442932129,-0.08216959983110428,0.4693869650363922
0.0232145544141531,0.0017253827536478639,9.839638710021973,-0.08277851343154907,0.4659496247768402
0.02317272312939167,0.0017121915007010102,9.861852645874023,-0.0818847268819809,0.4662117063999176
0.02343687042593956,0.0017503784038126469,10.088353157043457,-0.08300627768039703,0.4694577157497406
0.023646464571356773,0.0017806098330765963,10.362201690673828,-0.08156288415193558,0.465249627828598
0.023638984188437462,0.0017736564623191953,10.125849723815918,-0.08302203565835953,0.4694274365901947
0.023297633975744247,0.0017382206860929728,10.044257164001465,-0.08198872208595276,0.4693126380443573
0.02356684021651745,0.0017768024699762464,10.086920738220215,-0.08264386653900146,0.4690348207950592
0.02381887473165989,0.0018201371422037482,10.07620620727539,-0.08204187452793121,0.46472835540771484
0.02355269156396389,0.0017707275692373514,9.899185180664062,-0.08260563015937805,0.4667375981807709
0.023992663249373436,0.0018220869824290276,10.335103034973145,-0.08241058140993118,0.46888482570648193
0.024178247898817062,0.0018587345257401466,10.444150924682617,-0.08204905688762665,0.4648597240447998
0.024636438116431236,0.0019318052800372243,11.023360252380371,-0.0824507549405098,0.4678812325000763
0.02378123439848423,0.0018067362252622843,10.265746116638184,-0.08239173144102097,0.4667109549045563
0.02360665798187256,0.0017816009931266308,9.987638473510742,-0.08213558048009872,0.4685327112674713
0.02361699752509594,0.0017788790864869952,10.284364700317383,-0.08283624798059464,0.468996524810791
0.02337898313999176,0.0017531628254801035,9.864787101745605,-0.08210916072130203,0.4690077304840088
0.023250212892889977,0.001738825929351151,9.982035636901855,-0.08235625177621841,0.4694218337535858
0.02314586564898491,0.001710207317955792,9.916574478149414,-0.0825321227312088,0.4686475694179535
0.023195598274469376,0.0017170676728710532,10.130385398864746,-0.08233285695314407,0.4699825346469879
0.023249385878443718,0.0017269359668716788,9.943556785583496,-0.08230704814195633,0.4662003517150879
0.02312997356057167,0.0017104499274864793,9.674562454223633,-0.0822775736451149,0.46944475173950195
0.02308814227581024,0.0017062632832676172,9.660318374633789,-0.0826045572757721,0.46671855449676514
0.023384377360343933,0.001751617295667529,9.92231273651123,-0.08259423822164536,0.4697069227695465
0.023522840812802315,0.001760454149916768,9.817444801330566,-0.08179760724306107,0.46960172057151794
0.023403791710734367,0.001751246745698154,9.956759452819824,-0.08286353200674057,0.46958401799201965
0.023113656789064407,0.0017044657142832875,9.767549514770508,-0.08217713981866837,0.46991121768951416
0.022934312000870705,0.0016808543587103486,9.651572227478027,-0.0822942852973938,0.4701903760433197
0.022811204195022583,0.0016717787366360426,9.522660255432129,-0.08275686949491501,0.4697432518005371
0.022824371233582497,0.001679345266893506,9.487082481384277,-0.0822034552693367,0.46974119544029236
0.02284366451203823,0.0016741219442337751,9.529304504394531,-0.08263028413057327,0.4700431823730469
0.0228921789675951,0.0016847657971084118,9.24084758758545,-0.0823034718632698,0.46618977189064026
0.02293969877064228,0.0016964749665930867,9.872637748718262,-0.08253821730613708,0.4697782099246979
0.022963935509324074,0.0016898803878575563,9.589622497558594,-0.08229310065507889,0.4699305295944214
0.022882668301463127,0.0016886413795873523,9.593814849853516,-0.08247892558574677,0.4668375551700592
0.022961406037211418,0.0016937615582719445,9.488031387329102,-0.08249837160110474,0.46623221039772034
0.02294057421386242,0.0016875682631507516,9.571342468261719,-0.08215737342834473,0.46993374824523926
0.023181995376944542,0.0017171652289107442,9.882253646850586,-0.08256379514932632,0.4700201451778412
0.023333756253123283,0.001726861810311675,10.029092788696289,-0.08239713311195374,0.4690937101840973
0.02330941893160343,0.0017357529141008854,9.63692855834961,-0.0819508358836174,0.4689427316188812
0.023239875212311745,0.0017269087256863713,9.880146026611328,-0.08244475722312927,0.465838760137558
0.022897159680724144,0.0016834206180647016,9.678699493408203,-0.08252081274986267,0.4698033034801483
0.02277747169137001,0.0016680294647812843,9.480499267578125,-0.08251325786113739,0.469489723443985
0.022727377712726593,0.0016574924811720848,9.524999618530273,-0.08229333907365799,0.469783216714859
0.022992800921201706,0.0016955035971477628,9.642134666442871,-0.08256884664297104,0.46954596042633057
0.023194920271635056,0.001719430205412209,9.891778945922852,-0.08263961970806122,0.46978962421417236
0.02319953963160515,0.0017204195028170943,9.747355461120605,-0.08198494464159012,0.47016000747680664
0.023183582350611687,0.0017152664950117469,9.785642623901367,-0.08284229040145874,0.46935009956359863
0.02325117401778698,0.0017312641721218824,10.178378105163574,-0.08197016268968582,0.46936360001564026
0.023216066882014275,0.001723709050565958,9.98750114440918,-0.08228942006826401,0.4694603979587555
0.023455139249563217,0.001743523171171546,9.865995407104492,-0.08255922049283981,0.46915459632873535
0.02340698055922985,0.0017447187565267086,10.136828422546387,-0.08275007456541061,0.465963214635849
0.023536449298262596,0.0017594865057617426,10.224678039550781,-0.08207728713750839,0.4664837121963501
0.02318967692553997,0.0017247769283130765,9.779770851135254,-0.08237478882074356,0.4693444073200226
0.023324528709053993,0.001737871440127492,10.06088924407959,-0.0820620059967041,0.4696861207485199
0.023697948083281517,0.0018036107067018747,10.12480640411377,-0.08272729814052582,0.46843335032463074
0.023692497983574867,0.0017846697010099888,10.403026580810547,-0.08244765549898148,0.46606186032295227
0.02364545688033104,0.0017827617703005672,9.921319007873535,-0.08175866305828094,0.46921849250793457
0.02400713786482811,0.0018273699097335339,10.460509300231934,-0.08286614716053009,0.4687248766422272
0.02393617108464241,0.0018286167178303003,10.461804389953613,-0.08227702230215073,0.46592631936073303
0.023632550612092018,0.001775545533746481,10.202880859375,-0.0822102278470993,0.4667653739452362
0.02384602651000023,0.0018062067683786154,10.237555503845215,-0.08216460794210434,0.46861377358436584
0.02353881113231182,0.0017655773553997278,10.13197135925293,-0.08260690420866013,0.46870771050453186
0.023274388164281845,0.00173829251434654,10.06036376953125,-0.08241868764162064,0.4695158898830414
0.02357090823352337,0.0017713216366246343,10.127034187316895,-0.08225920796394348,0.46949437260627747
0.02372315712273121,0.0017925292486324906,10.081170082092285,-0.08221731334924698,0.4665125906467438
0.023578617721796036,0.0017750150291249156,10.143303871154785,-0.08238210529088974,0.4654567241668701
0.023475248366594315,0.0017593855736777186,10.173188209533691,-0.08249339461326599,0.466707319021225
0.023534683510661125,0.001763388398103416,9.958441734313965,-0.08218132704496384,0.46963879466056824
0.02343916893005371,0.0017593493685126305,10.28403377532959,-0.08278657495975494,0.4682197570800781
0.023477453738451004,0.0017555892700329423,10.288336753845215,-0.08209970593452454,0.46681419014930725
0.023288778960704803,0.0017323154024779797,9.833075523376465,-0.08241204917430878,0.46632692217826843
0.02302512340247631,0.0016977296909317374,10.011587142944336,-0.082790806889534,0.4669165313243866
0.023190241307020187,0.0017241325695067644,9.726521492004395,-0.0822572186589241,0.47001126408576965
0.023064078763127327,0.0017090432811528444,9.638142585754395,-0.08239971846342087,0.46967098116874695
0.023122554644942284,0.001700792578049004,9.70754623413086,-0.08254019916057587,0.4704897701740265
0.023305566981434822,0.0017390119610354304,9.993659973144531,-0.08221139758825302,0.4698701798915863
0.023228803649544716,0.00172057852614671,9.818695068359375,-0.08249787986278534,0.4694385528564453
0.02302027866244316,0.0016957796178758144,9.891968727111816,-0.08244486898183823,0.4697873294353485
0.023021377623081207,0.001711216289550066,9.835076332092285,-0.08290667086839676,0.47011271119117737
0.023321153596043587,0.0017430748557671905,9.863335609436035,-0.0820670798420906,0.4694173336029053
0.02356298640370369,0.0017635878175497055,10.0350980758667,-0.08266772329807281,0.46959447860717773
0.023473069071769714,0.0017582090804353356,10.274312973022461,-0.0821501687169075,0.46908843517303467
0.023343047127127647,0.0017328264657408,10.030489921569824,-0.08222024142742157,0.4669463634490967
0.023434843868017197,0.0017488516168668866,10.130069732666016,-0.08287667483091354,0.46653246879577637
0.023424997925758362,0.0017379388445988297,10.015900611877441,-0.08215594291687012,0.4665335714817047
0.02304167114198208,0.001690900418907404,9.767169952392578,-0.08245953172445297,0.46660467982292175
