loss,val_loss
0.4364185333251953,0.21172700822353363
0.1479668915271759,0.09002117067575455
0.07736020535230637,0.05869052931666374
0.06490762531757355,0.05484433099627495
0.06144707277417183,0.051903560757637024
0.06032903119921684,0.051078204065561295
0.05913744121789932,0.04995641112327576
0.05806087702512741,0.04984203726053238
0.05801401659846306,0.0487528070807457
0.05804293230175972,0.04955175518989563
0.055585406720638275,0.04786618798971176
0.05536307767033577,0.046075597405433655
0.05441172793507576,0.047951940447092056
0.05542518198490143,0.046822357922792435
0.05367271974682808,0.046089015901088715
0.05305768921971321,0.04547885060310364
0.05245876684784889,0.04556098207831383
0.05185362696647644,0.04479261115193367
0.05216439440846443,0.046040575951337814
0.051603104919195175,0.04677877947688103
0.051658809185028076,0.04643889516592026
0.05109834298491478,0.04545888677239418
0.0498371459543705,0.0440029501914978
0.04901125282049179,0.04331609979271889
0.048767540603876114,0.0460643544793129
0.051602739840745926,0.044815294444561005
0.04867607355117798,0.04403293877840042
0.048147283494472504,0.043568145483732224
0.04781169071793556,0.04466269910335541
0.04799797758460045,0.04268929362297058
0.047932934015989304,0.04243602231144905
0.04712134227156639,0.04302264750003815
0.04641977697610855,0.044204842299222946
0.048100974410772324,0.041974619030952454
0.046728894114494324,0.0417061485350132
0.04713469743728638,0.04413755238056183
0.046466171741485596,0.04296759516000748
0.04557587206363678,0.044730983674526215
0.046093326061964035,0.0417213961482048
0.045120418071746826,0.04283689707517624
0.045898355543613434,0.04531336948275566
0.046414006501436234,0.04149199277162552
0.045091159641742706,0.042179256677627563
0.04493241012096405,0.04775901511311531
0.04461153596639633,0.045058850198984146
0.044585902243852615,0.0437878742814064
0.044676586985588074,0.042406532913446426
0.04357343539595604,0.04396822303533554
0.04404592886567116,0.0434616394340992
0.043234650045633316,0.04377284646034241
0.04335961490869522,0.045325301587581635
0.042246270924806595,0.043414369225502014
0.042970459908246994,0.050760719925165176
0.04226258769631386,0.04284489527344704
0.04279359057545662,0.04674595594406128
0.04271361231803894,0.043062854558229446
0.04286430403590202,0.04363466799259186
0.043577950447797775,0.053486548364162445
0.04303251579403877,0.044546257704496384
0.04099604859948158,0.04699482396245003
0.040798529982566833,0.04615247994661331
0.040444523096084595,0.04625508561730385
0.03983062878251076,0.045725200325250626
0.040515732020139694,0.04602406546473503
0.039513979107141495,0.044955164194107056
0.038386762142181396,0.045628368854522705
0.038484882563352585,0.0450417585670948
0.03922327607870102,0.046025075018405914
0.038277581334114075,0.04690774902701378
0.03829412907361984,0.049114689230918884
0.03896203637123108,0.04727359488606453
0.0375220887362957,0.049720074981451035
0.037185393273830414,0.049054428935050964
0.03852871060371399,0.04689422994852066
0.036528922617435455,0.04715969040989876
0.03794258460402489,0.051612887531518936
0.036921460181474686,0.04803464934229851
0.036204513162374496,0.04987691342830658
0.035834185779094696,0.04743386059999466
0.034928157925605774,0.04767971485853195
0.03522269055247307,0.04759269952774048
0.034300584346055984,0.04660949483513832
0.03300843387842178,0.050262901932001114
0.03323090076446533,0.048066284507513046
0.03355775400996208,0.05123154819011688
0.03429194539785385,0.05000641569495201
0.033741556107997894,0.05170783773064613
0.03481977805495262,0.04928746446967125
0.03222382813692093,0.04747782275080681
0.0314909890294075,0.047673288732767105
0.03166573494672775,0.049725551158189774
0.030985677614808083,0.048509858548641205
0.03141113370656967,0.05069390684366226
0.030173635110259056,0.05112118273973465
0.029875727370381355,0.05385465547442436
0.030214767903089523,0.049456026405096054
0.030767498537898064,0.04924866557121277
0.0293885450810194,0.050996966660022736
0.030483730137348175,0.04892827942967415
0.03028450906276703,0.05081320181488991
0.029524831101298332,0.05279950052499771
0.028910940513014793,0.05272434651851654
0.02882610447704792,0.05417592450976372
0.028217576444149017,0.0567806102335453
0.02795252576470375,0.05233226343989372
0.02754855342209339,0.05353892594575882
0.02767806127667427,0.05421290919184685
0.028352173045277596,0.05115893483161926
0.027717631310224533,0.05098830908536911
0.027214422821998596,0.05174719914793968
0.02589019201695919,0.05164317414164543
0.025251269340515137,0.05335674062371254
0.026070481166243553,0.05627908185124397
0.027632106095552444,0.055921491235494614
0.02607872150838375,0.053358908742666245
0.025118453428149223,0.05203745886683464
0.025550756603479385,0.055706825107336044
0.024663908407092094,0.054083552211523056
0.023846786469221115,0.05505771189928055
0.02390585094690323,0.05310005694627762
0.02346196398139,0.053677018731832504
0.023506542667746544,0.05449855327606201
0.023586051538586617,0.0567992627620697
0.022862989455461502,0.054230786859989166
0.02345229871571064,0.055072084069252014
0.023212691769003868,0.053742408752441406
0.02339303120970726,0.05737631022930145
0.022016901522874832,0.055434804409742355
0.023498879745602608,0.05302987992763519
0.02205720730125904,0.05462842434644699
0.02176028862595558,0.05618232488632202
0.021476490423083305,0.05657721310853958
0.022097546607255936,0.05886606499552727
0.020557409152388573,0.05782967805862427
0.021600309759378433,0.05816425755620003
0.022738514468073845,0.05690019205212593
0.022847192361950874,0.05652804672718048
0.02191576175391674,0.05725139379501343
0.020448071882128716,0.056203439831733704
0.019660577178001404,0.05606381595134735
0.02078690566122532,0.05739108845591545
0.0202220119535923,0.05565273016691208
0.01999044232070446,0.054145123809576035
0.020515231415629387,0.05559873208403587
0.019864248111844063,0.05731040984392166
0.019375627860426903,0.057165756821632385
0.019232116639614105,0.05729970335960388
0.018772896379232407,0.05707142502069473
0.018206091597676277,0.05705277994275093
0.018130475655198097,0.05968799814581871
0.018107814714312553,0.05690301954746246
0.018900681287050247,0.0587334930896759
0.01807260513305664,0.05727136880159378
0.018106896430253983,0.057872168719768524
0.017562709748744965,0.05648518726229668
0.01780627854168415,0.05649343878030777
0.01793929561972618,0.061719030141830444
0.017641032114624977,0.057312726974487305
0.017437752336263657,0.06035967171192169
0.01667003519833088,0.061237674206495285
0.017102180048823357,0.05903836712241173
0.017062988132238388,0.06207014247775078
0.01705639250576496,0.058407578617334366
0.01764835976064205,0.061428166925907135
0.016677653416991234,0.05866881459951401
0.016338974237442017,0.060532353818416595
0.016287285834550858,0.05994373559951782
0.015962660312652588,0.059505630284547806
0.016196563839912415,0.0591108500957489
0.015622476115822792,0.06011936441063881
0.01579124666750431,0.057664934545755386
0.016102176159620285,0.06029527261853218
0.016529997810721397,0.05996094271540642
0.015287324786186218,0.06079490855336189
0.015492977574467659,0.06040628254413605
0.01528263557702303,0.060697633773088455
0.01561893429607153,0.06020832806825638
0.015336593613028526,0.06085384637117386
0.015122359618544579,0.06093655526638031
0.014688292518258095,0.06126190349459648
0.01497070025652647,0.06240668147802353
0.015302890911698341,0.060763150453567505
0.016513850539922714,0.06213907524943352
0.01636793464422226,0.06255876272916794
0.015836210921406746,0.05935641750693321
0.015261939726769924,0.06225431710481644
0.014748932793736458,0.061134032905101776
0.01454865001142025,0.06243003159761429
0.01449913065880537,0.060942165553569794
0.014367952011525631,0.0613868348300457
0.014540616422891617,0.06182779371738434
0.014357454143464565,0.05979463458061218
0.014822361059486866,0.058058105409145355
0.015523789450526237,0.05936605855822563
0.014570117928087711,0.059108469635248184
0.01403714343905449,0.06366297602653503
0.014256748370826244,0.06033008545637131
0.01411530002951622,0.06140997260808945
0.01391429454088211,0.06317853927612305
0.014331393875181675,0.06197933852672577
0.015375339426100254,0.058311935514211655
0.014203879982233047,0.061941638588905334
0.014094171114265919,0.06030183658003807
0.013393348082900047,0.059525325894355774
0.013006141409277916,0.06465913355350494
0.013123911805450916,0.06243058666586876
0.01346619799733162,0.06141991168260574
0.013046910054981709,0.06114279106259346
0.01304601039737463,0.06319984793663025
0.012850808911025524,0.06258614361286163
0.013163498602807522,0.06358113139867783
0.013408999890089035,0.06550201773643494
0.013181338086724281,0.06228433921933174
0.013008855283260345,0.06260717660188675
0.013286644592881203,0.0637223869562149
0.013102519325911999,0.06352399289608002
0.01274485420435667,0.06404076516628265
0.012467804364860058,0.0634399950504303
0.013153917156159878,0.06560289114713669
0.014301575720310211,0.062426041811704636
0.01339400839060545,0.06467323005199432
0.012634266167879105,0.06204855814576149
0.01240500621497631,0.06301018595695496
0.012326841242611408,0.06510142982006073
0.012536637485027313,0.062386106699705124
0.012717482633888721,0.06279940903186798
0.012564021162688732,0.06361415237188339
0.012269850820302963,0.06248330697417259
0.012034443207085133,0.06286533176898956
0.011981558054685593,0.06283770501613617
0.012365451082587242,0.06302492320537567
0.012121503241360188,0.06301643699407578
0.012162339873611927,0.06556763499975204
0.012069838121533394,0.0650319829583168
0.011821722611784935,0.06351293623447418
0.011565701104700565,0.06468062102794647
0.01168796420097351,0.06472335010766983
0.011849458329379559,0.06383847445249557
0.011810269206762314,0.06214982643723488
0.011604986153542995,0.06483329087495804
0.011539601720869541,0.06436444818973541
0.011648163199424744,0.06540004163980484
0.011505215428769588,0.06491141021251678
0.011445453390479088,0.06308084726333618
0.011520308442413807,0.06441827863454819
0.011543046683073044,0.06219855323433876
0.011813512071967125,0.06548774987459183
0.01153424009680748,0.06473420560359955
0.011698128655552864,0.06515787541866302
0.011601569131016731,0.06642298400402069
0.0118557158857584,0.06735536456108093
0.011484992690384388,0.06520944833755493
0.011556880548596382,0.06307463347911835
0.011581780388951302,0.06619617342948914
0.011572271585464478,0.06624523550271988
0.011215182952582836,0.06691448390483856
0.010985844768583775,0.06514857709407806
0.010793434455990791,0.06556779891252518
0.010878554545342922,0.0672750473022461
0.011326069943606853,0.06349683552980423
0.01114377100020647,0.0654631033539772
0.011261208914220333,0.06605486571788788
0.011069941334426403,0.06555616110563278
0.01114758662879467,0.0648985505104065
0.010974453762173653,0.065904401242733
0.011103194206953049,0.06738951057195663
0.011056373827159405,0.0679665356874466
0.010852934792637825,0.06643512099981308
0.010740977711975574,0.06609451770782471
0.011332712136209011,0.06723599135875702
0.010815948247909546,0.06611619889736176
0.010770196095108986,0.06509958207607269
0.01044970192015171,0.06677520275115967
0.010543244890868664,0.06598569452762604
0.010295185260474682,0.06737414002418518
0.010836717672646046,0.06619928777217865
0.01095292717218399,0.0661570206284523
0.010849212296307087,0.06718720495700836
0.010393820703029633,0.06513933837413788
0.010373660363256931,0.06710616499185562
0.010935550555586815,0.06390387564897537
0.011255310848355293,0.06638748198747635
0.011969040147960186,0.06531736999750137
0.010990791022777557,0.06549564003944397
0.010452094487845898,0.06718358397483826
0.010381153784692287,0.06665854901075363
0.01043161191046238,0.06774488836526871
0.009999747388064861,0.06758979707956314
0.010297580622136593,0.0672394260764122
0.011051748879253864,0.06676989793777466
0.010950644500553608,0.0668913722038269
0.010296531952917576,0.06956557184457779
0.010077397339046001,0.06693840026855469
0.009726989082992077,0.06656409054994583
0.010109279304742813,0.0688062235713005
0.009836649522185326,0.0659048780798912
0.009963462129235268,0.06758446991443634
0.009821473620831966,0.06724002957344055
0.0096644451841712,0.06795588880777359
0.010170141234993935,0.07119441032409668
0.009863322600722313,0.06786202639341354
0.009692048653960228,0.06863044202327728
0.009836756624281406,0.06782075017690659
0.010036175139248371,0.0683136135339737
0.009941870346665382,0.06598293781280518
0.010162409394979477,0.0675056055188179
0.010058104991912842,0.06473390012979507
0.010253184475004673,0.06683098524808884
0.010036579333245754,0.06820214539766312
0.009928795509040356,0.06794458627700806
0.009876160882413387,0.06651416420936584
0.009804203175008297,0.06729783117771149
0.009746406227350235,0.06547112762928009
0.009691426530480385,0.06770419329404831
0.009606793522834778,0.06878337264060974
0.00929603073745966,0.06814536452293396
0.009268449619412422,0.06662044674158096
0.009320358745753765,0.06810546666383743
0.009471259079873562,0.06956448405981064
0.009424986317753792,0.06915045529603958
0.00932206679135561,0.07146140187978745
0.009558313526213169,0.06846868246793747
0.00977907981723547,0.06744098663330078
0.009414790198206902,0.06903034448623657
0.009446898475289345,0.07178474962711334
0.009347344748675823,0.06990454345941544
0.009221693500876427,0.07027412950992584
0.009192450903356075,0.06805836409330368
0.009098700247704983,0.07162488996982574
0.009192396886646748,0.07018101215362549
0.009858093224465847,0.07074717432260513
0.009592131711542606,0.06848471611738205
0.00941488891839981,0.06807266920804977
0.009114058688282967,0.07209461182355881
0.008848830126225948,0.06923360377550125
0.008959649130702019,0.07025981694459915
0.009182505309581757,0.06875145435333252
0.009173467755317688,0.06821558624505997
0.00924077071249485,0.06977452337741852
0.009066521190106869,0.07059890776872635
0.009249377064406872,0.06947604566812515
0.008966914378106594,0.07008631527423859
0.008855127729475498,0.0698651596903801
0.008531825616955757,0.07123091071844101
0.008544127456843853,0.06813012063503265
0.008567861281335354,0.07076068967580795
0.009050305932760239,0.07010982930660248
0.008943735621869564,0.07305766642093658
0.008995180018246174,0.06986024230718613
0.009107059799134731,0.07374585419893265
0.01048822607845068,0.07494820654392242
0.010274451225996017,0.07066281884908676
0.010369091294705868,0.06671201437711716
0.010493073612451553,0.06581603735685349
0.011087107472121716,0.06911138445138931
0.010077410377562046,0.06822698563337326
0.00952217448502779,0.06915132701396942
0.009017165750265121,0.06987753510475159
0.008767066523432732,0.0699021965265274
0.008444131352007389,0.07072722166776657
0.00840810127556324,0.06893706321716309
0.00843045674264431,0.07007426023483276
0.00835932232439518,0.06959493458271027
0.008243552409112453,0.07001905143260956
0.008109132759273052,0.06903637945652008
0.008175591006875038,0.0691036581993103
0.008042670786380768,0.07148236781358719
0.008031340315937996,0.0707399994134903
0.008077394217252731,0.06936181336641312
0.008392004296183586,0.07233764976263046
0.0086957523599267,0.07116227596998215
0.008348468691110611,0.07150635868310928
0.008203962817788124,0.07062968611717224
0.00834933202713728,0.0712946429848671
0.008237767964601517,0.07161469757556915
0.008232868276536465,0.07238013297319412
0.008073772303760052,0.06980982422828674
0.008096025325357914,0.07338549941778183
0.008108179084956646,0.07330980151891708
0.00815267488360405,0.07258231192827225
0.007887855172157288,0.07347860187292099
0.00791218038648367,0.0717533603310585
0.008040094748139381,0.07005920261144638
0.007983075454831123,0.07188187539577484
0.008322060108184814,0.07307258248329163
0.008455432951450348,0.07299885153770447
0.00832897238433361,0.07185392081737518
0.008454554714262486,0.07264687120914459
0.008505291305482388,0.0728730782866478
0.008109007962048054,0.0722409337759018
0.008045122027397156,0.07173119485378265
0.007857685908675194,0.07299569249153137
0.00775881577283144,0.0719274953007698
0.0076553174294531345,0.07242811471223831
0.007614466827362776,0.07289397716522217
0.00785066094249487,0.07618337869644165
0.007940169423818588,0.07138381153345108
0.007902132347226143,0.07274389266967773
0.007991760037839413,0.07383174449205399
0.008055146783590317,0.07297862321138382
0.007999292574822903,0.07378034293651581
0.007958653382956982,0.07254404574632645
0.007728997152298689,0.07326845824718475
0.007689350284636021,0.07037031650543213
0.008033638820052147,0.07126236706972122
0.00866565853357315,0.07454764097929001
0.009935627691447735,0.07474525272846222
0.009986057877540588,0.07188404351472855
0.009306888096034527,0.07073583453893661
0.008409985341131687,0.07378873974084854
0.008726163767278194,0.06867007166147232
0.008436167612671852,0.07035347074270248
0.007878851145505905,0.071754090487957
0.007965898141264915,0.0732513964176178
0.008239112794399261,0.07121403515338898
0.008190393447875977,0.07387267053127289
0.009159973822534084,0.07171976566314697
0.008210855536162853,0.07152098417282104
0.007847393862903118,0.07432609051465988
0.0074469600804150105,0.07048999518156052
0.007282863836735487,0.07224574685096741
0.007359498180449009,0.07362452149391174
0.007490996271371841,0.07291440665721893
0.007719478569924831,0.07187067717313766
0.007850801572203636,0.07153800874948502
0.007545131258666515,0.0721387043595314
0.007491136435419321,0.07305798679590225
0.007879582233726978,0.07287980616092682
0.007919098250567913,0.07208911329507828
0.007580085191875696,0.07451310008764267
0.0076745860278606415,0.07206516712903976
0.007546565029770136,0.07286480069160461
0.007302847225219011,0.0726364478468895
0.007310326676815748,0.07249555736780167
0.00715983659029007,0.07343430072069168
0.0070730880834162235,0.07352745532989502
0.00767146423459053,0.07326631993055344
0.007687545381486416,0.07140419632196426
0.007468235678970814,0.07182862609624863
0.007529594004154205,0.0717456042766571
0.007339846808463335,0.07358195632696152
0.0071002342738211155,0.07295616716146469
0.007080812938511372,0.0720677375793457
0.007017871830612421,0.07348108291625977
0.007100927643477917,0.07342967391014099
0.006931893061846495,0.07250763475894928
0.006939974147826433,0.07311590015888214
0.007287006359547377,0.0735490694642067
0.007268861867487431,0.07327146083116531
0.007079238072037697,0.07508756220340729
0.0072034746408462524,0.07322710007429123
0.007332165725529194,0.0726313367486
0.007132071536034346,0.07142403721809387
0.007056217174977064,0.0725245475769043
0.006946441251784563,0.06972406804561615
0.0068176379427313805,0.0732027068734169
0.006987231783568859,0.07336422055959702
0.007068997249007225,0.07091665267944336
0.007221857085824013,0.07288465648889542
0.007067782338708639,0.07283011823892593
0.007131544873118401,0.07490896433591843
0.007104621268808842,0.07435666024684906
0.007216697093099356,0.07361774891614914
0.007190568372607231,0.07318904995918274
0.007228768430650234,0.07399485260248184
0.007109742145985365,0.07277223467826843
0.007175756618380547,0.07401546090841293
0.007465157192200422,0.0744360163807869
0.007382371462881565,0.07308784872293472
0.00694577069953084,0.07405697554349899
0.0068438369780778885,0.07495100051164627
0.007580325473099947,0.07254278659820557
0.007527738343924284,0.07390392571687698
0.007023252546787262,0.07354603707790375
0.006633672397583723,0.07421643286943436
0.006695722695440054,0.07341896742582321
0.007014170289039612,0.07479111105203629
0.006741099525243044,0.0734885185956955
0.006827050354331732,0.07305911928415298
0.0066194841638207436,0.07436113804578781
0.006583741400390863,0.07214239984750748
0.006913244258612394,0.07278554886579514
0.007371455896645784,0.07580093294382095
0.007158726919442415,0.07502678036689758
0.007093986961990595,0.07313365489244461
0.006823417730629444,0.07329901307821274
0.006573695223778486,0.07289864122867584
0.0068754395470023155,0.07506181299686432
0.006772480905056,0.0748976543545723
0.006774240173399448,0.0736558735370636
0.006483528763055801,0.07492133975028992
0.006618686486035585,0.07278771698474884
0.006779902148991823,0.07407603412866592
0.006484649144113064,0.07413279265165329
0.006500903982669115,0.07397960871458054
0.006729536689817905,0.07231517136096954
0.006690559443086386,0.07371010631322861
0.006881261710077524,0.07449274510145187
0.006535504944622517,0.07269880175590515
0.006556912325322628,0.07348145544528961
0.006903463508933783,0.07329317927360535
0.00705601554363966,0.07129348814487457
0.0069508785381913185,0.0745571032166481
0.006557947024703026,0.07141256332397461
0.006345877889543772,0.07385731488466263
0.006345286965370178,0.07283544540405273
0.0063004037365317345,0.07466121762990952
0.0061955503188073635,0.07432036101818085
0.0061972783878445625,0.07462873309850693
0.006353283300995827,0.07413773983716965
0.006430387031286955,0.07442331314086914
0.006283351685851812,0.07343267649412155
0.006321968976408243,0.07401569932699203
0.006535791326314211,0.07175062596797943
0.006772604305297136,0.07389595359563828
0.007195205427706242,0.07204769551753998
0.00716346176341176,0.07299528270959854
0.0066978768445551395,0.07494540512561798
0.00634842598810792,0.07415997982025146
0.006323991343379021,0.07381997257471085
0.006231862120330334,0.07365691661834717
0.0062083955854177475,0.07502653449773788
0.0065200673416256905,0.07345039397478104
0.006354831159114838,0.0741342306137085
0.006698396522551775,0.07350577414035797
0.0068840207532048225,0.07204174995422363
0.006469322834163904,0.07190859317779541
0.006328267510980368,0.07299429178237915
0.006367528345435858,0.07174689322710037
0.00635034404695034,0.0736103430390358
0.0064185746014118195,0.07278136163949966
0.006762563716620207,0.07222368568181992
0.007048769388347864,0.07431840896606445
0.006863197777420282,0.07342742383480072
0.007127861957997084,0.07761618494987488
0.006541387643665075,0.07425793260335922
0.0064266701228916645,0.07523800432682037
0.006224930752068758,0.07321984320878983
0.006209538783878088,0.07241605967283249
0.005971604958176613,0.07341264933347702
0.006050759460777044,0.07307442277669907
0.006056877318769693,0.07216131687164307
0.005896901246160269,0.07240239530801773
0.0058391462080180645,0.07478879392147064
0.005911644548177719,0.07296837866306305
0.00609961524605751,0.07388005405664444
0.006055165082216263,0.07580346614122391
0.005884021986275911,0.07437541335821152
0.006068366579711437,0.07500988990068436
0.0064745210111141205,0.0751347467303276
0.006125326734036207,0.07413528114557266
0.006211370695382357,0.07305115461349487
0.0062217917293310165,0.07373378425836563
0.006193438079208136,0.07239063829183578
0.006325422320514917,0.07368732988834381
0.006250559817999601,0.07289892435073853
0.006108055356889963,0.0726262629032135
0.005987090524286032,0.07363816350698471
0.005908910185098648,0.07445990294218063
0.006022766698151827,0.07359109073877335
0.005837807897478342,0.07458671927452087
0.006021318957209587,0.0738748088479042
0.006174742244184017,0.07398969680070877
0.006106735207140446,0.0734650120139122
0.006440328434109688,0.07661766558885574
0.00632881186902523,0.07255598902702332
0.006718075834214687,0.0725066140294075
0.006461290176957846,0.07224884629249573
0.006225792691111565,0.07344187796115875
0.005906152538955212,0.07287690788507462
0.005868814419955015,0.07312356680631638
0.005868019536137581,0.07509313523769379
0.006008790340274572,0.07558656483888626
0.006390041671693325,0.0742109939455986
0.006183413323014975,0.07357871532440186
0.005966173019260168,0.07410474866628647
0.005710447672754526,0.07399138808250427
0.005879147909581661,0.07206007838249207
0.005922543350607157,0.07388246804475784
0.005887458100914955,0.07297331839799881
0.0056163775734603405,0.07465744018554688
0.0055699422955513,0.07361292093992233
0.00569008756428957,0.07412401586771011
0.005871950648725033,0.0718638226389885
0.005936240311712027,0.07496436685323715
0.0061808242462575436,0.07466216385364532
0.0061525218188762665,0.07428780198097229
0.005938730668276548,0.07381336390972137
0.005983790382742882,0.07383869588375092
0.006139109842479229,0.07372122257947922
0.005771016702055931,0.07156404852867126
0.005739728454500437,0.07340990751981735
0.005727813113480806,0.07171674072742462
0.00552874943241477,0.07416508346796036
0.0054589225910604,0.07259664684534073
0.005542971193790436,0.07188249379396439
0.005450783297419548,0.07409777492284775
0.005457868333905935,0.07344663143157959
0.005575430113822222,0.07424955070018768
0.005643702577799559,0.07486505061388016
0.005688370671123266,0.07490099221467972
0.0057806214317679405,0.07298494130373001
0.005713275168091059,0.07370065897703171
0.005886449478566647,0.07450968027114868
0.005885260179638863,0.07375246286392212
0.005645117722451687,0.0722145289182663
0.0058686682023108006,0.07370613515377045
0.0065430812537670135,0.07458159327507019
0.00645510433241725,0.07264851033687592
0.006401625461876392,0.0747608095407486
0.007230386137962341,0.07382215559482574
0.00678246421739459,0.07366349548101425
0.005933687556535006,0.0717967227101326
0.005647751968353987,0.07246681302785873
0.005684567615389824,0.07267836481332779
0.00552566722035408,0.07215023785829544
0.005446906667202711,0.07409944385290146
0.0055141448974609375,0.07376358658075333
0.005502788349986076,0.0745772048830986
0.005496441386640072,0.07220634073019028
0.005402854643762112,0.07311353832483292
0.005398750305175781,0.07294005900621414
0.005283322185277939,0.07260734587907791
0.0051206001080572605,0.07317893207073212
0.0051160226576030254,0.07384885102510452
0.00524326553568244,0.07358143478631973
0.005214086268097162,0.07414373010396957
0.005305239465087652,0.07293558120727539
0.005318513605743647,0.07479824125766754
0.005458326078951359,0.0758742019534111
0.005587632767856121,0.07390867918729782
0.005596427246928215,0.07260908931493759
0.005681898910552263,0.07354205846786499
0.005701233167201281,0.07266997545957565
0.006292355712503195,0.07064804434776306
0.0060686892829835415,0.0725567564368248
0.005876175127923489,0.07468956708908081
0.006196203641593456,0.07364156097173691
0.0061563123017549515,0.07270878553390503
0.0056994324550032616,0.0733744204044342
0.005831296090036631,0.0721585750579834
0.00637834332883358,0.07129598408937454
0.00658765435218811,0.0711747258901596
0.0059724911116063595,0.0717526227235794
0.005529629532247782,0.07035728543996811
0.00538329454138875,0.0730162039399147
0.0052722604013979435,0.07271581888198853
0.005198413971811533,0.07273358106613159
0.0050913672894239426,0.07378315180540085
0.005059740040451288,0.07339666038751602
0.005006243474781513,0.07116279006004333
0.005051006563007832,0.07245700806379318
0.005000105127692223,0.07213163375854492
0.005122423637658358,0.07381431758403778
0.005013504531234503,0.0735260546207428
0.005071838386356831,0.0719023123383522
0.004968625493347645,0.07285650819540024
0.00492736604064703,0.07242795079946518
0.004963373765349388,0.07329573482275009
0.005028157960623503,0.07403990626335144
0.0050782631151378155,0.07386643439531326
0.005083461757749319,0.07461965829133987
0.00513593340292573,0.07425689697265625
0.005168241448700428,0.07282066345214844
0.005269136279821396,0.07276532799005508
0.0051032123155891895,0.07213388383388519
0.005221000872552395,0.07213294506072998
0.005244228057563305,0.07347308099269867
0.005065658129751682,0.07499182969331741
0.00500048091635108,0.07290526479482651
0.004966846201568842,0.07356791943311691
0.004902567248791456,0.07437282055616379
0.005010150372982025,0.07288603484630585
0.004894126672297716,0.07348601520061493
0.004888823721557856,0.07482834160327911
0.004827181808650494,0.07218632847070694
0.004962284117937088,0.07242897152900696
0.004909979645162821,0.07382224500179291
0.005194132681936026,0.07309050112962723
0.005284908227622509,0.0741194561123848
0.005323364865034819,0.07521124929189682
0.005232543684542179,0.07442004978656769
0.005221768748015165,0.07487849146127701
0.005409812554717064,0.07054603844881058
0.005525680724531412,0.07255152612924576
0.005163117777556181,0.07096750289201736
0.005162338726222515,0.07385376840829849
0.005281319376081228,0.07431182265281677
0.005413093138486147,0.0738317146897316
0.0053489431738853455,0.07286997139453888
0.005222883075475693,0.0740412175655365
0.005122260190546513,0.07414625585079193
0.005567630752921104,0.07539591193199158
0.005681387148797512,0.07403837889432907
0.005529461428523064,0.07120265066623688
0.00830057356506586,0.07616555690765381
0.009445859119296074,0.06707460433244705
0.00734657421708107,0.07310202717781067
0.006239439360797405,0.07413000613451004
0.006086190231144428,0.07134687155485153
0.005584083031862974,0.07343363016843796
0.0053192307241261005,0.07088912278413773
0.005102470982819796,0.07022586464881897
0.004982421640306711,0.07178394496440887
0.0048885946162045,0.07098840177059174
0.004934405442327261,0.07222164422273636
0.004897756036370993,0.0720764622092247
0.004938672296702862,0.07230008393526077
0.00491710240021348,0.07445599138736725
0.0047607580199837685,0.07353527843952179
0.0047088367864489555,0.07384365051984787
0.0047052716836333275,0.0716424509882927
0.004666084423661232,0.07314231246709824
0.004714391194283962,0.07256120443344116
0.004695965442806482,0.07166428864002228
0.004992757458239794,0.07381659001111984
0.004889016505330801,0.07190103083848953
0.0048843384720385075,0.073394276201725
0.004841194488108158,0.07499226927757263
0.0050112465396523476,0.07421252876520157
0.004852739162743092,0.07382803410291672
0.004811298102140427,0.07268284261226654
0.004825599025934935,0.07301678508520126
0.004712119698524475,0.07385323196649551
0.0046618543565273285,0.0725569799542427
0.004591918084770441,0.07501626759767532
0.004623310174793005,0.0740710124373436
0.0046910485252738,0.07271868735551834
0.004773273598402739,0.07469654828310013
0.0047850036062300205,0.07396940886974335
0.004784280434250832,0.0740993544459343
0.004745073616504669,0.0729798749089241
0.004641566425561905,0.07339651137590408
0.004566336516290903,0.07290135324001312
0.004583399277180433,0.07289871573448181
0.004643446300178766,0.07363764196634293
0.004737630020827055,0.0737837553024292
0.004907108843326569,0.0737435519695282
0.004758100025355816,0.0735262781381607
0.005015059374272823,0.07437355816364288
0.005432316567748785,0.07471271604299545
0.0054009659215807915,0.0744372233748436
0.005163899622857571,0.07229170948266983
0.00516844866797328,0.07585231959819794
0.005000614561140537,0.07392655313014984
0.005010789260268211,0.0733628198504448
0.00501443212851882,0.07358907908201218
0.004791055805981159,0.07374623417854309
0.00487525574862957,0.07280883193016052
0.004880466032773256,0.07422024756669998
0.004730717279016972,0.0733584314584732
0.004846722353249788,0.0716562494635582
0.004748144187033176,0.07363955676555634
0.004603883251547813,0.07267097383737564
0.004670880269259214,0.07384026050567627
0.004664342384785414,0.0727405697107315
0.004617484286427498,0.07351826876401901
0.004588202573359013,0.07330461591482162
0.004631751216948032,0.07346915453672409
0.004521519877016544,0.07362832129001617
0.004520663060247898,0.074143186211586
0.004734669346362352,0.07184199243783951
0.004762467462569475,0.07562354952096939
0.004652415402233601,0.07331886887550354
0.004564892500638962,0.07324860244989395
0.004535887390375137,0.0742998942732811
0.004670025315135717,0.07405006140470505
0.004761412739753723,0.07383996993303299
0.004926206078380346,0.07234075665473938
0.004925076384097338,0.07431630790233612
0.005017672665417194,0.07127014547586441
0.005081076640635729,0.0724792405962944
0.005165055859833956,0.07266546040773392
0.005068984813988209,0.07076390087604523
0.005560128018260002,0.07192863523960114
0.005260765086859465,0.07211637496948242
0.005161656532436609,0.07154856622219086
0.0048415930941700935,0.07199186086654663
0.004927653819322586,0.07391821593046188
0.004977721255272627,0.07257141917943954
0.004850877448916435,0.07160025835037231
0.0048179239965975285,0.07500280439853668
0.004665319807827473,0.07348815351724625
0.004570908844470978,0.07310698181390762
0.004553300328552723,0.07481861859560013
0.004666422959417105,0.07313383370637894
0.004550020210444927,0.0733414962887764
0.0044591911137104034,0.07455848157405853
0.004385874606668949,0.07366079092025757
0.004474427551031113,0.07445146143436432
0.0045941732823848724,0.07244005799293518
0.004753976594656706,0.0713268518447876
0.004806501790881157,0.07323876768350601
0.004883268382400274,0.07260175049304962
0.005171856842935085,0.07185832411050797
0.005121586844325066,0.0723419338464737
0.004761776886880398,0.07321759313344955
0.004728830885142088,0.07294479012489319
0.004549846053123474,0.07299302518367767
0.004480782430619001,0.07329647243022919
0.004453553352504969,0.07351911813020706
0.004463904537260532,0.07328544557094574
0.004349301569163799,0.07324404269456863
0.004268158692866564,0.07478752732276917
0.0043501099571585655,0.07392033189535141
0.0045746443793177605,0.07421499490737915
0.004514854867011309,0.07362792640924454
0.004416210111230612,0.07489082217216492
0.004366477020084858,0.07512477785348892
0.004420879762619734,0.07377354055643082
0.004645981825888157,0.07414834946393967
0.004531458485871553,0.07421377301216125
0.004521346651017666,0.07328009605407715
0.004409860819578171,0.07415883988142014
0.004304141737520695,0.07406260818243027
0.004322204273194075,0.07335824519395828
0.0043905507773160934,0.07393644750118256
0.004385641776025295,0.07410109788179398
0.004385792650282383,0.07265501469373703
0.004388692323118448,0.07463670521974564
0.00433573080226779,0.07477854192256927
0.004430457018315792,0.07417129725217819
0.004527716897428036,0.07413309812545776
0.004609759896993637,0.07353853434324265
0.004800932016223669,0.0740738958120346
0.005181428510695696,0.07368535548448563
0.005699166562408209,0.07595957815647125
0.005418961867690086,0.072172611951828
0.004846007097512484,0.07225112617015839
0.004900400061160326,0.07421944290399551
0.004535731393843889,0.07267078012228012
0.004660777747631073,0.07353346049785614
0.004702308215200901,0.07376864552497864
0.0044831749983131886,0.07393288612365723
0.00436770124360919,0.07450363039970398
0.004442191682755947,0.07351083308458328
0.004260456655174494,0.07408352196216583
0.004333277698606253,0.07379418611526489
0.004386452492326498,0.07454430311918259
0.004356432240456343,0.07348663359880447
0.004403780214488506,0.0728878527879715
0.00438426760956645,0.07411083579063416
0.004277774598449469,0.07458755373954773
0.004275909624993801,0.0745968148112297
0.004350726492702961,0.07479134202003479
0.0044076512567698956,0.07297686487436295
0.004523746203631163,0.0754874125123024
0.004454584326595068,0.07510704547166824
0.004529098980128765,0.07395027577877045
0.004434118513017893,0.07383512705564499
0.004590142518281937,0.07451534271240234
0.004489840008318424,0.072843536734581
0.004453232977539301,0.07417408376932144
0.004469274077564478,0.07289734482765198
0.004504356533288956,0.07288863509893417
0.004350092727690935,0.07489798218011856
0.004215380176901817,0.07379046827554703
0.004480842966586351,0.07419047504663467
0.00426151929423213,0.07292148470878601
0.004199723247438669,0.07278753817081451
0.004135313909500837,0.07294654846191406
0.004089702852070332,0.07371683418750763
0.004053601995110512,0.07381171733140945
0.004020303022116423,0.07388318330049515
0.0041062296368181705,0.07465033233165741
0.0042560710571706295,0.07469849288463593
0.004608539864420891,0.07547297328710556
0.004673817660659552,0.07388252019882202
0.004482514224946499,0.07431413233280182
0.004559392109513283,0.07478933781385422
0.004565824288874865,0.07548090070486069
0.00455830991268158,0.07442738115787506
0.004424993880093098,0.07444771379232407
0.004356427118182182,0.07381605356931686
0.0044661895371973515,0.07403210550546646
0.004460780415683985,0.07553055882453918
0.00430264649912715,0.07551059126853943
0.004333600867539644,0.07476472854614258
0.0042236302979290485,0.07381605356931686
0.004210189916193485,0.07616680860519409
0.004133870825171471,0.07386939227581024
0.004152680281549692,0.07443515211343765
0.004412053618580103,0.07615359872579575
0.004458065610378981,0.07266087085008621
0.004326818976551294,0.07498706877231598
0.004313903395086527,0.07414791733026505
0.004249453544616699,0.07325007021427155
0.004128139000386,0.07300698012113571
0.004019552376121283,0.07319542020559311
0.004052719101309776,0.07476884126663208
0.004046234767884016,0.07418801635503769
0.004044160712510347,0.07413998991250992
0.004144177306443453,0.07386045157909393
0.004295390099287033,0.07540573924779892
0.004286416806280613,0.0731733962893486
0.004185280296951532,0.07392189651727676
0.0041313813999295235,0.0753617063164711
0.004131046123802662,0.07387463003396988
0.004119603894650936,0.07524508237838745
0.0043012904934585094,0.0744047537446022
0.004319516941905022,0.07426193356513977
0.004293255973607302,0.07466986775398254
0.004293241072446108,0.07606237381696701
0.004354660864919424,0.07532890886068344
0.004177572205662727,0.07372970134019852
0.004155105911195278,0.07475607842206955
0.004080740734934807,0.07466834783554077
0.004196669906377792,0.07490499317646027
0.004110265523195267,0.07604348659515381
0.004159752279520035,0.07357542961835861
0.004052783362567425,0.07283526659011841
0.004159807227551937,0.0747474953532219
0.004196445923298597,0.07397059351205826
0.004374625161290169,0.07560104131698608
0.0045566982589662075,0.07493690401315689
0.004578553140163422,0.07280967384576797
0.004491690546274185,0.07470483332872391
0.004291335120797157,0.07492101192474365
0.003994815982878208,0.07364267110824585
0.003979649394750595,0.07416301220655441
0.004009920172393322,0.07345576584339142
0.004162599332630634,0.07467763870954514
0.004175973124802113,0.07389804720878601
0.003969548270106316,0.07422401010990143
0.0039339312352240086,0.07354290783405304
0.004196189343929291,0.07330339401960373
0.004417174030095339,0.07334651798009872
0.004505460616201162,0.07450009882450104
0.004406042397022247,0.07474631816148758
0.004050848074257374,0.07322333008050919
0.004200163763016462,0.07464101165533066
0.004150701686739922,0.0741281509399414
0.004299444612115622,0.07463286817073822
0.00438431091606617,0.07370327413082123
0.004248038399964571,0.0739806592464447
0.004106433130800724,0.07352527976036072
0.003988583106547594,0.07523161172866821
0.0039025149308145046,0.07375863939523697
0.0038778623566031456,0.07451388984918594
0.003899532603099942,0.07526470720767975
0.003865467617288232,0.07393497228622437
0.003922278992831707,0.07471511512994766
0.0038587450981140137,0.07519292831420898
0.004087150562554598,0.0744665116071701
0.003996503073722124,0.07304609566926956
0.0043092090636491776,0.07446480542421341
0.004060022067278624,0.07346750050783157
0.003993996884673834,0.07489069551229477
0.0038952245377004147,0.07364430278539658
0.0039007540326565504,0.07400438189506531
0.0038868803530931473,0.0741245299577713
0.003966647665947676,0.07527138292789459
0.0038794614374637604,0.07527949661016464
0.004000015091150999,0.07504580169916153
0.004077364224940538,0.07448925077915192
0.003944849595427513,0.0748264342546463
0.0039061533752828836,0.07529113441705704
0.003877247218042612,0.0748240277171135
0.003952494356781244,0.0745481625199318
0.003941246308386326,0.07476090639829636
0.0040795812383294106,0.07346877455711365
0.003885929472744465,0.0744367390871048
0.003916952293366194,0.07466313242912292
0.003917064983397722,0.07453607767820358
0.003940718248486519,0.0750911608338356
0.003948408178985119,0.07357499748468399
0.003998506814241409,0.07529614120721817
0.004054290242493153,0.07389210909605026
0.004196785390377045,0.07656819373369217
0.004110308364033699,0.0745454803109169
0.004195208195596933,0.07536099851131439
0.004056563135236502,0.07606106251478195
0.004194554407149553,0.0738445445895195
0.00426571536809206,0.07473265379667282
0.004227763507515192,0.07381060719490051
0.004052349831908941,0.07345572113990784
0.004081318620592356,0.0742550790309906
0.0041635120287537575,0.07526152580976486
0.004064010456204414,0.07531190663576126
0.004032002296298742,0.07470682263374329
0.003834828268736601,0.07509363442659378
0.003928779158741236,0.07381819933652878
0.0038056771736592054,0.07458236813545227
0.0039099110290408134,0.07551609724760056
0.003856746479868889,0.07621116191148758
0.003907320089638233,0.07492101192474365
0.003988737240433693,0.07388625293970108
0.003941296134144068,0.07501206547021866
0.003835508832708001,0.07559198886156082
0.003916813526302576,0.07329387217760086
0.004198961891233921,0.07583466172218323
0.003993304446339607,0.07557481527328491
0.003915351815521717,0.07396101951599121
0.0038001437205821276,0.07464905828237534
0.0038626512978225946,0.07478418201208115
0.004032345954328775,0.07432633638381958
0.004201742820441723,0.07489360868930817
0.004193206783384085,0.07454905658960342
0.004086062777787447,0.07243143767118454
0.004010950215160847,0.07453424483537674
0.0038710779044777155,0.07633437216281891
0.0038817226886749268,0.07429377734661102
0.00414688978344202,0.07460042834281921
0.003950329963117838,0.07450742274522781
0.003916850313544273,0.07456841319799423
0.0038581315893679857,0.0743168517947197
0.0038580631371587515,0.07493291795253754
0.003711308818310499,0.07478687167167664
0.0037347578909248114,0.07463307678699493
0.003714916994795203,0.07520902156829834
0.0037479293532669544,0.07598263770341873
0.003950155805796385,0.07496118545532227
0.004065339453518391,0.07560396939516068
0.003977791406214237,0.07421448081731796
0.0037948559038341045,0.07450330257415771
0.003860365366563201,0.07525397837162018
0.0038532710168510675,0.0755368322134018
0.0037944584619253874,0.07604574412107468
0.003751796903088689,0.0744221955537796
0.0037359236739575863,0.07461538165807724
0.0036419800017029047,0.07449127733707428
0.0038363030180335045,0.07591411471366882
0.003936648368835449,0.07413681596517563
0.0041142418049275875,0.0746278315782547
0.004164513200521469,0.07583802938461304
0.003989122342318296,0.07476070523262024
0.0036873812787234783,0.07604873925447464
0.003724442096427083,0.07460170984268188
0.0036982945166528225,0.07520526647567749
0.00371891469694674,0.07469876110553741
0.0037720692344009876,0.07493392378091812
0.0036604467313736677,0.07549531757831573
0.0037050910759717226,0.07533648610115051
0.003600475611165166,0.07487977296113968
0.0035633675288408995,0.07511153817176819
0.003552188165485859,0.0754430964589119
0.0037969667464494705,0.07486207038164139
0.003834349103271961,0.07544087618589401
0.0037780296988785267,0.07584764808416367
0.0038871238939464092,0.0747944563627243
0.0038751401007175446,0.07456832379102707
0.003779452294111252,0.07500170916318893
0.0038067633286118507,0.07509998977184296
0.0038147836457937956,0.07546188682317734
0.0037159270141273737,0.07510119676589966
0.0036675320006906986,0.07387974858283997
0.0036665350198745728,0.0753467008471489
0.0036627911031246185,0.07483263313770294
0.003735878271982074,0.07419643551111221
0.003928536549210548,0.07406225055456161
0.00374809093773365,0.07535863667726517
0.003747380105778575,0.07648196816444397
0.0038307521026581526,0.07479427009820938
0.0037888875231146812,0.07464528828859329
0.0038094930350780487,0.07484554499387741
0.003597809700295329,0.07531153410673141
0.003495343029499054,0.07610302418470383
0.0034217885695397854,0.07533392310142517
0.003455405356362462,0.07493166625499725
0.00350412935949862,0.07560696452856064
0.0036127232015132904,0.07568874955177307
0.0037226059939712286,0.0756029263138771
0.0036246944218873978,0.07559359073638916
0.0036648677196353674,0.07438494265079498
0.0036529693752527237,0.07627391070127487
0.0036888555623590946,0.07532311975955963
0.00365348975174129,0.07618153840303421
0.0036069005727767944,0.07436909526586533
0.0035213662777096033,0.0747072845697403
0.0036817241925746202,0.07624746114015579
0.003719651373103261,0.07534747570753098
0.0036682363133877516,0.07470384985208511
0.0036141660530120134,0.07473553717136383
0.0037370913196355104,0.07504294067621231
0.0037530725821852684,0.0753510519862175
0.0037812974769622087,0.07704956084489822
0.003744286485016346,0.07633071392774582
0.0036733420565724373,0.07475533336400986
0.0036024083383381367,0.07641221582889557
0.0036680568009614944,0.07627131044864655
0.003835453651845455,0.07592707872390747
0.00366199784912169,0.07564520835876465
0.0037086233496665955,0.07537400722503662
0.003755085403099656,0.07603505998849869
0.0037823133170604706,0.07762517035007477
0.003747927723452449,0.07587343454360962
0.0038829613476991653,0.07607495784759521
0.003615180728957057,0.07596999406814575
0.0035415682941675186,0.07565299421548843
0.003481518942862749,0.07527996599674225
0.003488444024696946,0.07498516887426376
0.0034904719796031713,0.07656505703926086
0.0035022366791963577,0.07536698132753372
0.003688499331474304,0.07654797285795212
0.0036259624175727367,0.07740145176649094
0.0036785732954740524,0.07594074308872223
0.0036983180325478315,0.07580297440290451
0.0036524238530546427,0.0761820375919342
0.0036819681990891695,0.07439745217561722
0.003650608006864786,0.07584112882614136
0.003767987946048379,0.07589775323867798
0.0037740611005574465,0.075599804520607
0.003818956669420004,0.07657327502965927
0.0037062885239720345,0.07725672423839569
0.0035894359461963177,0.07674111425876617
0.0035101384855806828,0.07669059187173843
0.0034785298630595207,0.07657276839017868
0.0034209666773676872,0.07628193497657776
0.0034502269700169563,0.07585947215557098
0.0034432176034897566,0.07695581763982773
0.003387214383110404,0.07549700886011124
0.003416009247303009,0.07762835919857025
0.0034012491814792156,0.07616245001554489
0.0034807762131094933,0.07460414618253708
0.0035169566981494427,0.07729381322860718
0.0034680564422160387,0.0755537822842598
0.003459495259448886,0.07546519488096237
0.0035650180652737617,0.07598578184843063
0.0036801707465201616,0.07635475695133209
0.003923522308468819,0.07707801461219788
0.0041021802462637424,0.07612644881010056
0.004104157444089651,0.07517900317907333
0.0037957988679409027,0.07498309761285782
0.003632162231951952,0.07486465573310852
0.003572654677554965,0.07641120254993439
0.003584999358281493,0.076202392578125
0.003393772756680846,0.07573052495718002
0.00336234993301332,0.07649914175271988
0.0033496874384582043,0.07606517523527145
0.00336915859952569,0.07596364617347717
0.003312499262392521,0.07535550743341446
0.003399874782189727,0.0769943967461586
0.0034104548394680023,0.07738710194826126
0.003456819336861372,0.07575415074825287
0.0034896761644631624,0.07544441521167755
0.003546039341017604,0.07534652203321457
0.003589153988286853,0.07612893730401993
0.0037443817127496004,0.07762165367603302
0.0035326823126524687,0.07694606482982635
0.003601588075980544,0.07695204764604568
0.0036849251482635736,0.07741568982601166
0.003553618909791112,0.07525093108415604
0.003536275355145335,0.07619327306747437
0.0034071921836584806,0.07597099989652634
0.0032914774492383003,0.07552540302276611
0.003306878497824073,0.07618268579244614
0.0033093912061303854,0.07699409872293472
0.00332935550250113,0.07557591050863266
0.003370895516127348,0.07712090760469437
0.0033110936637967825,0.07620055228471756
0.0034170716535300016,0.07645274698734283
0.0034431940875947475,0.07717911899089813
0.003457186510786414,0.07645656913518906
0.0034587185364216566,0.07657673209905624
0.0035144605208188295,0.07600890845060349
0.0035086863208562136,0.07573199272155762
0.0034979190677404404,0.07685218006372452
0.0035099629312753677,0.07682394236326218
0.0036665673833340406,0.07845447212457657
0.003812967799603939,0.07730871438980103
0.003594275563955307,0.0764203742146492
0.0035269937943667173,0.0776798352599144
0.0034454092383384705,0.07646438479423523
0.003337997244670987,0.07719634473323822
0.003697465406730771,0.07592248916625977
0.003965653944760561,0.07715460658073425
0.004011204931885004,0.07747166603803635
0.004140833858400583,0.07710415869951248
0.0038885027170181274,0.07654353976249695
0.003722484689205885,0.07575317472219467
0.003543326398357749,0.07630094885826111
0.00339792319573462,0.076350636780262
0.0034241126850247383,0.07590340822935104
0.0033453027717769146,0.07713568955659866
0.003279844531789422,0.07728463411331177
0.0033566239289939404,0.07481718808412552
0.0034582812804728746,0.0768614262342453
0.0035509609151631594,0.07553119957447052
0.003519826103001833,0.07584232091903687
0.0035185583401471376,0.07656800746917725
0.0034146965481340885,0.07663428038358688
0.0033946633338928223,0.07589320838451385
0.0032610229682177305,0.07615087181329727
0.003239235607907176,0.07663009315729141
0.003301489632576704,0.07596801221370697
0.0032270997762680054,0.07724408060312271
0.003336729248985648,0.07614656537771225
0.003355319146066904,0.07721944153308868
0.003325947094708681,0.07644448429346085
0.0034653102047741413,0.0769294947385788
0.0034617139026522636,0.07627756148576736
0.0033794380724430084,0.076889768242836
0.0034665591083467007,0.07633822411298752
0.0033551447559148073,0.07596664875745773
0.003437061794102192,0.07640161365270615
0.003479486797004938,0.07518579810857773
0.003408193588256836,0.07739816606044769
0.0033385977149009705,0.07519129663705826
0.0033273363951593637,0.07654448598623276
0.003414497245103121,0.07629480212926865
0.0035328499507158995,0.07685553282499313
0.003581797704100609,0.0764201432466507
0.0036247516982257366,0.07821021229028702
0.004279054701328278,0.07523174583911896
0.004313333425670862,0.07548501342535019
0.003900919109582901,0.07655596733093262
0.003530278569087386,0.07664994150400162
0.003501767525449395,0.07639003545045853
0.0033888614270836115,0.077004075050354
0.0032786945812404156,0.07611682265996933
0.0031850947998464108,0.07645870745182037
0.003093024017289281,0.07637269794940948
0.003054293803870678,0.07646876573562622
0.003107480937615037,0.07686853408813477
0.00313173676840961,0.07666002213954926
0.003164357040077448,0.0773032009601593
0.003228213172405958,0.0773826614022255
0.0032333594281226397,0.0760532096028328
0.003146921284496784,0.0773640125989914
0.0030982575844973326,0.076625294983387
0.003180657047778368,0.07663725316524506
0.0033309932332485914,0.07654651999473572
0.0032978386152535677,0.07624805718660355
0.0034445307683199644,0.07706010341644287
0.0033956582192331553,0.07671856135129929
0.003318663453683257,0.07529325038194656
0.003193647600710392,0.07658146321773529
0.0031135031022131443,0.07692944258451462
0.0031330648344010115,0.07806219160556793
0.003164875553920865,0.07723868638277054
0.0031723694410175085,0.07654494047164917
0.0033265415113419294,0.07716315239667892
0.0034266330767422915,0.0766526535153389
0.003437319304794073,0.07694078236818314
0.003521229838952422,0.07735449820756912
0.0034227538853883743,0.07851618528366089
0.0034084762446582317,0.07778098434209824
0.003477496560662985,0.07637981325387955
0.0034716089721769094,0.07703323662281036
0.003378442721441388,0.07710437476634979
0.003367776982486248,0.07608723640441895
0.003495814511552453,0.07678008824586868
0.0035268631763756275,0.07570060342550278
0.0034884288907051086,0.07655611634254456
0.0034696897491812706,0.07597734034061432
0.003444438800215721,0.07747897505760193
0.0034102441277354956,0.07581623643636703
0.0032728842925280333,0.07724720984697342
0.003228544956073165,0.07716977596282959
0.0031782255973666906,0.07681719958782196
0.0031328382901847363,0.07723676413297653
0.0031105477828532457,0.07720843702554703
0.003105045296251774,0.07674669474363327
0.003102685557678342,0.0779142752289772
0.003100698348134756,0.07638279348611832
0.003111149650067091,0.07684790343046188
0.0031726013403385878,0.07664471864700317
0.003208176465705037,0.07725097984075546
0.003243768587708473,0.0768250972032547
0.0033336137421429157,0.07717910408973694
0.0032646774780005217,0.0784512534737587
0.0031691868789494038,0.07652938365936279
0.0030886975582689047,0.07730850577354431
0.0032201746944338083,0.07666245847940445
0.003181657288223505,0.07568404823541641
0.003263475839048624,0.07732482999563217
0.0033020582050085068,0.07727408409118652
0.003333583241328597,0.07807565480470657
0.0038380336482077837,0.0789007917046547
0.004004304297268391,0.07778283953666687
0.003949826117604971,0.07729882746934891
0.0036088288761675358,0.07819702476263046
0.003433143487200141,0.077308788895607
0.0033513931557536125,0.07730360329151154
0.0033015436492860317,0.07642661035060883
0.0032493956387043,0.07715019583702087
0.0031499771866947412,0.07625246047973633
0.0031340387649834156,0.0783739909529686
0.00304625928401947,0.07793089002370834
0.003042405704036355,0.07678227126598358
0.0030449016485363245,0.07759924978017807
0.0030478525441139936,0.07690908014774323
0.003011697204783559,0.07738594710826874
0.0029494904447346926,0.07742827385663986
0.0029792245477437973,0.0771968886256218
0.0030089726205915213,0.07753350585699081
0.00309517583809793,0.07706783711910248
0.00314652849920094,0.07773526012897491
0.0031411205418407917,0.0772368386387825
0.0032117716036736965,0.07715455442667007
0.0031619963701814413,0.07769427448511124
0.0030118608847260475,0.07789529860019684
0.0030694399029016495,0.0790991261601448
0.003263812279328704,0.07647498697042465
0.0033225452061742544,0.07698190212249756
0.003381206188350916,0.07767568528652191
0.003508348483592272,0.07661982625722885
0.0033010761253535748,0.07845865190029144
0.0032945030834525824,0.07744798064231873
0.003353592474013567,0.07801537960767746
0.003396885236725211,0.07651998847723007
0.0035836936440318823,0.07653763145208359
0.0032297642901539803,0.07685774564743042
0.003163440153002739,0.07792793959379196
0.0031242186669260263,0.07622059434652328
0.003183410968631506,0.07715872675180435
0.003221153048798442,0.07663639634847641
0.0030902582220733166,0.0762990191578865
0.0033270190469920635,0.07696273177862167
0.0032551190815865993,0.07686775177717209
0.003104925388470292,0.07655816525220871
0.0030890293419361115,0.07662015408277512
0.0031788551714271307,0.0778113305568695
0.003145569236949086,0.07867319136857986
0.0035280464217066765,0.07768302410840988
0.0036059587728232145,0.07767857611179352
0.003856557421386242,0.07775901257991791
0.0038673337548971176,0.07514463365077972
0.0036489791236817837,0.07969526201486588
0.0035277926363050938,0.07682319730520248
0.003351442748680711,0.07557784020900726
0.0032755101565271616,0.07766234129667282
0.00312320189550519,0.07677071541547775
0.0030048133339732885,0.07747289538383484
0.0030344573315232992,0.0772269070148468
0.0029541279654949903,0.077468141913414
0.0029636758845299482,0.07729443162679672
0.0029796992894262075,0.07753933221101761
0.0030449153855443,0.07737261801958084
0.002968964632600546,0.07763402909040451
0.0029857056215405464,0.07842656224966049
0.0031376390252262354,0.07640213519334793
0.0032634513918310404,0.07638995349407196
0.0032200447749346495,0.07738488912582397
0.00321443029679358,0.077405646443367
0.003197300713509321,0.07639554888010025
0.003158863401040435,0.07626980543136597
0.003037683665752411,0.07590867578983307
0.003068153979256749,0.0760779157280922
0.003067855490371585,0.07751613855361938
0.0031010827515274286,0.07778183370828629
0.003041578223928809,0.07727743685245514
0.002987137297168374,0.07747358828783035
0.0029945133719593287,0.07682102173566818
0.0030524772591888905,0.07747818529605865
0.0031696895603090525,0.07756264507770538
0.0029906455893069506,0.07755973935127258
0.0031224023550748825,0.07738702744245529
0.003018259769305587,0.07760433107614517
0.002939169993624091,0.07770917564630508
0.002989874454215169,0.07810588926076889
0.003006577491760254,0.07724035531282425
0.0030223384965211153,0.07716970890760422
0.0030187470838427544,0.07865162938833237
0.0029554220382124186,0.07707591354846954
0.00285222171805799,0.07705037295818329
0.002830982208251953,0.07728135585784912
0.0028838515281677246,0.07788150012493134
0.0028774093370884657,0.07752601057291031
0.0028777627740055323,0.07770933210849762
0.002939244732260704,0.07786325365304947
0.002984209218993783,0.07726418972015381
0.0030844302382320166,0.07655633985996246
0.0031989053823053837,0.07630785554647446
0.00329737551510334,0.07744981348514557
0.003071530256420374,0.07781708240509033
0.0030470085330307484,0.07727396488189697
0.0030444744043052197,0.07810695469379425
0.0029771002009510994,0.07698677480220795
0.003042391734197736,0.07677003741264343
0.0029239701107144356,0.07808805257081985
0.0029235221445560455,0.07754877954721451
0.002974299481138587,0.0772017166018486
0.003204450709745288,0.07810548692941666
0.0032522950787097216,0.07783874869346619
0.0032498918008059263,0.0784149020910263
0.0032149935141205788,0.07820088416337967
0.003172346157953143,0.0789666622877121
0.0032044709660112858,0.07815694808959961
0.0029616637621074915,0.07722556591033936
0.0029452028684318066,0.07814812660217285
0.002910025417804718,0.07692807167768478
0.0029470971785485744,0.07745058089494705
0.00290897348895669,0.07780174165964127
0.0029556273948401213,0.07813554257154465
0.002945584012195468,0.07762699574232101
0.0029221419245004654,0.07833199948072433
0.0030498243868350983,0.07753152400255203
0.003189275274053216,0.0766221210360527
0.003120692912489176,0.0775166004896164
0.0031704565044492483,0.07708416879177094
0.0032661533914506435,0.07748281210660934
0.0033117826096713543,0.07642798125743866
0.003365693846717477,0.07847705483436584
0.00327569292858243,0.07692477852106094
0.0031450055539608,0.07704434543848038
0.00314709497615695,0.07839731127023697
0.0032384798396378756,0.07624031603336334
0.0031879122834652662,0.07737767696380615
0.0031602964736521244,0.07713914662599564
0.0029750980902463198,0.07836037874221802
0.0029914453625679016,0.077635258436203
0.002893940545618534,0.07848077267408371
0.0030190476682037115,0.07819218188524246
0.0031665866263210773,0.07719659060239792
0.003150603035464883,0.07584194093942642
0.0030352091416716576,0.07828576117753983
0.002900088904425502,0.07735786586999893
0.002875926438719034,0.0779656320810318
0.0029093793127685785,0.07732395082712173
0.002889479510486126,0.07812201231718063
0.002879480132833123,0.07767164707183838
0.002895836252719164,0.07679902017116547
0.002898333128541708,0.07855931669473648
0.0028226275462657213,0.07747704535722733
0.0028551809955388308,0.07806198298931122
0.0029162284918129444,0.07773357629776001
0.0029875505715608597,0.07811645418405533
0.0030144748743623495,0.07726964354515076
0.00305516947992146,0.07765957713127136
0.0030153407715260983,0.07716379314661026
0.003107953118160367,0.07765282690525055
0.003262938931584358,0.07863092422485352
0.0032374043948948383,0.0788872167468071
0.003166560549288988,0.07616870105266571
0.003280341625213623,0.07770006358623505
0.0031859632581472397,0.07784462720155716
0.0031869267113506794,0.07738950848579407
0.003104539355263114,0.07667269557714462
0.002975982381030917,0.07610238343477249
0.003070472739636898,0.07686227560043335
0.0030762217938899994,0.07716041803359985
0.0029937955550849438,0.07736073434352875
0.002936708740890026,0.07753579318523407
0.0029447791166603565,0.07687078416347504
0.0030128364451229572,0.0781533345580101
0.002993522211909294,0.07659940421581268
0.0029584330040961504,0.07812745124101639
0.002899019978940487,0.07687315344810486
0.002966387430205941,0.07709578424692154
0.002953174989670515,0.07801016420125961
0.0029585727024823427,0.07636681199073792
0.0029051380697637796,0.07701379805803299
0.0030204334761947393,0.0772281140089035
0.0031475999858230352,0.07662361115217209
0.002991343382745981,0.07856444269418716
0.002894554752856493,0.07754246890544891
0.0028141839429736137,0.07680186629295349
0.002883252687752247,0.07679829001426697
0.0028487469535320997,0.07778583467006683
0.002807399956509471,0.07737116515636444
0.0027311069425195456,0.07735873758792877
0.0027770709712058306,0.07728686928749084
0.0028312148060649633,0.07821805775165558
0.002801380353048444,0.07628239691257477
0.0028080560732632875,0.07728912681341171
0.00284924847073853,0.07772541791200638
0.002882900647819042,0.0771278664469719
0.0028629866428673267,0.07787777483463287
0.0028772412333637476,0.07666610181331635
0.002955241361632943,0.07838373631238937
0.0030079644639045,0.07793071866035461
0.0030150143429636955,0.07735671103000641
0.002937465440481901,0.07730208337306976
0.002932955976575613,0.07796788215637207
0.0028928257524967194,0.07656792551279068
0.0028845525812357664,0.07859998196363449
0.002755144378170371,0.0779295489192009
0.0027765072882175446,0.07722469419240952
0.0027533022221177816,0.07720032334327698
0.00279052066616714,0.07754626125097275
0.002756853587925434,0.07793516665697098
0.0028173045720905066,0.07748297601938248
0.00287023838609457,0.07741253077983856
0.002934509888291359,0.07590744644403458
0.0029949930030852556,0.07758461683988571
0.003010219894349575,0.07739711552858353
0.002978833392262459,0.07880334556102753
0.003104784758761525,0.07616472989320755
0.003130268072709441,0.07781399041414261
0.0030593136325478554,0.07767534255981445
0.003074128646403551,0.07746449112892151
0.003105312353000045,0.07872805744409561
0.0031276822555810213,0.07600006461143494
0.0029653438832610846,0.07759307324886322
0.003051572712138295,0.07883871346712112
0.003005162114277482,0.0767480805516243
0.0030842775013297796,0.0785522311925888
0.002979888813570142,0.07749734073877335
0.002910338109359145,0.07726512849330902
0.0028796587139368057,0.07854253053665161
0.002978554228320718,0.07665679603815079
0.0028831770177930593,0.07716671377420425
0.00282946415245533,0.07764457166194916
0.0027890580240637064,0.07771749049425125
0.0027439435943961143,0.07740230113267899
0.0027762071695178747,0.07724086195230484
0.0028768316842615604,0.0767933800816536
0.0029933596961200237,0.07749064266681671
0.0030134504195302725,0.07820947468280792
0.0029938353691250086,0.07838823646306992
0.0031660397071391344,0.07630380988121033
0.0030839324463158846,0.07741769403219223
0.003038655035197735,0.07775671035051346
0.002990561770275235,0.07659827917814255
0.0028692076448351145,0.07777082920074463
0.003018729854375124,0.07709957659244537
0.0030536556150764227,0.07699944823980331
0.002971555572003126,0.07708349823951721
0.0030081516597419977,0.07801336795091629
0.0034251902252435684,0.07687520980834961
0.0033611746039241552,0.07805059850215912
0.003171506803482771,0.07756147533655167
0.0030240181367844343,0.0764559954404831
0.0029412959702312946,0.07844948023557663
0.002896241843700409,0.0770864486694336
0.002798761473968625,0.07741232961416245
0.002769696991890669,0.0767672210931778
0.0027528004720807076,0.07730843126773834
0.0027574144769459963,0.07706743478775024
0.002818021457642317,0.07696132361888885
0.0027343067340552807,0.07750274240970612
0.002682499820366502,0.07756020128726959
0.0027508495841175318,0.07899608463048935
0.002791788661852479,0.07648521661758423
0.002862623892724514,0.07898253947496414
0.0028088917024433613,0.0777275338768959
0.0029266236815601587,0.07750125974416733
0.0028742202557623386,0.07806424051523209
0.0027573818806558847,0.07735625654459
0.002777768298983574,0.0780734047293663
0.002871844219043851,0.07744815945625305
0.002814626321196556,0.07805187255144119
0.002828403143212199,0.07691539824008942
0.002753698965534568,0.0778399333357811
0.002734062960371375,0.07717585563659668
0.00271418783813715,0.07778829336166382
0.0028276625089347363,0.07685258239507675
0.0027905015740543604,0.07767986506223679
0.002787340898066759,0.07756264507770538
0.002895165467634797,0.07691076397895813
0.0029077352955937386,0.07689619064331055
0.0027604608330875635,0.07778973877429962
0.0027342084795236588,0.07821699231863022
0.0027184507343918085,0.0777478814125061
0.0027264500968158245,0.07783874124288559
0.002748882630839944,0.07915911823511124
0.0027936967089772224,0.07784049212932587
0.002813768805935979,0.07776643335819244
0.002855614060536027,0.07831155508756638
0.002832424361258745,0.07756415754556656
0.002767180325463414,0.0778786838054657
0.0027855781372636557,0.07799559831619263
0.0028968886472284794,0.07758475840091705
0.0029648425988852978,0.07872133702039719
0.0029006567783653736,0.07732118666172028
0.002881888533011079,0.07793068885803223
0.002774757333099842,0.07776537537574768
0.0027444614097476006,0.07777182012796402
0.0027391992043703794,0.07776229083538055
0.002681692596524954,0.0781891942024231
0.002680183155462146,0.0783582553267479
0.002680104225873947,0.07852744311094284
0.0028326460160315037,0.07869028300046921
0.0027371321339160204,0.07654798775911331
0.002686553867533803,0.0780196487903595
0.0026429814752191305,0.07735709100961685
0.002641896950080991,0.07802095264196396
0.0026307415682822466,0.07793187350034714
0.002609380055218935,0.07816776633262634
0.0026184311136603355,0.07735533267259598
0.0026354726869612932,0.07778877764940262
0.002628016984090209,0.07768532633781433
0.002678035758435726,0.07700040936470032
0.0026800460182130337,0.07845183461904526
0.0027868549805134535,0.07730089128017426
0.002827345160767436,0.0786990076303482
0.0029036374762654305,0.07849940657615662
0.003048727521672845,0.07936349511146545
0.003005503211170435,0.07832922041416168
0.003174667013809085,0.0766119509935379
0.003173054428771138,0.07702956348657608
0.0029082181863486767,0.07780097424983978
0.002833208767697215,0.07805370539426804
0.00297964783385396,0.07779477536678314
0.002876720856875181,0.07609763741493225
0.0028330921195447445,0.07783228158950806
0.0029478948563337326,0.07728312909603119
0.0031611062586307526,0.07798193395137787
0.0029304877389222383,0.07760713994503021
0.002844342263415456,0.07880182564258575
0.0027551562525331974,0.07737051695585251
0.0027875129599124193,0.07814566791057587
0.0027322126552462578,0.07807403057813644
0.00280140433460474,0.07808814942836761
0.0027278873603791,0.07725229114294052
0.002709895372390747,0.07806465029716492
0.0028046348597854376,0.07680808007717133
0.0028423871845006943,0.07759717851877213
0.0028152293525636196,0.07823974639177322
0.0027421845588833094,0.07773499190807343
0.0026550160255283117,0.0771859660744667
0.002663645427674055,0.07754506170749664
0.002672349801287055,0.07862637937068939
0.002688234206289053,0.07756087929010391
0.0027560482267290354,0.07699275761842728
0.0027201357297599316,0.07879426330327988
0.0026846136897802353,0.07780003547668457
0.0026472308672964573,0.07732445746660233
0.0026376282330602407,0.07774551957845688
0.002600522944703698,0.07741806656122208
0.002647806191816926,0.07707346975803375
0.0026480124797672033,0.07913010567426682
0.0027131279930472374,0.07678896933794022
0.002668751170858741,0.07834301143884659
0.002749804873019457,0.07891632616519928
0.0028864298947155476,0.076715387403965
0.0028217697981745005,0.0772993341088295
0.002816383494064212,0.07959403097629547
0.0028984074015170336,0.07771957665681839
0.0028787367045879364,0.07867386192083359
0.002841237001121044,0.07762382179498672
0.0027984767220914364,0.07795427739620209
0.0028069617692381144,0.07782072573900223
0.002876056358218193,0.07727621495723724
0.0030771405436098576,0.07767880707979202
0.0029436845798045397,0.07676568627357483
0.0029709155205637217,0.07876912504434586
0.002771883038803935,0.07735330611467361
0.0026836772449314594,0.07760211825370789
0.0026427623815834522,0.0778132975101471
0.0026044901460409164,0.07789063453674316
0.0025689362082630396,0.07766525447368622
0.002553105354309082,0.07780848443508148
0.0025615969207137823,0.0776369497179985
0.002583687659353018,0.07750126719474792
0.0026461638044565916,0.07753242552280426
0.0026011120062321424,0.0782528892159462
0.0026073625776916742,0.07719157636165619
0.002637377241626382,0.07766053080558777
0.0026001930236816406,0.07806814461946487
0.0026205347385257483,0.07757341861724854
0.0025874036364257336,0.07771686464548111
0.0025991781149059534,0.07841765135526657
0.00262855994515121,0.07818352431058884
0.002723041456192732,0.07795523852109909
0.0027505799662321806,0.07765738666057587
0.002749435603618622,0.07701393961906433
0.0027688199188560247,0.07825902104377747
0.0028218941297382116,0.07783578336238861
0.002824332332238555,0.07767916470766068
0.0027974899858236313,0.07710529863834381
0.0027831275947391987,0.07834051549434662
0.002803466049954295,0.07797769457101822
0.002721305936574936,0.07800089567899704
0.0027864163275808096,0.0772697776556015
0.002832136582583189,0.07820860296487808
0.002780195791274309,0.07823633402585983
0.0026524660643190145,0.07764775305986404
0.0025584164541214705,0.07774335891008377
0.002555189421400428,0.0772799551486969
0.0026778848841786385,0.0792546346783638
0.0027459070552140474,0.07683982700109482
0.0026839270722121,0.07821999490261078
0.002637262688949704,0.0787399411201477
0.0025821824092417955,0.078336700797081
0.0026301073376089334,0.07778072357177734
0.0025797870475798845,0.07786564528942108
0.002569957170635462,0.07744355499744415
0.00273839826695621,0.07721438258886337
0.002831149147823453,0.07899618148803711
0.0032318916637450457,0.07709196209907532
0.003092963946983218,0.07815279811620712
0.002859173808246851,0.07755216956138611
0.00273072044365108,0.07713805139064789
0.0026507473085075617,0.07894010096788406
0.002594259800389409,0.07706514745950699
0.0026215328834950924,0.07829412072896957
0.0027100087609142065,0.07825403660535812
0.002647609682753682,0.07769155502319336
0.0026311888359487057,0.07794851064682007
0.002582086715847254,0.07853560149669647
0.0026035960763692856,0.07837812602519989
0.0025431334506720304,0.07770226895809174
0.0025445446372032166,0.07745137810707092
0.0025441229809075594,0.0777420848608017
0.0025653669144958258,0.07830990105867386
0.002541935071349144,0.07787995040416718
0.0025368621572852135,0.07704350352287292
0.0026710957754403353,0.07667795568704605
0.0026694682892411947,0.07747560739517212
0.002640876453369856,0.07781928777694702
0.0026402915827929974,0.0780281275510788
0.002592891687527299,0.07790500670671463
0.0025975240860134363,0.0782681554555893
0.002688185079023242,0.07730557769536972
0.0027586433570832014,0.07852322608232498
0.0026626938488334417,0.07732436805963516
0.0026579697150737047,0.07835745066404343
0.002657262608408928,0.07823646068572998
0.0027510651852935553,0.07747209817171097
0.0026057944633066654,0.07780364900827408
0.0025184783153235912,0.07782566547393799
0.002470987616106868,0.07715334743261337
0.0025262825656682253,0.07766422629356384
0.002547207288444042,0.07810692489147186
0.0025230993051081896,0.07849064469337463
0.002488901372998953,0.07908158749341965
0.002507160184904933,0.07783211767673492
0.0025274669751524925,0.07771430909633636
0.0025026421062648296,0.07876191288232803
0.002537807449698448,0.07829318195581436
0.0025510580744594336,0.07799839973449707
0.00264434190467,0.07755927741527557
0.002684379927814007,0.07838714122772217
0.0028143548406660557,0.07743913680315018
0.0027693144511431456,0.0779605507850647
0.002854232443496585,0.07936984300613403
0.0028867521323263645,0.07870889455080032
0.002793150022625923,0.07734406739473343
0.002857666229829192,0.07866542041301727
0.0028826307971030474,0.0783093273639679
0.002745690755546093,0.07718314230442047
0.0027057023253291845,0.07901328802108765
0.0026426638942211866,0.07833996415138245
0.0026427952107042074,0.07775598019361496
0.002619328210130334,0.07890501618385315
0.0027238631155341864,0.0788804143667221
0.002786541823297739,0.0784449353814125
0.0031322247814387083,0.07900381088256836
0.0030422888230532408,0.07680598646402359
0.0029873978346586227,0.07730783522129059
0.0028506717644631863,0.07646092027425766
0.0028573889285326004,0.0786234587430954
0.0027085007168352604,0.0773429274559021
0.002591440686956048,0.07785261422395706
0.0025784671306610107,0.07726609706878662
0.0025180066004395485,0.07666663080453873
0.002459194278344512,0.07805609703063965
0.0024325151462107897,0.07764779031276703
0.0024161592591553926,0.07724573463201523
0.0024238834157586098,0.0776231437921524
0.002423614962026477,0.07796827703714371
0.0024370835162699223,0.07748813182115555
0.0024471499491482973,0.07841397821903229
0.0025361801963299513,0.07849369943141937
0.0027597129810601473,0.07834003120660782
0.0028578948695212603,0.07864867150783539
0.0027127135545015335,0.07830854505300522
0.0025905012153089046,0.07796172797679901
0.0025871703401207924,0.0780029296875
0.0025012206751853228,0.0781501829624176
0.002470875857397914,0.07774350792169571
0.002436670707538724,0.07820678502321243
0.002412659116089344,0.07799319922924042
0.00248241750523448,0.07739607244729996
0.002473443979397416,0.07868027687072754
0.002475240034982562,0.07846926152706146
0.0024718635249882936,0.07835612446069717
0.002610368886962533,0.07743571698665619
0.0026462830137461424,0.07858674228191376
0.0027442153077572584,0.07874491065740585
0.0026760557666420937,0.0780249610543251
0.00266829552128911,0.07833794504404068
0.0027366040740162134,0.07817201316356659
0.0025975857861340046,0.07786964625120163
0.0026241654995828867,0.0786726176738739
0.0026630691718310118,0.07838243246078491
0.0025485162623226643,0.07738509774208069
0.0025567072443664074,0.07902300357818604
0.002557809930294752,0.07686511427164078
0.0025188785512000322,0.0777042806148529
0.0025683464482426643,0.07821391522884369
0.0026325855869799852,0.0783572643995285
0.0025682339910417795,0.07826611399650574
0.002480106893926859,0.07803952693939209
0.0025663203559815884,0.07877753674983978
0.0025188142899423838,0.07757492363452911
0.00244754645973444,0.07814855128526688
0.002432454377412796,0.07783128321170807
0.0024499124847352505,0.07780240476131439
0.0024284229148179293,0.07794233411550522
0.0024800258688628674,0.07928446680307388
0.002637264784425497,0.07793448865413666
0.002699685748666525,0.07848360389471054
0.0026147691532969475,0.07789137214422226
0.0026897720526903868,0.07833756506443024
0.002552796620875597,0.07699274271726608
0.002572533441707492,0.07829050719738007
0.002645703498274088,0.0789860412478447
0.00276929815299809,0.07757477462291718
0.002581295557320118,0.07791043817996979
0.0026071774773299694,0.07738680392503738
0.0025519696064293385,0.07812249660491943
0.0025210650637745857,0.07834221422672272
0.0024729808792471886,0.07799963653087616
0.0024381238035857677,0.07805861532688141
0.0024235642049461603,0.07773476094007492
0.002424259204417467,0.07878181338310242
0.0024048511404544115,0.07854916155338287
0.002485477365553379,0.07777850329875946
0.00260232319124043,0.07908198237419128
0.0026981679257005453,0.07802720367908478
0.0026407830882817507,0.07948572188615799
0.002517715562134981,0.07815280556678772
0.0025819693692028522,0.07836499065160751
0.0025400095619261265,0.078962042927742
0.0024782170075923204,0.07829905301332474
0.002626304514706135,0.07834134995937347
0.002651978749781847,0.07774875313043594
0.0025215367786586285,0.0786515399813652
0.002469833940267563,0.07761294394731522
0.0025266450829803944,0.07764555513858795
0.002534701256081462,0.07840155065059662
0.0024625712540000677,0.07808374613523483
0.002458584029227495,0.07798867672681808
0.00239981384947896,0.07806405425071716
0.0024142966140061617,0.0784311518073082
0.002465116325765848,0.07835663110017776
0.002536405110731721,0.07835488766431808
0.002566252602264285,0.07898187637329102
0.0025255929213017225,0.07855424284934998
0.00245123659260571,0.07768014818429947
0.0024223108775913715,0.07803188264369965
0.0024272834416478872,0.07838717848062515
0.0024585260543972254,0.07873570173978806
0.0024490407668054104,0.07759105414152145
0.002436022972688079,0.07850009948015213
0.0024984092451632023,0.0777459591627121
0.002536006271839142,0.07844923436641693
0.002446188358590007,0.07849592715501785
0.002536371350288391,0.07662907987833023
0.0025875805877149105,0.07839561998844147
0.002699596341699362,0.07714598625898361
0.0026589538902044296,0.07939489185810089
0.0028738933615386486,0.07839243113994598
0.0027053363155573606,0.07790037244558334
0.0026643171440809965,0.07867536693811417
0.0025836906861513853,0.07759353518486023
0.0025556287728250027,0.07856925576925278
0.002596750855445862,0.07775605469942093
0.0026686773635447025,0.07794123888015747
0.0025850911624729633,0.07797408849000931
0.0025379571598023176,0.0786096453666687
0.0024828945752233267,0.07814595103263855
0.0024911486543715,0.07776393741369247
0.0024513425305485725,0.07858487218618393
0.002436438575387001,0.07760544866323471
0.002445345977321267,0.07872751355171204
0.00246751238591969,0.07773793488740921
0.0024943698663264513,0.07787321507930756
0.0024537406861782074,0.0788700208067894
0.0023915476631373167,0.07850953191518784
0.0024772181641310453,0.07851676642894745
0.0024935754481703043,0.07767273485660553
0.002409194130450487,0.07890663295984268
0.0023953570052981377,0.07841502130031586
0.002335892990231514,0.07781975716352463
0.0023228477220982313,0.07821298390626907
0.0023429852444678545,0.07756899297237396
0.0023521233815699816,0.0785461887717247
0.002322316402569413,0.07879404723644257
0.0023034117184579372,0.07850798219442368
0.0023241075687110424,0.0786496251821518
0.0023413621820509434,0.07852207869291306
0.0023597581312060356,0.07813955843448639
0.0023591676726937294,0.07859551906585693
0.0023759808391332626,0.07760273665189743
0.002476508030667901,0.0796373263001442
0.0025358551647514105,0.07948969304561615
0.0024550589732825756,0.0780632346868515
0.002579211024567485,0.07657559961080551
0.002618454396724701,0.0787244439125061
0.002640846185386181,0.07862517982721329
0.0025967529509216547,0.07765315473079681
0.0025317873805761337,0.07844990491867065
0.00263913138769567,0.0781201645731926
0.0025375799741595984,0.07846061140298843
0.002425880404189229,0.07815082371234894
0.002400936558842659,0.07859935611486435
0.0023909974843263626,0.07834815979003906
0.002354338765144348,0.0783681645989418
0.0024037910625338554,0.07851210981607437
0.0024734879843890667,0.07801393419504166
0.0024850552435964346,0.07849278301000595
0.0025099876802414656,0.078205905854702
0.0025283885188400745,0.07818499207496643
0.0024800440296530724,0.077925905585289
0.0024546999484300613,0.07920841127634048
0.0025336139369755983,0.07868921756744385
0.0025210375897586346,0.07788875699043274
0.0025604614056646824,0.07867039740085602
0.002480517141520977,0.07861752808094025
0.0025085166562348604,0.07862844318151474
0.0025496564339846373,0.07931133359670639
0.002488057129085064,0.07804396748542786
0.0024035070091485977,0.07853177934885025
0.0023778313770890236,0.07826629281044006
0.0023738008458167315,0.0787152573466301
0.002430765889585018,0.07892671972513199
0.002410486340522766,0.07808956503868103
0.002393956994637847,0.078839011490345
0.0024222731590270996,0.07831200212240219
0.002372515620663762,0.07903237640857697
0.002399480901658535,0.07817539572715759
0.0023457114584743977,0.07890157401561737
0.0023104376159608364,0.07811859250068665
0.0023456846829503775,0.07807928323745728
0.0023834332823753357,0.07803478091955185
0.00248497212305665,0.07829844206571579
0.00254933163523674,0.07796581834554672
0.002576784696429968,0.07915014773607254
0.0025046514347195625,0.07787773013114929
0.0025524902157485485,0.07932602614164352
0.0025202299002557993,0.07860776782035828
0.002443938748911023,0.07864455133676529
0.002375626238062978,0.07751736044883728
0.002357716904953122,0.07898771017789841
0.0022944884840399027,0.07822231948375702
0.00232964800670743,0.07773571461439133
0.002324834233149886,0.07890225946903229
0.0023061565589159727,0.07835150510072708
0.0022924975492060184,0.07900311052799225
0.002288825809955597,0.07830376923084259
0.0023293879348784685,0.07859543710947037
0.0022910733241587877,0.07820603251457214
0.0022966295946389437,0.07790106534957886
0.0022774420212954283,0.0782538652420044
0.0023846281692385674,0.07882465422153473
0.002471111947670579,0.07756027579307556
0.0025016567669808865,0.07937899976968765
0.0025573577731847763,0.07872923463582993
0.0026529086753726006,0.07909936457872391
0.0026688585057854652,0.0778738483786583
0.0028102374635636806,0.0774475708603859
0.002831435529515147,0.07765286415815353
0.002963544800877571,0.07881487905979156
0.0031401922460645437,0.07960925996303558
0.003060173010453582,0.07826323062181473
0.0027888582553714514,0.07813439518213272
0.0028115848544985056,0.07770506292581558
0.002642149804159999,0.07812663912773132
0.0026453123427927494,0.07793332636356354
0.0024446421302855015,0.07748472690582275
0.0023716059513390064,0.0775429755449295
0.0023359644692391157,0.07780370861291885
0.0023123519495129585,0.0783085823059082
0.0022770094219595194,0.07891000062227249
0.0022876220755279064,0.07765559107065201
0.0022586388513445854,0.07751532644033432
0.002206985140219331,0.07846633344888687
0.002225262578576803,0.07855284959077835
0.0022685553412884474,0.079286590218544
0.002284059301018715,0.07802965492010117
0.002258601598441601,0.07898538559675217
0.002265696879476309,0.07820696383714676
0.0022752699442207813,0.07785377651453018
0.0022970542777329683,0.07844693213701248
0.0023453303147107363,0.07846598327159882
0.0023235923144966364,0.07831031829118729
0.0023875166662037373,0.07805846631526947
0.0024517939891666174,0.07825396955013275
0.0024728290736675262,0.07893171906471252
0.0024751664604991674,0.07794034481048584
0.002393364207819104,0.0780060812830925
0.0023898265790194273,0.07897794246673584
0.0023467051796615124,0.07838700711727142
0.0022849382366985083,0.0788503959774971
0.002264712704345584,0.07796116173267365
0.002248114673420787,0.07767583429813385
0.0022566469851881266,0.07870754599571228
0.002323792316019535,0.07822924107313156
0.0024520966690033674,0.07798923552036285
0.002586142159998417,0.07847152650356293
0.002528308192268014,0.07909174263477325
0.002552962163463235,0.07994766533374786
0.0025010486133396626,0.07878787815570831
0.0024026427417993546,0.07833093404769897
0.002358581405133009,0.07748490571975708
0.0023707798682153225,0.07779667526483536
0.0022710005287081003,0.07823508977890015
0.002258680062368512,0.07844961434602737
0.0022194792982190847,0.07872513681650162
0.002195737324655056,0.07854846864938736
0.00219455873593688,0.07817316800355911
0.0022236788645386696,0.07825598865747452
0.0023263408802449703,0.07878138870000839
0.00240565394051373,0.07793926447629929
0.002378270495682955,0.07847226411104202
0.002356850542128086,0.07812367379665375
0.00239981384947896,0.07940711081027985
0.0024246792308986187,0.07821550220251083
0.0023861839435994625,0.07818138599395752
0.0023029749281704426,0.07837343961000443
0.0022547023836523294,0.07782620191574097
0.0022363774478435516,0.0791865736246109
0.0022924605291336775,0.07906647771596909
0.002256223000586033,0.07800494879484177
0.0022519875783473253,0.0785226970911026
0.0022526506800204515,0.07915233820676804
0.0024536428973078728,0.07849553227424622
0.002671058988198638,0.07898428291082382
0.0025575344916433096,0.07822319865226746
0.0025056512095034122,0.07915356755256653
0.0026052729226648808,0.07792598009109497
0.0025582623202353716,0.07824718207120895
0.002527812961488962,0.0782623440027237
0.0024694011081010103,0.07813040167093277
0.002514823107048869,0.07802752405405045
0.0024836095981299877,0.07851510494947433
0.0024708809796720743,0.07815759629011154
0.0024089321959763765,0.07782481610774994
0.002374243224039674,0.07833590358495712
0.0023438355419784784,0.0777851790189743
0.002257789019495249,0.07930891960859299
0.0022322870790958405,0.0784103125333786
0.0022115374449640512,0.0781644806265831
0.0023283299524337053,0.07867616415023804
0.002333727665245533,0.0784580186009407
0.002281086053699255,0.07843068242073059
0.002339813159778714,0.07800272107124329
0.0023200928699225187,0.07789666950702667
0.0023549036122858524,0.07815846055746078
0.0023817173205316067,0.08043962717056274
0.0023776842281222343,0.0784950703382492
0.0023222730960696936,0.07879474014043808
0.002276571234688163,0.07838793098926544
0.0022566060069948435,0.0783742144703865
0.0023422727826982737,0.07810776680707932
0.002503693103790283,0.07808094471693039
0.002310667186975479,0.07826164364814758
0.0023273013066500425,0.07896255701780319
0.002309347502887249,0.07801612466573715
0.0022728131152689457,0.07887355983257294
0.00232659000903368,0.07901367545127869
0.002404088620096445,0.07761005312204361
0.002327624475583434,0.07813668996095657
0.002265192801132798,0.0782921090722084
0.002272156300023198,0.07853087782859802
0.0022592043969780207,0.07815941423177719
0.002377511700615287,0.07893653959035873
0.0024313824251294136,0.07852248102426529
0.0023153522051870823,0.07780344784259796
0.0022416790015995502,0.07828003168106079
0.002249157987535,0.07897911965847015
0.002368990099057555,0.07858909666538239
0.002388373017311096,0.0788046345114708
0.0023073540069162846,0.07825592160224915
0.0022658691741526127,0.07854731380939484
0.0022007939405739307,0.07792230695486069
0.0022006724029779434,0.07811133563518524
0.0022349213249981403,0.07840446382761002
0.0021841737907379866,0.07951288670301437
0.0021797798108309507,0.07904063165187836
0.002166024874895811,0.07810380309820175
0.0021555142011493444,0.07854145020246506
0.002186270896345377,0.07787410169839859
0.0022379527799785137,0.0790868028998375
0.0023142367135733366,0.07924669235944748
0.0023465438280254602,0.07846783846616745
0.002436453476548195,0.0782964900135994
0.0025757949333637953,0.07795795798301697
0.0025348453782498837,0.07884953171014786
0.0025708319153636694,0.07806053757667542
0.002422512974590063,0.07964372634887695
0.002362118801102042,0.07793169468641281
0.0023171796929091215,0.07888134568929672
0.0023098380770534277,0.07893151789903641
0.0023021255619823933,0.07835694402456284
0.0024152465630322695,0.07889635115861893
0.002307813847437501,0.07941295206546783
0.002286299364641309,0.07791566103696823
0.002293047495186329,0.07970785349607468
0.002415879862383008,0.0795426145195961
0.0023773997090756893,0.07838787883520126
0.0024401764385402203,0.07882226258516312
0.0023648322094231844,0.07890824228525162
0.002325700595974922,0.07902760058641434
0.002268774900585413,0.07889383286237717
0.0022083213552832603,0.07876402139663696
0.0021683580707758665,0.07875297218561172
0.0021447918843477964,0.07882900536060333
0.0021861607674509287,0.07896783202886581
0.0022282006684690714,0.07851708680391312
0.002233871491625905,0.07863364368677139
0.0022450978867709637,0.07873395085334778
0.002166755497455597,0.07876080274581909
0.002263376722112298,0.07950347661972046
0.002317850012332201,0.07784239202737808
0.0024754342157393694,0.07885447144508362
0.002388593042269349,0.07863854616880417
0.002429113956168294,0.07842772454023361
0.0025146740954369307,0.07985594868659973
0.002485445933416486,0.07857375591993332
0.002400739351287484,0.07854132354259491
0.002291299169883132,0.07832372188568115
0.0023575013037770987,0.07955027371644974
0.0023152364883571863,0.07823438197374344
0.0023582340218126774,0.07813157886266708
0.002361093182116747,0.07820351421833038
0.002382146194577217,0.07856682687997818
0.002273409627377987,0.07845894247293472
0.0023212621454149485,0.07909457385540009
0.002351274248212576,0.07934869080781937
0.0025157593190670013,0.0790088102221489
0.0024579286109656096,0.07805965095758438
0.002320753876119852,0.07943098992109299
0.002312175929546356,0.07832882553339005
0.002369006397202611,0.07905963808298111
0.0022978174965828657,0.07846255600452423
0.00223151664249599,0.0793217122554779
0.0022311434149742126,0.07848463207483292
0.0021975249983370304,0.07869713008403778
0.0021810350008308887,0.07877789437770844
0.002147848252207041,0.07842639833688736
0.0021484738681465387,0.07877404242753983
0.0021747080609202385,0.07950552552938461
0.002324221422895789,0.07737237960100174
0.002371198032051325,0.07870453596115112
0.0022948263213038445,0.07838738709688187
0.002268609357997775,0.07865191996097565
0.0023198805283755064,0.0791022926568985
0.002299996092915535,0.07885172963142395
0.002301058266311884,0.07838510721921921
0.0022638747468590736,0.07875946909189224
0.0022326712496578693,0.078486867249012
0.0022612521424889565,0.07870800793170929
0.00228776759468019,0.07868804782629013
0.0022364386823028326,0.07842567563056946
0.002221861621364951,0.07932419329881668
0.002260444452986121,0.07867630571126938
0.002227319637313485,0.07915697991847992
0.0022050845436751842,0.07831712812185287
0.0021505814511328936,0.07883943617343903
0.002173707587644458,0.07892446219921112
0.0021870951168239117,0.0790456086397171
0.0022236143704503775,0.0786481574177742
0.0023062159307301044,0.07874200493097305
0.0023565376177430153,0.0776929259300232
0.0024098725989460945,0.07934415340423584
0.0023826665710657835,0.07829348742961884
0.0023024785332381725,0.0795869305729866
0.0022324768360704184,0.07871077209711075
0.002220462542027235,0.07861125469207764
0.0022509433329105377,0.07892046123743057
0.002218604786321521,0.0789971873164177
0.002225706586614251,0.07832370698451996
0.0021826205775141716,0.07830213755369186
0.002164166886359453,0.07887443155050278
0.00213921838440001,0.07861100882291794
0.0021068789064884186,0.0791945606470108
0.0021497823763638735,0.07875435054302216
0.0021345200948417187,0.07882439345121384
0.0021978921722620726,0.07905285060405731
0.0022300395648926497,0.07893473654985428
0.002332322997972369,0.07860488444566727
0.0023290645331144333,0.07863393425941467
0.0022694857325404882,0.07833234965801239
0.00223019951954484,0.07884975522756577
0.002227028599008918,0.07897157222032547
0.002248636679723859,0.07795023918151855
0.0021674090530723333,0.07906152307987213
0.002173416083678603,0.07823512703180313
0.002190745435655117,0.07904284447431564
0.0021867973264306784,0.07906989008188248
0.0022381702437996864,0.07987894117832184
0.00234189722687006,0.07813705503940582
0.002380965044721961,0.07857337594032288
0.0024081775918602943,0.07860324531793594
0.0024982208851724863,0.07851313054561615
0.002260268200188875,0.07939475029706955
0.0022384265903383493,0.07949516922235489
0.0021804242860525846,0.07865125685930252
0.0021628839895129204,0.07881729304790497
0.0021567249204963446,0.07934416085481644
0.0021351673640310764,0.07833662629127502
0.0021723872050642967,0.07907181233167648
0.0022041830234229565,0.07831928133964539
0.0021787257865071297,0.07832323759794235
0.0022104750387370586,0.0795905664563179
0.002267785370349884,0.07894265651702881
0.0023288133088499308,0.07870744168758392
0.0023671365343034267,0.07839659601449966
0.0023500139359384775,0.07841143757104874
0.0022734918165951967,0.07896716147661209
0.0023384036030620337,0.07817788422107697
0.0022699476685374975,0.07881011068820953
0.0022328230552375317,0.07823117822408676
0.0022247214801609516,0.07833272963762283
0.00231078639626503,0.07935789972543716
0.0023783533833920956,0.07906446605920792
0.0023304661735892296,0.07790956646203995
0.002358249621465802,0.07942759245634079
0.0024117091670632362,0.07888200134038925
0.00242889323271811,0.07855944335460663
0.0023765573278069496,0.07731852680444717
0.00245374976657331,0.07871629297733307
0.0023209520149976015,0.07858717441558838
0.0023973146453499794,0.07746978104114532
0.002481696428731084,0.07789705693721771
0.002318216487765312,0.07856527715921402
0.0022591445595026016,0.07862614095211029
0.0022757877595722675,0.07867856323719025
0.002260059816762805,0.07947041839361191
0.0022172071039676666,0.07953478395938873
0.002195785054937005,0.07801885902881622
0.0021624108776450157,0.07812405377626419
0.0021391287446022034,0.07852159440517426
0.0021246331743896008,0.07853468507528305
0.002102488186210394,0.07884367555379868
0.0021039897110313177,0.07873491942882538
0.0020882762037217617,0.07924561202526093
0.002095232717692852,0.07874589413404465
0.0021011498756706715,0.07884552329778671
0.002169681480154395,0.07939663529396057
0.002172308973968029,0.0787656232714653
0.0022266539745032787,0.07909703999757767
0.0021943298634141684,0.07975272834300995
0.0021620236802846193,0.07778136432170868
0.002118145115673542,0.07868324965238571
0.0020860545337200165,0.0788387581706047
0.0021081618033349514,0.07907989621162415
0.0021067792549729347,0.07834870368242264
0.002134687500074506,0.07905973494052887
0.002158957999199629,0.07864027470350266
0.00227354490198195,0.07941433042287827
0.0023638601414859295,0.07793176919221878
0.0023459603544324636,0.07913445681333542
0.002297196537256241,0.07842838019132614
0.002255611587315798,0.07858850806951523
0.002202890580520034,0.07893775403499603
0.002194541972130537,0.07842369377613068
0.0022051676642149687,0.07911226898431778
0.0021964285988360643,0.0786830261349678
0.002124721184372902,0.07839466631412506
0.0021113904658704996,0.07870493084192276
0.0021185544319450855,0.0784880593419075
0.0021076975390315056,0.07822266221046448
0.002095024334266782,0.07870066910982132
0.0021097310818731785,0.078289695084095
0.0020681223832070827,0.07905924320220947
0.002076901961117983,0.0784793496131897
0.002118158619850874,0.07882670313119888
0.0020940296817570925,0.07906995713710785
0.0022355373948812485,0.07923174649477005
0.002237458946183324,0.07904092222452164
0.0021558203734457493,0.07935537397861481
0.0021741404198110104,0.0783628597855568
0.002211186569184065,0.07849548757076263
0.00219624862074852,0.07841271162033081
0.0021721688099205494,0.07940161228179932
0.0022471097763627768,0.07853978872299194
0.0022007774095982313,0.07870607823133469
0.0022085898090153933,0.0787588581442833
0.002167035825550556,0.07851285487413406
0.002115742303431034,0.07889200001955032
0.002101775724440813,0.07972482591867447
0.0021086845081299543,0.07807856053113937
0.002092661103233695,0.0788397341966629
0.0021143918856978416,0.07875864952802658
0.002094241790473461,0.0787176787853241
0.002166695659980178,0.07844533026218414
0.0021450063213706017,0.07917000353336334
0.00212057214230299,0.07879354804754257
0.00213071727193892,0.07859348505735397
0.002112557413056493,0.0791555866599083
0.002095977310091257,0.07810179889202118
0.002096278127282858,0.07848847657442093
0.002118788892403245,0.07925639301538467
0.0020930375903844833,0.07948652654886246
0.0020377731416374445,0.07908912748098373
0.0020337209571152925,0.0789593979716301
0.0020322545897215605,0.07895185053348541
0.0020487026777118444,0.07884163409471512
0.002053296659141779,0.07833312451839447
0.002096113981679082,0.0798424556851387
0.002148009603843093,0.079255111515522
0.002129381988197565,0.07894498854875565
0.0020571318455040455,0.07878182828426361
0.002050172770395875,0.07901589572429657
0.0020639209542423487,0.0792330726981163
0.0020546456798911095,0.07948758453130722
0.002037347760051489,0.0787903368473053
0.0021032532677054405,0.07860808819532394
0.002096989192068577,0.07930155098438263
0.0020964285358786583,0.0788213238120079
0.002157696057111025,0.07906759530305862
0.0022314144298434258,0.07916459441184998
0.0025012237019836903,0.07998859882354736
0.0025371238589286804,0.0793994888663292
0.0026846129912883043,0.07944189757108688
0.002613937947899103,0.07843384146690369
0.0022907822858542204,0.08008641749620438
0.002295925747603178,0.07940395176410675
0.00224423804320395,0.07764582335948944
0.002220726106315851,0.07938485592603683
0.00209953379817307,0.07920785248279572
0.0020867101848125458,0.07906889170408249
0.002071196911856532,0.07872286438941956
0.0020374583546072245,0.07888837158679962
0.002009384101256728,0.07896894961595535
0.002017269842326641,0.07863501459360123
0.0020169976633042097,0.07934849709272385
0.002014673314988613,0.0792117714881897
0.002022764878347516,0.07899250835180283
0.002017158782109618,0.0792754665017128
0.002023971639573574,0.078584685921669
0.002021169289946556,0.0790332555770874
0.0020435901824384928,0.07940828055143356
0.00206018821336329,0.07940587401390076
0.002066605258733034,0.07880646735429764
0.002047961577773094,0.07895320653915405
0.0020890969317406416,0.07917653769254684
0.0021062896121293306,0.07961477339267731
0.0020841199439018965,0.07920118421316147
0.002129791071638465,0.0793648362159729
0.0022164280526340008,0.07890300452709198
0.00225803442299366,0.07870617508888245
0.002178638242185116,0.07922273129224777
0.002226587850600481,0.07876953482627869
0.0022436201106756926,0.07977873831987381
0.0022858786396682262,0.08033322542905807
0.0024172004777938128,0.07880330085754395
0.0024506382178515196,0.07829262316226959
0.002365651074796915,0.07843111455440521
0.0021968940272927284,0.0790451243519783
0.0021664139349013567,0.07828976213932037
0.0021282127127051353,0.07897667586803436
0.0021317163482308388,0.07877976447343826
0.002235050080344081,0.07887080311775208
0.0022103230003267527,0.07894887030124664
0.002089264802634716,0.0784154161810875
0.0020680264569818974,0.07877757400274277
0.0020540719851851463,0.07931062579154968
0.0020694464910775423,0.07911031693220139
0.002092661103233695,0.07888975739479065
0.0021170172840356827,0.07906335592269897
0.002041520783677697,0.07877111434936523
0.002103298669680953,0.07886745780706406
0.0021267272531986237,0.07910431921482086
0.0021504887845367193,0.07912419736385345
0.002168014645576477,0.07944754511117935
0.002095951000228524,0.07896437495946884
0.002162909135222435,0.07862957566976547
0.002125266706570983,0.07878908514976501
0.0020830919966101646,0.07930979877710342
0.0020342464558780193,0.07864338904619217
0.002013796241953969,0.07899602502584457
0.002033199882134795,0.07888257503509521
0.002017008140683174,0.0791597068309784
0.002031841780990362,0.07948244363069534
0.002150096697732806,0.07929377257823944
0.0020814992021769285,0.07911241054534912
0.0021570532117038965,0.07898151129484177
0.0022157689090818167,0.07945607602596283
0.0021119890734553337,0.07920446991920471
0.0021189271938055754,0.0780261904001236
0.0020951495971530676,0.07952747493982315
0.0021370083559304476,0.07782881706953049
0.0021561088506132364,0.0792514756321907
0.002116441261023283,0.07902272790670395
0.002169794635847211,0.07893349975347519
0.00223988713696599,0.0783761739730835
0.002156701637431979,0.07894812524318695
0.0021171404514461756,0.07822103798389435
0.002099954755976796,0.07853417843580246
0.0021236997563391924,0.0794634073972702
0.0023561648558825254,0.07837145030498505
0.002254417398944497,0.07961281388998032
0.0021231386344879866,0.07926099002361298
0.00207808380946517,0.07915966957807541
0.002062362851575017,0.0788303017616272
0.0020364548545330763,0.07876861095428467
0.002032753312960267,0.07897645235061646
0.0020096185617148876,0.0789371207356453
0.001983791822567582,0.07953239232301712
0.002031132346019149,0.07958701997995377
0.002084780717268586,0.07964635640382767
0.0021202550269663334,0.07925143837928772
0.002091724891215563,0.08040039241313934
0.002096168464049697,0.07848414033651352
0.0020655763801187277,0.07930466532707214
0.0020905439741909504,0.07978756725788116
0.002110252622514963,0.07892704010009766
0.0020305935759097338,0.07940081506967545
0.0019899855833500624,0.0799371749162674
0.001971449237316847,0.07933461666107178
0.001991727389395237,0.07900334149599075
0.001966394018381834,0.07854729145765305
0.001988019561395049,0.07882767170667648
0.0020374557934701443,0.07895059138536453
0.0020422637462615967,0.07930510491132736
0.002099418081343174,0.07859699428081512
0.002142889890819788,0.07928837835788727
0.0021752065513283014,0.07939297705888748
0.0021336062345653772,0.07838447391986847
0.0020938885863870382,0.07892453670501709
0.0020676220301538706,0.07935892790555954
0.002149295760318637,0.079349085688591
0.0022109884303063154,0.0796014815568924
0.0023031311575323343,0.07900260388851166
0.0022140461951494217,0.07884640991687775
0.0021194780711084604,0.0789349228143692
0.002067865338176489,0.07998031377792358
0.002070664893835783,0.07918336987495422
0.0020842752419412136,0.07933519780635834
0.0021550448145717382,0.07886537909507751
0.0021628066897392273,0.07948080450296402
0.0021727806888520718,0.0794820636510849
0.0021521972957998514,0.07876060158014297
0.0020534880459308624,0.07952956110239029
0.002045757370069623,0.07871952652931213
0.00204241881147027,0.07995615154504776
0.0020067808218300343,0.07907143980264664
0.0020250079687684774,0.07952109724283218
0.0021217975299805403,0.0793994665145874
0.0021579088643193245,0.07978052645921707
0.0021534718107432127,0.07938554883003235
0.002111852867528796,0.07889708876609802
0.002046161098405719,0.07871636003255844
0.002013026038184762,0.0787404254078865
0.002024291316047311,0.07951264828443527
0.0019989472348243,0.07864199578762054
0.001999767730012536,0.07940158247947693
0.002022975590080023,0.07907560467720032
0.0020554119255393744,0.07884369790554047
0.0019752951338887215,0.079456627368927
0.0019576060585677624,0.07934597134590149
0.0019617548678070307,0.07913324236869812
0.0019372936803847551,0.07915525883436203
0.0019469853723421693,0.07937223464250565
0.00193265441339463,0.07956914603710175
0.0019620901439338923,0.07943686097860336
0.001990395598113537,0.07903686165809631
0.002020962769165635,0.07997779548168182
0.002017335733398795,0.07893536984920502
0.0020455752965062857,0.07933459430932999
0.0021650001872330904,0.07861050218343735
0.002243918366730213,0.07906632125377655
0.0022103518713265657,0.07992830127477646
0.0021888611372560263,0.07969837635755539
0.0021173672284930944,0.08028154075145721
0.002077401615679264,0.07992346584796906
0.002027454786002636,0.0789598748087883
0.001985116396099329,0.07904400676488876
0.0019772059749811888,0.0793139711022377
0.0019758630078285933,0.07900187373161316
0.0020020343363285065,0.07924376428127289
0.0020510212052613497,0.0792880728840828
0.002056608907878399,0.07932766526937485
0.002038409700617194,0.07933671027421951
0.0020208738278597593,0.07984158396720886
0.001996679464355111,0.07915797084569931
0.00197390909306705,0.0800616592168808
0.0019513273146003485,0.07879489660263062
0.001982219750061631,0.07888500392436981
0.0020389638375490904,0.07983782887458801
0.0020494619384407997,0.07956933975219727
0.0020945172291249037,0.07912713289260864
0.0020837639458477497,0.07902683317661285
0.002087157452479005,0.0786094218492508
0.002138617681339383,0.07848146557807922
0.002144320635125041,0.07885736972093582
0.0020665882620960474,0.0792359933257103
0.0020880596712231636,0.07957351207733154
0.00222404976375401,0.07905881851911545
0.0022669476456940174,0.0801122710108757
0.002093140035867691,0.07957503944635391
0.0020603551529347897,0.07927223294973373
0.0020356092136353254,0.08016639202833176
0.0020670732483267784,0.08004360646009445
0.0021132580004632473,0.08031102269887924
0.002135043265298009,0.07844436913728714
0.002144492231309414,0.07959459722042084
0.002087649889290333,0.07983136922121048
0.00205617886967957,0.07908410578966141
0.0020400015637278557,0.07878611981868744
0.002060114638879895,0.07909931987524033
0.002031393814831972,0.08023682236671448
0.002064234809949994,0.07903750985860825
0.0021492759697139263,0.07953574508428574
0.0020400192588567734,0.07911952584981918
0.0020360827911645174,0.07935957610607147
0.0020811003632843494,0.07826308906078339
0.0020224982872605324,0.07937996834516525
0.001958890352398157,0.08030614256858826
0.001975231571123004,0.07932731509208679
0.0019437840674072504,0.07944125682115555
0.001937319291755557,0.07931409031152725
0.0019479271722957492,0.07942179590463638
0.001898459275253117,0.07929345965385437
0.001937364344485104,0.07979895174503326
0.002001596847549081,0.08022298663854599
0.002012707758694887,0.07943056523799896
0.002022413071244955,0.0793277844786644
0.0020665484480559826,0.07870575040578842
0.0021126405335962772,0.07995990663766861
0.0021290609147399664,0.0799076184630394
0.0021522678434848785,0.07939551770687103
0.0022099975030869246,0.07872974127531052
0.0021561700850725174,0.07931140810251236
0.002101798541843891,0.07930426299571991
0.0020615090616047382,0.08002518117427826
0.00208703288808465,0.07875855267047882
0.0020326469093561172,0.08009186387062073
0.0020415615290403366,0.07944440841674805
0.002073637442663312,0.079903744161129
0.0020586892496794462,0.07927432656288147
0.0019917075987905264,0.07937705516815186
0.0019981749355793,0.07920366525650024
0.0019504466326907277,0.07925325632095337
0.0019222887931391597,0.07959672808647156
0.0019452908309176564,0.0797291174530983
0.001978399232029915,0.07995591312646866
0.002094684401527047,0.07885124534368515
0.0021287978161126375,0.07987621426582336
0.0021339310333132744,0.0800752192735672
0.002084973733872175,0.08046761155128479
0.002166892634704709,0.07935485243797302
0.0021111483220010996,0.07872826606035233
0.0020069675520062447,0.07986453920602798
0.0019570812582969666,0.07955539971590042
0.0019456692971289158,0.07956961542367935
0.0019378496799618006,0.07897195219993591
0.0019212848274037242,0.07965733855962753
0.0019171114545315504,0.07945100218057632
0.001891939784400165,0.07942597568035126
0.0019013294950127602,0.08005572855472565
0.001892728847451508,0.0799255445599556
0.0019097544718533754,0.07981158047914505
0.0019376544514670968,0.07903783768415451
0.001913621206767857,0.07994890213012695
0.0019311622017994523,0.07904571294784546
0.001972784521058202,0.07984713464975357
0.002061561681330204,0.07916750758886337
0.002036432968452573,0.07974912226200104
0.0021350563038140535,0.07929589599370956
0.0022203766275197268,0.07971544563770294
0.002194328000769019,0.07968312501907349
0.002102755941450596,0.07978896051645279
0.002000486943870783,0.07938467711210251
0.0020106311421841383,0.08011304587125778
0.0020860813092440367,0.07970228046178818
0.002109588123857975,0.07899731397628784
0.001995440572500229,0.07971446216106415
0.001929336111061275,0.07927156239748001
0.0019279869738966227,0.0791533812880516
0.001897357520647347,0.0791379064321518
0.0018788303714245558,0.0792308896780014
0.0019161717500537634,0.07947177439928055
0.001915312954224646,0.07957503944635391
0.001927653793245554,0.07921996712684631
0.0019078771583735943,0.07903475314378738
0.0019119966309517622,0.07982642948627472
0.001912028412334621,0.07926623523235321
0.0019271146738901734,0.08014430105686188
0.0019029785180464387,0.07966407388448715
0.0019092187285423279,0.0790918841958046
0.0018936432898044586,0.07922650873661041
0.0019404151244089007,0.07962791621685028
0.0019316533580422401,0.07995636016130447
0.0019285668386146426,0.07959970831871033
0.002009367337450385,0.08024691045284271
0.0020401470828801394,0.07953861355781555
0.002042348962277174,0.07845799624919891
0.0020028818398714066,0.07927362620830536
0.0019813813269138336,0.08082138746976852
0.0020364834927022457,0.0793224573135376
0.0020184963941574097,0.07993538677692413
0.002016340848058462,0.07924444228410721
0.0019905974622815847,0.07924534380435944
0.00196143239736557,0.0803055688738823
0.0019028234528377652,0.08010563254356384
0.0019093288574367762,0.07982799410820007
0.0019566041883081198,0.07998999208211899
0.0020345167722553015,0.07952248305082321
0.0020202535670250654,0.08026222884654999
0.002047116868197918,0.07966640591621399
0.0020667079370468855,0.07972817867994308
0.0019763235468417406,0.08000242710113525
0.002035787096247077,0.07991894334554672
0.0021693662274628878,0.08023718744516373
0.0022588171996176243,0.07988961040973663
0.0020894480403512716,0.07958260923624039
0.0020538277458399534,0.07905028760433197
0.0019442462362349033,0.0802091732621193
0.001931175123900175,0.07942011952400208
0.001896135974675417,0.07915068417787552
0.0018907488556578755,0.07963693141937256
0.0018978520529344678,0.0800781399011612
0.0019179428927600384,0.07958919554948807
0.00199252855964005,0.07971106469631195
0.002004074165597558,0.07932545244693756
0.002059843158349395,0.08013962209224701
0.002064224099740386,0.07951365411281586
0.0020902801770716906,0.0794823169708252
0.0019796504639089108,0.07976355403661728
0.0019079620251432061,0.07979877293109894
0.001874821842648089,0.07984885573387146
0.0018646245589479804,0.07974188774824142
0.0018664775416254997,0.0800023078918457
0.0019206431461498141,0.07953621447086334
0.0019622957333922386,0.07900193333625793
0.001979720313102007,0.07998447120189667
0.0019756092224270105,0.0799732580780983
0.001965263159945607,0.08011753112077713
0.001981495413929224,0.07972569763660431
0.0019283561268821359,0.0799209401011467
0.0019333817763254046,0.07933560013771057
0.0020263134501874447,0.0797092542052269
0.0019738618284463882,0.07928156107664108
0.0019761889707297087,0.079902783036232
0.0020110229961574078,0.0806305855512619
0.001955845160409808,0.07932286709547043
0.0019347263732925057,0.0805073231458664
0.001974457176402211,0.07980720698833466
0.002016668673604727,0.0803380236029625
0.0019502149662002921,0.07997338473796844
0.002000010572373867,0.07977446168661118
0.0019606349524110556,0.07966261357069016
0.0021097753196954727,0.07928621023893356
0.0021472403313964605,0.08021033555269241
0.002214163076132536,0.07971864193677902
0.002220106078311801,0.07885033637285233
0.0021406167652457952,0.0802619680762291
0.0021243568044155836,0.0799754410982132
0.0021128340158611536,0.07998179644346237
0.0020712793339043856,0.07992375642061234
0.002019670093432069,0.08055824786424637
0.0021453993394970894,0.07908285409212112
0.002116830088198185,0.07883412390947342
0.0021605296060442924,0.08038440346717834
0.0020919928792864084,0.07996093481779099
0.001967300660908222,0.07926656305789948
0.0019246017327532172,0.07986186444759369
0.001904765609651804,0.07928097993135452
0.0018865400925278664,0.07918818295001984
0.0018694530008360744,0.07973946630954742
0.0018545947968959808,0.0793796107172966
0.0018428595503792167,0.07923455536365509
0.0018307127756997943,0.07927227020263672
0.0018324411939829588,0.07986149191856384
0.0018401299603283405,0.07990232110023499
0.0018567933002486825,0.07987385243177414
0.001841845572926104,0.08007265627384186
0.0018369680037721992,0.07939266413450241
0.0018368939636275172,0.07978317141532898
0.001843634177930653,0.07973610609769821
0.0018637727480381727,0.07965407520532608
0.0018415282247588038,0.08028580248355865
0.0018368816236034036,0.07974966615438461
0.0018776744836941361,0.07990164309740067
0.0019411479588598013,0.07959569245576859
0.001959198620170355,0.07962120324373245
0.0019346214830875397,0.08034304529428482
0.001968085765838623,0.07940845191478729
0.0019277420360594988,0.07984013855457306
0.0020089333411306143,0.08031244575977325
0.00195289496332407,0.07984000444412231
0.0018886345205828547,0.08028259128332138
0.0018721563974395394,0.07974647730588913
0.0018717673374339938,0.07981457561254501
0.001886075595393777,0.07940658926963806
0.0019614663906395435,0.07975871860980988
0.002024231944233179,0.07986161857843399
0.00203319126740098,0.08030269294977188
0.002044208347797394,0.08019525557756424
0.0021171250846236944,0.08002573251724243
0.001976358238607645,0.0796024426817894
0.001993766985833645,0.08028256893157959
0.0019607061985880136,0.08001761138439178
0.0019130957080051303,0.08012241870164871
0.0019091875292360783,0.0797981470823288
0.0018708988791331649,0.07935851067304611
0.0019043703796342015,0.08011274039745331
0.0018564341589808464,0.07974466681480408
0.0018568639643490314,0.07976605743169785
0.001830858876928687,0.07942945510149002
0.0018201734637841582,0.0802532434463501
0.0018326907884329557,0.07983958721160889
0.0018307329155504704,0.07946619391441345
0.0018518700962886214,0.0796825960278511
0.001860181801021099,0.0800485759973526
0.0018510498339310288,0.080100417137146
0.0018844035221263766,0.08031652867794037
0.0019265670562162995,0.08022008836269379
0.0018831230700016022,0.07955256849527359
0.0018705707043409348,0.0803450495004654
0.001893630251288414,0.07942065596580505
0.001907073543407023,0.07963672280311584
0.0018767034634947777,0.07960648089647293
0.0018972910474985838,0.08015534281730652
0.001920311595313251,0.08005194365978241
0.0019094874151051044,0.0799025148153305
0.0019866989459842443,0.07993120700120926
0.0020262061152607203,0.0802566260099411
0.002110135043039918,0.07940449565649033
0.002204989083111286,0.07954676449298859
0.002154999179765582,0.08035237342119217
0.002161548472940922,0.0795392319560051
0.0020420493092387915,0.0795264020562172
0.0020563609432429075,0.07927495241165161
0.0020226517226547003,0.0792311578989029
0.001950860838405788,0.07983563095331192
0.0019096393371000886,0.07995222508907318
0.0019567464478313923,0.07943865656852722
0.0018891635118052363,0.07988229393959045
0.0018540252931416035,0.08005023747682571
0.0018312815809622407,0.079913429915905
0.0018440653802827,0.07989033311605453
0.0019019118044525385,0.08003699034452438
0.0019161615055054426,0.08029800653457642
0.0018997127190232277,0.07942786067724228
0.0018662594957277179,0.07967443019151688
0.0018605972873046994,0.08028894662857056
0.0018661627545952797,0.07979882508516312
0.0018711687298491597,0.07951077073812485
0.0019173220498487353,0.07915341854095459
0.0019294206285849214,0.07994282990694046
0.0019179072696715593,0.08030513674020767
0.0018851737258955836,0.07999395579099655
0.0018430878408253193,0.07948929816484451
0.0018127133371308446,0.08028776943683624
0.0018137868028134108,0.07918544858694077
0.001818627119064331,0.07979834079742432
0.0018341816030442715,0.0800868570804596
0.0018807933665812016,0.08055099844932556
0.0019890356343239546,0.08032411336898804
0.001988965319469571,0.07999659329652786
0.00197337893769145,0.08044680207967758
0.002020931802690029,0.08005118370056152
0.001979513792321086,0.0795120894908905
0.0019616540521383286,0.08093014359474182
0.0019875511061400175,0.07976388931274414
0.0019518642220646143,0.08012522011995316
0.0018810636829584837,0.07975074648857117
0.0018668067641556263,0.07995712012052536
0.0018182386411353946,0.08022674918174744
0.0018276794580742717,0.07965059578418732
0.0018895519897341728,0.07985637336969376
0.0018814257346093655,0.0804256796836853
0.0018674946622923017,0.08038291335105896
0.0018278531497344375,0.07973307371139526
0.0018514725379645824,0.07976700365543365
0.001880223280750215,0.07976722717285156
0.0018780952086672187,0.08058351278305054
0.0018745879642665386,0.0802343562245369
0.001849030377343297,0.08051371574401855
0.0018464020686224103,0.0804826021194458
0.001880589872598648,0.08038557320833206
0.0018577356822788715,0.080112986266613
0.0019054162548854947,0.07977335155010223
0.001973108621314168,0.07948216050863266
0.0019814427942037582,0.08012083917856216
0.0020151345524936914,0.08004731684923172
0.0019491399871185422,0.08017490059137344
0.001909797079861164,0.07938132435083389
0.0018905791221186519,0.08048196882009506
0.0018683085218071938,0.08011013269424438
0.0018479515565559268,0.07996023446321487
0.0018661137437447906,0.08013590425252914
0.0018830414628610015,0.08015495538711548
0.0018854979425668716,0.0794522687792778
0.001865960075519979,0.08052708208560944
0.0018326661083847284,0.08069977164268494
0.0018217908218502998,0.08001074194908142
0.0018247077241539955,0.08019420504570007
0.0018149022944271564,0.0802915170788765
0.0017908646259456873,0.08024372905492783
0.0017950809560716152,0.07981365919113159
0.0018258476629853249,0.080632284283638
0.0018602878553792834,0.08053484559059143
0.0018597954185679555,0.08003956824541092
0.00190316594671458,0.08089818805456161
0.001900526462122798,0.08069228380918503
0.001898322720080614,0.08021900802850723
0.0019243621500208974,0.08042265474796295
0.0018622858915477991,0.08008922636508942
0.0018977047875523567,0.08041133731603622
0.0018969743978232145,0.08032208681106567
0.0018523947801440954,0.08087384700775146
0.0018450694624334574,0.08056776225566864
0.0018390781478956342,0.08018600940704346
0.001969830598682165,0.08128979802131653
0.00214543123729527,0.08043849468231201
0.0020869672298431396,0.08050626516342163
0.002008649753406644,0.08001191914081573
0.0019955134484916925,0.08037196844816208
0.0020035444758832455,0.08023586869239807
0.0019605811685323715,0.0799291655421257
0.0018869813065975904,0.07999841123819351
0.0018618351314216852,0.08010784536600113
0.0018694812897592783,0.08076003938913345
0.0018466896144673228,0.07992307841777802
0.00182852684520185,0.08042963594198227
0.0018363295821473002,0.07988498359918594
0.0018279891228303313,0.08009497821331024
0.0018284287070855498,0.08011681586503983
0.0018009886844083667,0.08013894408941269
0.0017880843952298164,0.08038126677274704
0.0017825118266046047,0.08043240010738373
0.0017689295345917344,0.0802605152130127
0.0017748709069564939,0.08035074174404144
0.001784797292202711,0.0802716389298439
0.0017778309993445873,0.0808669701218605
0.0017845801776275039,0.08081432431936264
0.0018140688771381974,0.08064419031143188
0.0018844576552510262,0.08069709688425064
0.0018388947937637568,0.08017778396606445
0.0018548317020758986,0.08019290119409561
0.0018495249096304178,0.08041457831859589
0.0018406284507364035,0.08042341470718384
0.0018511895323172212,0.08030392229557037
0.0018549002707004547,0.08056312799453735
0.0018993820995092392,0.07978106290102005
0.001902374322526157,0.08059797435998917
0.0018938680877909064,0.0804818794131279
0.0019307498587295413,0.08040345460176468
0.0019593341276049614,0.08011958003044128
0.001931046019308269,0.07966990768909454
0.0020397130865603685,0.07984735071659088
0.002078428864479065,0.0801112949848175
0.0019883124623447657,0.08075232058763504
0.0018792446935549378,0.079310841858387
0.00184823595918715,0.08086634427309036
0.0018663376104086637,0.0799427330493927
0.0018951051170006394,0.08051086217164993
0.0018558785086497664,0.079478420317173
0.0018359733512625098,0.08056031912565231
0.0018056434346362948,0.08078338950872421
0.0017985368613153696,0.07997487485408783
0.0018102364847436547,0.0798051729798317
0.0017942535923793912,0.08043760806322098
0.001786472974345088,0.08055005967617035
0.0017784268129616976,0.08024237304925919
0.0017824153183028102,0.08012168854475021
0.0017724144272506237,0.08065980672836304
0.0017626916524022818,0.08073019236326218
0.001769279595464468,0.08027473837137222
0.0017795375315472484,0.08005399256944656
0.0017895515775308013,0.08044157922267914
0.0018039605347439647,0.08056072145700455
0.001794703770428896,0.08031152188777924
0.0018116227583959699,0.08050508052110672
0.001847693813033402,0.08095646649599075
0.0018653199076652527,0.08074768632650375
0.0019159557996317744,0.07994333654642105
0.0019052185816690326,0.08007511496543884
0.0019088473636657,0.08069237321615219
0.0018481537699699402,0.08049023896455765
0.001837384537793696,0.08046164363622665
0.001829683082178235,0.08026974648237228
0.0018191564595326781,0.08030693233013153
0.0018173902062699199,0.0805463194847107
0.001806199667043984,0.08071935176849365
0.001796687371097505,0.0799088105559349
0.001778114470653236,0.08036190271377563
0.0017721249023452401,0.0805337131023407
0.001752133364789188,0.08060816675424576
0.001756075769662857,0.08090542256832123
0.0017627542838454247,0.0807485431432724
0.0018056605476886034,0.08141139894723892
0.0017884293338283896,0.08073975145816803
0.001810709130950272,0.08065420389175415
0.0018411055207252502,0.080983966588974
0.0018727974966168404,0.0807168036699295
0.0018386549782007933,0.080352284014225
0.0017976373201236129,0.08044619113206863
0.0017863607499748468,0.08026457577943802
0.0017884683329612017,0.08051896840333939
0.0017814193852245808,0.08116064220666885
0.0017649882938712835,0.08093525469303131
0.0017625471809878945,0.08071402460336685
0.00174667127430439,0.08032447099685669
0.0017639141296967864,0.08044169843196869
0.0017879769438877702,0.08064163476228714
0.0018490242073312402,0.08094346523284912
0.001825370010919869,0.0812407061457634
0.0018486699555069208,0.08073576539754868
0.0019237683154642582,0.08045417070388794
0.0019745666068047285,0.08119770139455795
0.0019344798056408763,0.08119238913059235
0.0019057546742260456,0.08006738871335983
0.0018725586123764515,0.08172914385795593
0.0018213909352198243,0.08056239038705826
0.0018181641353294253,0.08039546012878418
0.0017658418510109186,0.08078213781118393
0.0017689645756036043,0.08047628402709961
0.0017848968273028731,0.08056684583425522
0.0018306005513295531,0.08118392527103424
0.0018152008997276425,0.08095008134841919
0.0018419978441670537,0.08060610294342041
0.0018010149942710996,0.08093984425067902
0.0018353211926296353,0.08076942712068558
0.001842548488639295,0.08071991056203842
0.0018243963131681085,0.08072759211063385
0.0018271510489284992,0.08084078878164291
0.001867986866272986,0.08136940747499466
0.0018802632112056017,0.08068592846393585
0.0018496511038392782,0.08029082417488098
0.0018599139293655753,0.08059307187795639
0.0018620869377627969,0.08105216175317764
0.0018121734028682113,0.08051036298274994
0.001766845816746354,0.08077237755060196
0.001795757794752717,0.0807020291686058
0.0017846912378445268,0.0810975432395935
0.00182069162838161,0.0809713825583458
0.0018203180516138673,0.0808451697230339
0.0018168090609833598,0.08028144389390945
0.001810335204936564,0.08052882552146912
0.0017978016985580325,0.08097374439239502
0.0018485814798623323,0.08079412579536438
0.0018040864961221814,0.08123529702425003
0.0018151765689253807,0.08110044151544571
0.0018671021098271012,0.08081845194101334
0.0020191676449030638,0.08091598004102707
0.002083421917632222,0.08021631836891174
0.0021175662986934185,0.08140541613101959
0.002202710835263133,0.0815114751458168
0.0020207262132316828,0.08059078454971313
0.001978115411475301,0.08136414736509323
0.0019024425419047475,0.08065187931060791
0.0018484691390767694,0.08086982369422913
0.0018543978221714497,0.08029288798570633
0.0018028812482953072,0.08068757504224777
0.0018079193541780114,0.08069160580635071
0.0017720373580232263,0.08083663135766983
0.001784073538146913,0.08057604730129242
0.0017994658555835485,0.07998514920473099
0.0017508037853986025,0.08080849051475525
0.0017488538287580013,0.08072865009307861
0.0017566423630341887,0.08149826526641846
0.001750883529894054,0.08063396066427231
0.001754764118231833,0.08103098720312119
0.0017525972798466682,0.08084922283887863
0.0017627469496801496,0.08068516105413437
0.0017563573783263564,0.08084672689437866
0.0017820787616074085,0.08086051791906357
0.0017548755276948214,0.08120080828666687
0.001761432271450758,0.08115284144878387
0.0017482233233749866,0.08051931113004684
0.0017449897713959217,0.08100409060716629
0.001778443343937397,0.08058490604162216
0.0018223585793748498,0.08049187064170837
0.0018403285648673773,0.08065453916788101
0.0018319484079256654,0.08080696314573288
0.0018342997645959258,0.08061469346284866
0.0018337059300392866,0.08141308277845383
0.0018117157742381096,0.08029060065746307
0.0018083195900544524,0.08178072422742844
0.00178291997872293,0.08080407232046127
0.0018870814237743616,0.08114296197891235
0.0018634963780641556,0.08129928261041641
0.0018266799161210656,0.08057081699371338
0.0017822053050622344,0.08067406713962555
0.0017716253641992807,0.08078252524137497
0.001756426296196878,0.08041193336248398
0.0017372944857925177,0.08123142272233963
0.0017257884610444307,0.08030255138874054
0.001715294667519629,0.08122842758893967
0.0017081954283639789,0.08095244318246841
0.0017143151490017772,0.08116866648197174
0.0017434561159461737,0.0809602364897728
0.0017401274526491761,0.08046390116214752
0.001741181593388319,0.08146399259567261
0.0017603619489818811,0.08050426840782166
0.0017479602247476578,0.08104737848043442
0.0017592399381101131,0.08105771243572235
0.0017492679180577397,0.08077611029148102
0.0017309957183897495,0.08072350919246674
0.0017356205498799682,0.08131590485572815
0.0017451446037739515,0.08071465790271759
0.001806891174055636,0.08129056543111801
0.0018256695475429296,0.08101456612348557
0.0018495309632271528,0.08074634522199631
0.0018708484712988138,0.0803581178188324
0.001832687994465232,0.08145935088396072
0.0017808638513088226,0.08056579530239105
0.001772221177816391,0.08114990592002869
0.0017768566031008959,0.08096514642238617
0.0017642101738601923,0.08109375089406967
0.001784255844540894,0.08136069029569626
0.001825836137868464,0.08145950734615326
0.0018480020808055997,0.0802161693572998
0.0018856035312637687,0.08106923848390579
0.0018273518653586507,0.08097846060991287
0.001806836691685021,0.08151786029338837
0.0018154026474803686,0.08116553723812103
0.0018278979696333408,0.08102012425661087
0.0017513170605525374,0.08113948255777359
0.001779023907147348,0.0813218429684639
0.0017854932229965925,0.08093065768480301
0.0017455903580412269,0.08089140802621841
0.0017769880359992385,0.0810011699795723
0.0017661128658801317,0.08047014474868774
0.001764184795320034,0.08118988573551178
0.001740475301630795,0.08095087110996246
0.0017753646243363619,0.08113759756088257
0.0017655515111982822,0.08059657365083694
0.001771603710949421,0.08111792057752609
0.0017481251852586865,0.08108512312173843
0.0017054843483492732,0.08125085383653641
0.0017268317751586437,0.08087661862373352
0.0017407649429515004,0.08105713874101639
0.0017346026143059134,0.08075140416622162
0.0017488050507381558,0.08104639500379562
0.0017264229245483875,0.08133867383003235
0.0017429620493203402,0.08088003098964691
0.0017376511823385954,0.08093943446874619
0.0017423585522919893,0.08143659681081772
0.001783185638487339,0.08072669059038162
0.0017777589382603765,0.08120660483837128
0.0017897241050377488,0.08137793093919754
0.0018564355559647083,0.08148887008428574
0.0018861035350710154,0.0800805538892746
0.0019235869403928518,0.08202604949474335
0.0019910570699721575,0.08134924620389938
0.001878291368484497,0.08071021735668182
0.001788682071492076,0.08136766403913498
0.0018052092054858804,0.08063241094350815
0.0019268147880211473,0.08035596460103989
0.0018808539025485516,0.0811096578836441
0.0017786611570045352,0.08124281466007233
0.001761691179126501,0.08162564784288406
0.0017646189080551267,0.08082754164934158
0.001821243902668357,0.08099877834320068
0.0018641252536326647,0.08169853687286377
0.0018589397659525275,0.08126804977655411
0.0018067031633108854,0.0803719013929367
0.0018442131113260984,0.08169296383857727
0.0019595252815634012,0.08123060315847397
0.001850321190431714,0.08167031407356262
0.001826798776164651,0.0811435803771019
0.001805298961699009,0.08092189580202103
0.0017956964438781142,0.08116483688354492
0.0017879751976579428,0.08068162947893143
0.0017975324299186468,0.08065871149301529
0.001789364847354591,0.08102301508188248
0.0018135912250727415,0.08050420880317688
0.0018144971691071987,0.08216914534568787
0.0018932749517261982,0.08010658621788025
0.0018523003673180938,0.08137913048267365
0.0018183741485700011,0.08037883043289185
0.0017640601145103574,0.08138236403465271
0.0017465691780671477,0.08064477145671844
0.0017160131828859448,0.08106604963541031
0.001686410279944539,0.08093085885047913
0.001693332684226334,0.0809980109333992
0.0016743012238293886,0.08114043623209
0.0016853753477334976,0.08136563003063202
0.0016850075917318463,0.08107856661081314
0.0016823401674628258,0.0812300518155098
0.0016681354027241468,0.0817292258143425
0.0016708472976461053,0.08103220164775848
0.0016732114600017667,0.08150388300418854
0.0016887171659618616,0.081187404692173
0.0016799010336399078,0.08176431804895401
0.0016706172609701753,0.08103498071432114
0.0016807150095701218,0.08112766593694687
0.0016643123235553503,0.08131083101034164
0.00165596604347229,0.08120249211788177
0.0016648947494104505,0.0814814567565918
0.001687710639089346,0.08159393817186356
0.001676512649282813,0.08159945905208588
0.0016657724045217037,0.08112404495477676
0.001673807855695486,0.08113084733486176
0.001721315667964518,0.08187875151634216
0.0018327065045014024,0.08120875805616379
0.0018683612579479814,0.08107967674732208
0.0018924514297395945,0.08121639490127563
0.001833839458413422,0.08092119544744492
0.001782233826816082,0.0817982405424118
0.0017701741307973862,0.08157765865325928
0.0017499095993116498,0.08092309534549713
0.001729005598463118,0.08117557317018509
0.0017253827536478639,0.08102995157241821
0.0017121915007010102,0.08114013075828552
0.0017503784038126469,0.08140706270933151
0.0017806098330765963,0.08145351707935333
0.0017736564623191953,0.08132468163967133
0.0017382206860929728,0.0812077671289444
0.0017768024699762464,0.08164011687040329
0.0018201371422037482,0.08153683692216873
0.0017707275692373514,0.08118142932653427
0.0018220869824290276,0.08201467990875244
0.0018587345257401466,0.08110648393630981
0.0019318052800372243,0.08085831999778748
0.0018067362252622843,0.08116189390420914
0.0017816009931266308,0.08170869201421738
0.0017788790864869952,0.08128342777490616
0.0017531628254801035,0.0815335139632225
0.001738825929351151,0.08160467445850372
0.001710207317955792,0.08145655691623688
0.0017170676728710532,0.08122742921113968
0.0017269359668716788,0.08047937601804733
0.0017104499274864793,0.08185785263776779
0.0017062632832676172,0.0818990096449852
0.001751617295667529,0.08150367438793182
0.001760454149916768,0.08165504783391953
0.001751246745698154,0.08138464391231537
0.0017044657142832875,0.0813189223408699
0.0016808543587103486,0.08126592636108398
0.0016717787366360426,0.08104554563760757
0.001679345266893506,0.08179714530706406
0.0016741219442337751,0.08161328732967377
0.0016847657971084118,0.08117326349020004
0.0016964749665930867,0.08112204074859619
0.0016898803878575563,0.08105742186307907
0.0016886413795873523,0.08175139129161835
0.0016937615582719445,0.08182282000780106
0.0016875682631507516,0.08138599991798401
0.0017171652289107442,0.08147217333316803
0.001726861810311675,0.08192775398492813
0.0017357529141008854,0.08140388131141663
0.0017269087256863713,0.08173791319131851
0.0016834206180647016,0.08192117512226105
0.0016680294647812843,0.08162755519151688
0.0016574924811720848,0.08080033957958221
0.0016955035971477628,0.08129143714904785
0.001719430205412209,0.0818307101726532
0.0017204195028170943,0.08156053721904755
0.0017152664950117469,0.08174289017915726
0.0017312641721218824,0.08118914067745209
0.001723709050565958,0.08132467418909073
0.001743523171171546,0.08158595860004425
0.0017447187565267086,0.08198636770248413
0.0017594865057617426,0.08180168271064758
0.0017247769283130765,0.08134022355079651
0.001737871440127492,0.08182252198457718
0.0018036107067018747,0.08164702355861664
0.0017846697010099888,0.08183232694864273
0.0017827617703005672,0.08135317265987396
0.0018273699097335339,0.08224653452634811
0.0018286167178303003,0.08219277858734131
0.001775545533746481,0.0811517983675003
0.0018062067683786154,0.0810411348938942
0.0017655773553997278,0.0814751535654068
0.00173829251434654,0.08089271187782288
0.0017713216366246343,0.0814284160733223
0.0017925292486324906,0.081577368080616
0.0017750150291249156,0.08066282421350479
0.0017593855736777186,0.0816550925374031
0.001763388398103416,0.08158764988183975
0.0017593493685126305,0.08157213032245636
0.0017555892700329423,0.08113962411880493
0.0017323154024779797,0.08157739788293839
0.0016977296909317374,0.08178605139255524
0.0017241325695067644,0.08180691301822662
0.0017090432811528444,0.08189261704683304
0.001700792578049004,0.08189885318279266
0.0017390119610354304,0.081586554646492
0.00172057852614671,0.08176413923501968
0.0016957796178758144,0.08132940530776978
0.001711216289550066,0.08163291960954666
0.0017430748557671905,0.08150793612003326
0.0017635878175497055,0.08117366582155228
0.0017582090804353356,0.08217475563287735
0.0017328264657408,0.08146972209215164
0.0017488516168668866,0.08242438733577728
0.0017379388445988297,0.0814027413725853
0.001690900418907404,0.08123250305652618
